inline_header,surface_id,point_order,processed_profile_index,crossline_header,processed_sample_index,sample_coordinate
400,line_0_c4,0,357,1314,425.264366,3402.11493
400,line_0_c4,1,358,1316,425.273323,3402.18658
400,line_0_c4,2,359,1318,425.284921,3402.27936
400,line_0_c4,3,360,1320,425.304079,3402.43263
400,line_0_c4,4,361,1322,425.310949,3402.4876
400,line_0_c4,5,362,1324,425.324896,3402.59917
400,line_0_c4,6,363,1326,425.337646,3402.70117
400,line_0_c4,7,364,1328,425.355271,3402.84217
400,line_0_c4,8,365,1330,425.359835,3402.87868
400,line_0_c4,9,366,1332,425.384695,3403.07756
400,line_0_c4,10,367,1334,425.36772,3402.94176
400,line_0_c4,11,368,1336,425.346974,3402.77579
400,line_0_c4,12,369,1338,425.382128,3403.05702
400,line_0_c4,13,370,1340,425.437866,3403.50293
400,line_0_c4,14,371,1342,425.498819,3403.99056
400,line_0_c4,15,372,1344,425.565029,3404.52023
400,line_0_c4,16,373,1346,425.636539,3405.09231
400,line_0_c4,17,374,1348,425.713398,3405.70718
400,line_0_c4,18,375,1350,425.795655,3406.36524
400,line_0_c4,19,376,1352,425.883366,3407.06693
400,line_0_c4,20,377,1354,425.976586,3407.81269
400,line_0_c4,21,378,1356,426.075375,3408.603
400,line_0_c4,22,379,1358,426.179796,3409.43837
400,line_0_c4,23,380,1360,426.289912,3410.31929
400,line_0_c4,24,381,1362,426.40579,3411.24632
400,line_0_c4,25,382,1364,426.5275,3412.22
400,line_0_c4,26,383,1366,426.655113,3413.2409
400,line_0_c4,27,384,1368,426.788704,3414.30963
400,line_0_c4,28,385,1370,426.928347,3415.42677
400,line_0_c4,29,386,1372,427.074121,3416.59297
400,line_0_c4,30,387,1374,427.226104,3417.80883
400,line_0_c4,31,388,1376,427.38438,3419.07504
400,line_0_c4,32,389,1378,427.54903,3420.39224
400,line_0_c4,33,390,1380,427.720139,3421.76111
400,line_0_c4,34,391,1382,427.897794,3423.18235
400,line_0_c4,35,392,1384,428.082081,3424.65665
400,line_0_c4,36,393,1386,428.273089,3426.18471
400,line_0_c4,37,394,1388,428.470908,3427.76727
400,line_0_c4,38,395,1390,428.675629,3429.40503
400,line_0_c4,39,396,1392,428.887342,3431.09874
400,line_0_c4,40,397,1394,429.10614,3432.84912
400,line_0_c4,41,398,1396,429.332116,3434.65693
400,line_0_c4,42,399,1398,429.565363,3436.5229
400,line_0_c4,43,400,1400,429.805974,3438.44779
400,line_0_c4,44,401,1402,430.054045,3440.43236
400,line_0_c4,45,402,1404,430.309668,3442.47735
400,line_0_c4,46,403,1406,430.57294,3444.58352
400,line_0_c4,47,404,1408,430.843954,3446.75163
400,line_0_c4,48,405,1410,431.122804,3448.98243
400,line_0_c4,49,406,1412,431.409584,3451.27667
400,line_0_c4,50,407,1414,431.704387,3453.6351
400,line_0_c4,51,408,1416,432.007306,3456.05845
400,line_0_c4,52,409,1418,432.318433,3458.54747
400,line_0_c4,53,410,1420,432.63786,3461.10288
400,line_0_c4,54,411,1422,432.965675,3463.7254
400,line_0_c4,55,412,1424,433.30197,3466.41576
400,line_0_c4,56,413,1426,433.646831,3469.17465
400,line_0_c4,57,414,1428,434.000345,3472.00276
400,line_0_c4,58,415,1430,434.362598,3474.90078
400,line_0_c4,59,416,1432,434.733673,3477.86938
400,line_0_c4,60,417,1434,435.113652,3480.90921
400,line_0_c4,61,418,1436,435.502614,3484.02091
400,line_0_c4,62,419,1438,435.900639,3487.20511
400,line_0_c4,63,420,1440,436.307801,3490.46241
400,line_0_c4,64,421,1442,436.724175,3493.7934
400,line_0_c4,65,422,1444,437.149831,3497.19865
400,line_0_c4,66,423,1446,437.584839,3500.67871
400,line_0_c4,67,424,1448,438.029264,3504.23411
400,line_0_c4,68,425,1450,438.483172,3507.86537
400,line_0_c4,69,426,1452,438.946621,3511.57297
400,line_0_c4,70,427,1454,439.419671,3515.35737
400,line_0_c4,71,428,1456,439.902376,3519.21901
400,line_0_c4,72,429,1458,440.394788,3523.15831
400,line_0_c4,73,430,1460,440.896956,3527.17565
400,line_0_c4,74,431,1462,441.408925,3531.2714
400,line_0_c4,75,432,1464,441.930736,3535.44589
400,line_0_c4,76,433,1466,442.462429,3539.69943
400,line_0_c4,77,434,1468,443.004036,3544.03229
400,line_0_c4,78,435,1470,443.555591,3548.44473
400,line_0_c4,79,436,1472,444.11712,3552.93696
400,line_0_c4,80,437,1474,444.688645,3557.50916
400,line_0_c4,81,438,1476,445.270188,3562.1615
400,line_0_c4,82,439,1478,445.861763,3566.8941
400,line_0_c4,83,440,1480,446.46338,3571.70704
400,line_0_c4,84,441,1482,447.075047,3576.60038
400,line_0_c4,85,442,1484,447.696766,3581.57413
400,line_0_c4,86,443,1486,448.328535,3586.62828
400,line_0_c4,87,444,1488,448.970348,3591.76278
400,line_0_c4,88,445,1490,449.622192,3596.97754
400,line_0_c4,89,446,1492,450.284052,3602.27242
400,line_0_c4,90,447,1494,450.955908,3607.64726
400,line_0_c4,91,448,1496,451.637733,3613.10186
400,line_0_c4,92,449,1498,452.329497,3618.63598
400,line_0_c4,93,450,1500,453.031166,3624.24933
400,line_0_c4,94,451,1502,453.742698,3629.94158
400,line_0_c4,95,452,1504,454.464049,3635.71239
400,line_0_c4,96,453,1506,455.195167,3641.56133
400,line_0_c4,97,454,1508,455.935998,3647.48798
400,line_0_c4,98,455,1510,456.68648,3653.49184
400,line_0_c4,99,456,1512,457.446548,3659.57238
400,line_0_c4,100,457,1514,458.21613,3665.72904
400,line_0_c4,101,458,1516,458.995152,3671.96121
400,line_0_c4,102,459,1518,459.78353,3678.26824
400,line_0_c4,103,460,1520,460.581179,3684.64943
400,line_0_c4,104,461,1522,461.388007,3691.10406
400,line_0_c4,105,462,1524,462.203916,3697.63133
400,line_0_c4,106,463,1526,463.028805,3704.23044
400,line_0_c4,107,464,1528,463.862565,3710.90052
400,line_0_c4,108,465,1530,464.705084,3717.64067
400,line_0_c4,109,466,1532,465.556244,3724.44995
400,line_0_c4,110,467,1534,466.415922,3731.32737
400,line_0_c4,111,468,1536,467.283989,3738.27191
400,line_0_c4,112,469,1538,468.160312,3745.2825
400,line_0_c4,113,470,1540,469.044753,3752.35802
400,line_0_c4,114,471,1542,469.937168,3759.49734
400,line_0_c4,115,472,1544,470.837409,3766.69927
400,line_0_c4,116,473,1546,471.745323,3773.96259
400,line_0_c4,117,474,1548,472.660753,3781.28602
400,line_0_c4,118,475,1550,473.583535,3788.66828
400,line_0_c4,119,476,1552,474.513504,3796.10803
400,line_0_c4,120,477,1554,475.450486,3803.60389
400,line_0_c4,121,478,1556,476.394307,3811.15446
400,line_0_c4,122,479,1558,477.344786,3818.75829
400,line_0_c4,123,480,1560,478.301739,3826.41391
400,line_0_c4,124,481,1562,479.264976,3834.11981
400,line_0_c4,125,482,1564,480.234307,3841.87446
400,line_0_c4,126,483,1566,481.209534,3849.67627
400,line_0_c4,127,484,1568,482.190458,3857.52366
400,line_0_c4,128,485,1570,483.176874,3865.415
400,line_0_c4,129,486,1572,484.168577,3873.34861
400,line_0_c4,130,487,1574,485.165354,3881.32283
400,line_0_c4,131,488,1576,486.166993,3889.33594
400,line_0_c4,132,489,1578,487.173276,3897.38621
400,line_0_c4,133,490,1580,488.183984,3905.47188
400,line_0_c4,134,491,1582,489.198895,3913.59116
400,line_0_c4,135,492,1584,490.217783,3921.74227
400,line_0_c4,136,493,1586,491.240421,3929.92337
400,line_0_c4,137,494,1588,492.26658,3938.13264
400,line_0_c4,138,495,1590,493.296027,3946.36822
400,line_0_c4,139,496,1592,494.328529,3954.62823
400,line_0_c4,140,497,1594,495.36385,3962.9108
400,line_0_c4,141,498,1596,496.401754,3971.21404
400,line_0_c4,142,499,1598,497.442003,3979.53602
400,line_0_c4,143,500,1600,498.484356,3987.87485
400,line_0_c4,144,501,1602,499.528574,3996.22859
400,line_0_c4,145,502,1604,500.574414,4004.59531
400,line_0_c4,146,503,1606,501.621636,4012.97309
400,line_0_c4,147,504,1608,502.669995,4021.35996
400,line_0_c4,148,505,1610,503.719251,4029.75401
400,line_0_c4,149,506,1612,504.769158,4038.15326
400,line_0_c4,150,507,1614,505.819475,4046.5558
400,line_0_c4,151,508,1616,506.869957,4054.95966
400,line_0_c4,152,509,1618,507.920364,4063.36291
400,line_0_c4,153,510,1620,508.970452,4071.76361
400,line_0_c4,154,511,1622,510.019979,4080.15983
400,line_0_c4,155,512,1624,511.068706,4088.54965
400,line_0_c4,156,513,1626,512.116393,4096.93114
400,line_0_c4,157,514,1628,513.1628,4105.3024
400,line_0_c4,158,515,1630,514.20769,4113.66152
400,line_0_c4,159,516,1632,515.250828,4122.00662
400,line_0_c4,160,517,1634,516.291978,4130.33582
400,line_0_c4,161,518,1636,517.330908,4138.64726
400,line_0_c4,162,519,1638,518.367387,4146.93909
400,line_0_c4,163,520,1640,519.401185,4155.20948
400,line_0_c4,164,521,1642,520.432075,4163.4566
400,line_0_c4,165,522,1644,521.459832,4171.67866
400,line_0_c4,166,523,1646,522.484233,4179.87387
400,line_0_c4,167,524,1648,523.505058,4188.04047
400,line_0_c4,168,525,1650,524.522089,4196.17671
400,line_0_c4,169,526,1652,525.535109,4204.28087
400,line_0_c4,170,527,1654,526.543906,4212.35125
400,line_0_c4,171,528,1656,527.54827,4220.38616
400,line_0_c4,172,529,1658,528.547991,4228.38393
400,line_0_c4,173,530,1660,529.542866,4236.34293
400,line_0_c4,174,531,1662,530.532692,4244.26154
400,line_0_c4,175,532,1664,531.517269,4252.13816
400,line_0_c4,176,533,1666,532.496401,4259.97121
400,line_0_c4,177,534,1668,533.469893,4267.75915
400,line_0_c4,178,535,1670,534.437554,4275.50044
400,line_0_c4,179,536,1672,535.399196,4283.19357
400,line_0_c4,180,537,1674,536.354634,4290.83707
400,line_0_c4,181,538,1676,537.303683,4298.42946
400,line_0_c4,182,539,1678,538.246165,4305.96932
400,line_0_c4,183,540,1680,539.181901,4313.45521
400,line_0_c4,184,541,1682,540.110717,4320.88573
400,line_0_c4,185,542,1684,541.03244,4328.25952
400,line_0_c4,186,543,1686,541.946902,4335.57522
400,line_0_c4,187,544,1688,542.853934,4342.83148
400,line_0_c4,188,545,1690,543.753373,4350.02698
400,line_0_c4,189,546,1692,544.645054,4357.16043
400,line_0_c4,190,547,1694,545.528818,4364.23055
400,line_0_c4,191,548,1696,546.404507,4371.23606
400,line_0_c4,192,549,1698,547.271964,4378.17572
400,line_0_c4,193,550,1700,548.131036,4385.04829
400,line_0_c4,194,551,1702,548.981571,4391.85257
400,line_0_c4,195,552,1704,549.823417,4398.58733
400,line_0_c4,196,553,1706,550.656426,4405.25141
400,line_0_c4,197,554,1708,551.480452,4411.84361
400,line_0_c4,198,555,1710,552.295348,4418.36279
400,line_0_c4,199,556,1712,553.100971,4424.80777
400,line_0_c4,200,557,1714,553.897177,4431.17742
400,line_0_c4,201,558,1716,554.683825,4437.4706
400,line_0_c4,202,559,1718,555.460774,4443.6862
400,line_0_c4,203,560,1720,556.227886,4449.82309
400,line_0_c4,204,561,1722,556.985021,4455.88017
400,line_0_c4,205,562,1724,557.732041,4461.85633
400,line_0_c4,206,563,1726,558.468811,4467.75048
400,line_0_c4,207,564,1728,559.195192,4473.56154
400,line_0_c4,208,565,1730,559.91105,4479.2884
400,line_0_c4,209,566,1732,560.61625,4484.93
400,line_0_c4,210,567,1734,561.310657,4490.48526
400,line_0_c4,211,568,1736,561.994138,4495.9531
400,line_0_c4,212,569,1738,562.666558,4501.33247
400,line_0_c4,213,570,1740,563.327785,4506.62228
400,line_0_c4,214,571,1742,563.977684,4511.82147
400,line_0_c4,215,572,1744,564.616126,4516.929
400,line_0_c4,216,573,1746,565.242976,4521.94381
400,line_0_c4,217,574,1748,565.858104,4526.86483
400,line_0_c4,218,575,1750,566.461377,4531.69102
400,line_0_c4,219,576,1752,567.052665,4536.42132
400,line_0_c4,220,577,1754,567.631838,4541.0547
400,line_0_c4,221,578,1756,568.198764,4545.59011
400,line_0_c4,222,579,1758,568.753316,4550.02652
400,line_0_c4,223,580,1760,569.295363,4554.3629
400,line_0_c4,224,581,1762,569.824778,4558.59822
400,line_0_c4,225,582,1764,570.341433,4562.73147
400,line_0_c4,226,583,1766,570.845203,4566.76162
400,line_0_c4,227,584,1768,571.335961,4570.68769
400,line_0_c4,228,585,1770,571.813583,4574.50866
400,line_0_c4,229,586,1772,572.277945,4578.22356
400,line_0_c4,230,587,1774,572.728927,4581.83141
400,line_0_c4,231,588,1776,573.166406,4585.33124
400,line_0_c4,232,589,1778,573.590263,4588.72211
400,line_0_c4,233,590,1780,574.000383,4592.00306
400,line_0_c4,234,591,1782,574.396648,4595.17318
400,line_0_c4,235,592,1784,574.778945,4598.23156
400,line_0_c4,236,593,1786,575.147164,4601.17731
400,line_0_c4,237,594,1788,575.501195,4604.00956
400,line_0_c4,238,595,1790,575.840933,4606.72746
400,line_0_c4,239,596,1792,576.166273,4609.33018
400,line_0_c4,240,597,1794,576.477114,4611.81691
400,line_0_c4,241,598,1796,576.773359,4614.18687
400,line_0_c4,242,599,1798,577.129223,4617.03378
400,line_0_c4,243,600,1800,577.484928,4619.87942
400,line_0_c4,244,601,1802,577.804917,4622.43934
400,line_0_c4,245,602,1804,578.156842,4625.25474
400,line_0_c4,246,603,1806,578.517013,4628.13611
400,line_0_c4,247,604,1808,578.865088,4630.92071
400,line_0_c4,248,605,1810,579.211038,4633.6883
400,line_0_c4,249,606,1812,579.561782,4636.49426
400,line_0_c4,250,607,1814,579.927904,4639.42323
400,line_0_c4,251,608,1816,580.279155,4642.23324
400,line_0_c4,252,609,1818,580.558109,4644.46487
400,line_0_c7,0,516,1632,405.1166,3240.9328
400,line_0_c7,1,517,1634,405.137039,3241.09631
400,line_0_c7,2,518,1636,405.159757,3241.27806
400,line_0_c7,3,519,1638,405.18554,3241.48432
400,line_0_c7,4,520,1640,405.224677,3241.79742
400,line_0_c7,5,521,1642,405.260435,3242.08348
400,line_0_c7,6,522,1644,405.313879,3242.51103
400,line_0_c7,7,523,1646,405.352736,3242.82189
400,line_0_c7,8,524,1648,405.411169,3243.28935
400,line_0_c7,9,525,1650,405.469678,3243.75742
400,line_0_c7,10,526,1652,405.558379,3244.46703
400,line_0_c7,11,527,1654,405.649151,3245.1932
400,line_0_c7,12,528,1656,405.772314,3246.17851
400,line_0_c7,13,529,1658,405.906993,3247.25594
400,line_0_c7,14,530,1660,406.053173,3248.42539
400,line_0_c7,15,531,1662,406.210841,3249.68673
400,line_0_c7,16,532,1664,406.37998,3251.03984
400,line_0_c7,17,533,1666,406.560573,3252.48459
400,line_0_c7,18,534,1668,406.752605,3254.02084
400,line_0_c7,19,535,1670,406.956055,3255.64844
400,line_0_c7,20,536,1672,407.170905,3257.36724
400,line_0_c7,21,537,1674,407.397135,3259.17708
400,line_0_c7,22,538,1676,407.634724,3261.07779
400,line_0_c7,23,539,1678,407.88365,3263.0692
400,line_0_c7,24,540,1680,408.14389,3265.15112
400,line_0_c7,25,541,1682,408.415421,3267.32337
400,line_0_c7,26,542,1684,408.698219,3269.58575
400,line_0_c7,27,543,1686,408.992259,3271.93807
400,line_0_c7,28,544,1688,409.297516,3274.38012
400,line_0_c7,29,545,1690,409.613963,3276.9117
400,line_0_c7,30,546,1692,409.941575,3279.5326
400,line_0_c7,31,547,1694,410.280325,3282.2426
400,line_0_c7,32,548,1696,410.630185,3285.04148
400,line_0_c7,33,549,1698,410.991129,3287.92904
400,line_0_c7,34,550,1700,411.363129,3290.90503
400,line_0_c7,35,551,1702,411.746157,3293.96926
400,line_0_c7,36,552,1704,412.140185,3297.12148
400,line_0_c7,37,553,1706,412.545185,3300.36148
400,line_0_c7,38,554,1708,412.96113,3303.68904
400,line_0_c7,39,555,1710,413.387991,3307.10393
400,line_0_c7,40,556,1712,413.825742,3310.60594
400,line_0_c7,41,557,1714,414.274356,3314.19485
400,line_0_c7,42,558,1716,414.733807,3317.87045
400,line_0_c7,43,559,1718,415.204067,3321.63254
400,line_0_c7,44,560,1720,415.685113,3325.4809
400,line_0_c7,45,561,1722,416.176918,3329.41534
400,line_0_c7,46,562,1724,416.679458,3333.43566
400,line_0_c7,47,563,1726,417.192709,3337.54167
400,line_0_c7,48,564,1728,417.716649,3341.73319
400,line_0_c7,49,565,1730,418.251255,3346.01004
400,line_0_c7,50,566,1732,418.796505,3350.37204
400,line_0_c7,51,567,1734,419.35238,3354.81904
400,line_0_c7,52,568,1736,419.918861,3359.35089
400,line_0_c7,53,569,1738,420.495929,3363.96743
400,line_0_c7,54,570,1740,421.083567,3368.66854
400,line_0_c7,55,571,1742,421.681761,3373.45409
400,line_0_c7,56,572,1744,422.290495,3378.32396
400,line_0_c7,57,573,1746,422.909756,3383.27805
400,line_0_c7,58,574,1748,423.539533,3388.31626
400,line_0_c7,59,575,1750,424.179814,3393.43851
400,line_0_c7,60,576,1752,424.830589,3398.64471
400,line_0_c7,61,577,1754,425.491849,3403.93479
400,line_0_c7,62,578,1756,426.163586,3409.30869
400,line_0_c7,63,579,1758,426.845795,3414.76636
400,line_0_c7,64,580,1760,427.538467,3420.30774
400,line_0_c7,65,581,1762,428.241599,3425.93279
400,line_0_c7,66,582,1764,428.955185,3431.64148
400,line_0_c7,67,583,1766,429.679221,3437.43377
400,line_0_c7,68,584,1768,430.413703,3443.30962
400,line_0_c7,69,585,1770,431.158627,3449.26902
400,line_0_c7,70,586,1772,431.91399,3455.31192
400,line_0_c7,71,587,1774,432.679786,3461.43829
400,line_0_c7,72,588,1776,433.456012,3467.6481
400,line_0_c7,73,589,1778,434.242662,3473.9413
400,line_0_c7,74,590,1780,435.03973,3480.31784
400,line_0_c7,75,591,1782,435.847207,3486.77766
400,line_0_c7,76,592,1784,436.665086,3493.32068
400,line_0_c7,77,593,1786,437.493355,3499.94684
400,line_0_c7,78,594,1788,438.332002,3506.65602
400,line_0_c7,79,595,1790,439.181013,3513.44811
400,line_0_c7,80,596,1792,440.040371,3520.32296
400,line_0_c7,81,597,1794,440.910054,3527.28043
400,line_0_c7,82,598,1796,441.790041,3534.32033
400,line_0_c7,83,599,1798,442.680304,3541.44243
400,line_0_c7,84,600,1800,443.580812,3548.6465
400,line_0_c7,85,601,1802,444.491531,3555.93225
400,line_0_c7,86,602,1804,445.412422,3563.29938
400,line_0_c7,87,603,1806,446.34344,3570.74752
400,line_0_c7,88,604,1808,447.284536,3578.27629
400,line_0_c7,89,605,1810,448.235655,3585.88524
400,line_0_c7,90,606,1812,449.196736,3593.57388
400,line_0_c7,91,607,1814,450.167711,3601.34168
400,line_0_c7,92,608,1816,451.148506,3609.18805
400,line_0_c7,93,609,1818,452.139041,3617.11233
400,line_0_c7,94,610,1820,453.139228,3625.11382
400,line_0_c7,95,611,1822,454.148969,3633.19175
400,line_0_c7,96,612,1824,455.168162,3641.34529
400,line_0_c7,97,613,1826,456.196692,3649.57354
400,line_0_c7,98,614,1828,457.234441,3657.87552
400,line_0_c7,99,615,1830,458.281276,3666.25021
400,line_0_c7,100,616,1832,459.337059,3674.69647
400,line_0_c7,101,617,1834,460.401641,3683.21313
400,line_0_c7,102,618,1836,461.474864,3691.79891
400,line_0_c7,103,619,1838,462.556558,3700.45246
400,line_0_c7,104,620,1840,463.646544,3709.17235
400,line_0_c7,105,621,1842,464.744633,3717.95707
400,line_0_c7,106,622,1844,465.850625,3726.805
400,line_0_c7,107,623,1846,466.964308,3735.71447
400,line_0_c7,108,624,1848,468.08546,3744.68368
400,line_0_c7,109,625,1850,469.213846,3753.71077
400,line_0_c7,110,626,1852,470.349223,3762.79378
400,line_0_c7,111,627,1854,471.491333,3771.93067
400,line_0_c7,112,628,1856,472.63991,3781.11928
400,line_0_c7,113,629,1858,473.794673,3790.35739
400,line_0_c7,114,630,1860,474.955333,3799.64266
400,line_0_c7,115,631,1862,476.121586,3808.97269
400,line_0_c7,116,632,1864,477.293119,3818.34495
400,line_0_c7,117,633,1866,478.469606,3827.75684
400,line_0_c7,118,634,1868,479.65071,3837.20568
400,line_0_c7,119,635,1870,480.836085,3846.68868
400,line_0_c7,120,636,1872,482.02537,3856.20296
400,line_0_c7,121,637,1874,483.218197,3865.74557
400,line_0_c7,122,638,1876,484.414183,3875.31347
400,line_0_c7,123,639,1878,485.61294,3884.90352
400,line_0_c7,124,640,1880,486.814064,3894.51251
400,line_0_c7,125,641,1882,488.017145,3904.13716
400,line_0_c7,126,642,1884,489.221762,3913.77409
400,line_0_c7,127,643,1886,490.427484,3923.41987
400,line_0_c7,128,644,1888,491.633873,3933.07098
400,line_0_c7,129,645,1890,492.840479,3942.72384
400,line_0_c7,130,646,1892,494.046848,3952.37478
400,line_0_c7,131,647,1894,495.252513,3962.0201
400,line_0_c7,132,648,1896,496.457003,3971.65603
400,line_0_c7,133,649,1898,497.659839,3981.27871
400,line_0_c7,134,650,1900,498.860535,3990.88428
400,line_0_c7,135,651,1902,500.058597,4000.46877
400,line_0_c7,136,652,1904,501.253527,4010.02821
400,line_0_c7,137,653,1906,502.44482,4019.55856
400,line_0_c7,138,654,1908,503.631968,4029.05574
400,line_0_c7,139,655,1910,504.814456,4038.51565
400,line_0_c7,140,656,1912,505.991767,4047.93413
400,line_0_c7,141,657,1914,507.163378,4057.30702
400,line_0_c7,142,658,1916,508.328764,4066.63011
400,line_0_c7,143,659,1918,509.487398,4075.89919
400,line_0_c7,144,660,1920,510.638751,4085.11001
400,line_0_c7,145,661,1922,511.782292,4094.25833
400,line_0_c7,146,662,1924,512.917487,4103.3399
400,line_0_c7,147,663,1926,514.043805,4112.35044
400,line_0_c7,148,664,1928,515.160714,4121.28571
400,line_0_c7,149,665,1930,516.26768,4130.14144
400,line_0_c7,150,666,1932,517.364174,4138.91339
400,line_0_c7,151,667,1934,518.449665,4147.59732
400,line_0_c7,152,668,1936,519.523627,4156.18902
400,line_0_c7,153,669,1938,520.585535,4164.68428
400,line_0_c7,154,670,1940,521.634868,4173.07895
400,line_0_c7,155,671,1942,522.671108,4181.36886
400,line_0_c7,156,672,1944,523.69374,4189.54992
400,line_0_c7,157,673,1946,524.702256,4197.61805
400,line_0_c7,158,674,1948,525.696152,4205.56922
400,line_0_c7,159,675,1950,526.67493,4213.39944
400,line_0_c7,160,676,1952,527.638095,4221.10476
400,line_0_c7,161,677,1954,528.585162,4228.6813
400,line_0_c7,162,678,1956,529.515652,4236.12522
400,line_0_c7,163,679,1958,530.429092,4243.43274
400,line_0_c7,164,680,1960,531.325017,4250.60014
400,line_0_c7,165,681,1962,532.202971,4257.62377
400,line_0_c7,166,682,1964,533.062505,4264.50004
400,line_0_c7,167,683,1966,533.903179,4271.22543
400,line_0_c7,168,684,1968,534.724563,4277.7965
400,line_0_c7,169,685,1970,535.526236,4284.20988
400,line_0_c7,170,686,1972,536.307786,4290.46228
400,line_0_c7,171,687,1974,537.068811,4296.55049
400,line_0_c7,172,688,1976,537.808922,4302.47138
400,line_0_c7,173,689,1978,538.527738,4308.2219
400,line_0_c7,174,690,1980,539.224888,4313.7991
400,line_0_c7,175,691,1982,539.900015,4319.20012
400,line_0_c7,176,692,1984,540.552772,4324.42217
400,line_0_c7,177,693,1986,541.182823,4329.46258
400,line_0_c7,178,694,1988,541.789846,4334.31876
400,line_0_c7,179,695,1990,542.373528,4338.98822
400,line_0_c7,180,696,1992,542.933571,4343.46857
400,line_0_c7,181,697,1994,543.469687,4347.7575
400,line_0_c7,182,698,1996,543.981603,4351.85282
400,line_0_c7,183,699,1998,544.469056,4355.75245
400,line_0_c7,184,700,2000,544.931798,4359.45439
400,line_0_c7,185,701,2002,545.369594,4362.95675
400,line_0_c7,186,702,2004,545.782221,4366.25776
400,line_0_c7,187,703,2006,546.169469,4369.35575
400,line_0_c7,188,704,2008,546.515575,4372.1246
400,line_0_c7,189,705,2010,546.877354,4375.01883
400,line_0_c7,190,706,2012,547.194145,4377.55316
400,line_0_c7,191,707,2014,547.559725,4380.4778
400,line_0_c7,192,708,2016,547.912519,4383.30015
400,line_0_c7,193,709,2018,548.255771,4386.04617
400,line_0_c7,194,710,2020,548.501163,4388.0093
400,line_0_c7,195,711,2022,548.815164,4390.52131
400,line_0_c7,196,712,2024,549.062772,4392.50217
400,line_0_c7,197,713,2026,549.331766,4394.65413
400,line_0_c7,198,714,2028,549.501264,4396.01011
400,line_0_c8,0,746,2092,262.058245,2096.46596
400,line_0_c8,1,747,2094,262.079857,2096.63886
400,line_0_c8,2,748,2096,262.102361,2096.81888
400,line_0_c8,3,749,2098,262.126635,2097.01308
400,line_0_c8,4,750,2100,262.150295,2097.20236
400,line_0_c8,5,751,2102,262.182108,2097.45686
400,line_0_c8,6,752,2104,262.209074,2097.67259
400,line_0_c8,7,753,2106,262.240002,2097.92001
400,line_0_c8,8,754,2108,262.272777,2098.18221
400,line_0_c8,9,755,2110,262.321037,2098.5683
400,line_0_c8,10,756,2112,262.366725,2098.9338
400,line_0_c8,11,757,2114,262.430206,2099.44165
400,line_0_c8,12,758,2116,262.52464,2100.19712
400,line_0_c8,13,759,2118,262.624661,2100.99729
400,line_0_c8,14,760,2120,262.733392,2101.86713
400,line_0_c8,15,761,2122,262.850835,2102.80668
400,line_0_c8,16,762,2124,262.976997,2103.81598
400,line_0_c8,17,763,2126,263.111882,2104.89506
400,line_0_c8,18,764,2128,263.255497,2106.04398
400,line_0_c8,19,765,2130,263.407847,2107.26277
400,line_0_c8,20,766,2132,263.568938,2108.5515
400,line_0_c8,21,767,2134,263.738775,2109.9102
400,line_0_c8,22,768,2136,263.917366,2111.33893
400,line_0_c8,23,769,2138,264.104715,2112.83772
400,line_0_c8,24,770,2140,264.300828,2114.40663
400,line_0_c8,25,771,2142,264.505713,2116.0457
400,line_0_c8,26,772,2144,264.719373,2117.75498
400,line_0_c8,27,773,2146,264.941816,2119.53452
400,line_0_c8,28,774,2148,265.173045,2121.38436
400,line_0_c8,29,775,2150,265.413067,2123.30454
400,line_0_c8,30,776,2152,265.661887,2125.2951
400,line_0_c8,31,777,2154,265.919508,2127.35607
400,line_0_c8,32,778,2156,266.185935,2129.48748
400,line_0_c8,33,779,2158,266.46117,2131.68936
400,line_0_c8,34,780,2160,266.745215,2133.96172
400,line_0_c8,35,781,2162,267.038073,2136.30459
400,line_0_c8,36,782,2164,267.339745,2138.71796
400,line_0_c8,37,783,2166,267.65023,2141.20184
400,line_0_c8,38,784,2168,267.969528,2143.75622
400,line_0_c8,39,785,2170,268.297636,2146.38109
400,line_0_c8,40,786,2172,268.634553,2149.07642
400,line_0_c8,41,787,2174,268.980272,2151.84218
400,line_0_c8,42,788,2176,269.334788,2154.67831
400,line_0_c8,43,789,2178,269.698094,2157.58476
400,line_0_c8,44,790,2180,270.07018,2160.56144
400,line_0_c8,45,791,2182,270.451036,2163.60829
400,line_0_c8,46,792,2184,270.840647,2166.72518
400,line_0_c8,47,793,2186,271.238998,2169.91199
400,line_0_c8,48,794,2188,271.646072,2173.16857
400,line_0_c8,49,795,2190,272.061846,2176.49477
400,line_0_c8,50,796,2192,272.486299,2179.89039
400,line_0_c8,51,797,2194,272.919403,2183.35522
400,line_0_c8,52,798,2196,273.361129,2186.88904
400,line_0_c8,53,799,2198,273.811446,2190.49156
400,line_0_c8,54,800,2200,274.270315,2194.16252
400,line_0_c8,55,801,2202,274.737698,2197.90159
400,line_0_c8,56,802,2204,275.213552,2201.70841
400,line_0_c8,57,803,2206,275.697828,2205.58262
400,line_0_c8,58,804,2208,276.190476,2209.52381
400,line_0_c8,59,805,2210,276.69144,2213.53152
400,line_0_c8,60,806,2212,277.200659,2217.60527
400,line_0_c8,61,807,2214,277.71807,2221.74456
400,line_0_c8,62,808,2216,278.243603,2225.94883
400,line_0_c8,63,809,2218,278.777183,2230.21747
400,line_0_c8,64,810,2220,279.318731,2234.54985
400,line_0_c8,65,811,2222,279.868161,2238.94529
400,line_0_c8,66,812,2224,280.425383,2243.40306
400,line_0_c8,67,813,2226,280.9903,2247.9224
400,line_0_c8,68,814,2228,281.562809,2252.50247
400,line_0_c8,69,815,2230,282.142804,2257.14243
400,line_0_c8,70,816,2232,282.730167,2261.84134
400,line_0_c8,71,817,2234,283.32478,2266.59824
400,line_0_c8,72,818,2236,283.926514,2271.41211
400,line_0_c8,73,819,2238,284.535235,2276.28188
400,line_0_c8,74,820,2240,285.150802,2281.20642
400,line_0_c8,75,821,2242,285.773067,2286.18454
400,line_0_c8,76,822,2244,286.401876,2291.21501
400,line_0_c8,77,823,2246,287.037066,2296.29653
400,line_0_c8,78,824,2248,287.678468,2301.42774
400,line_0_c8,79,825,2250,288.325906,2306.60725
400,line_0_c8,80,826,2252,288.979196,2311.83357
400,line_0_c8,81,827,2254,289.638148,2317.10518
400,line_0_c8,82,828,2256,290.302562,2322.42049
400,line_0_c8,83,829,2258,290.972232,2327.77786
400,line_0_c8,84,830,2260,291.646947,2333.17557
400,line_0_c8,85,831,2262,292.326483,2338.61187
400,line_0_c8,86,832,2264,293.010615,2344.08492
400,line_0_c8,87,833,2266,293.699104,2349.59283
400,line_0_c8,88,834,2268,294.391709,2355.13367
400,line_0_c8,89,835,2270,295.088179,2360.70543
400,line_0_c8,90,836,2272,295.788256,2366.30605
400,line_0_c8,91,837,2274,296.491675,2371.9334
400,line_0_c8,92,838,2276,297.198164,2377.58531
400,line_0_c8,93,839,2278,297.907443,2383.25954
400,line_0_c8,94,840,2280,298.619227,2388.95382
400,line_0_c8,95,841,2282,299.333223,2394.66578
400,line_0_c8,96,842,2284,300.049131,2400.39304
400,line_0_c8,97,843,2286,300.766644,2406.13315
400,line_0_c8,98,844,2288,301.485452,2411.88361
400,line_0_c8,99,845,2290,302.205234,2417.64187
400,line_0_c8,100,846,2292,302.925667,2423.40534
400,line_0_c8,101,847,2294,303.646422,2429.17137
400,line_0_c8,102,848,2296,304.367161,2434.93729
400,line_0_c8,103,849,2298,305.087546,2440.70036
400,line_0_c8,104,850,2300,305.807229,2446.45784
400,line_0_c8,105,851,2302,306.525862,2452.2069
400,line_0_c8,106,852,2304,307.24309,2457.94472
400,line_0_c8,107,853,2306,307.958554,2463.66843
400,line_0_c8,108,854,2308,308.671893,2469.37514
400,line_0_c8,109,855,2310,309.382739,2475.06191
400,line_0_c8,110,856,2312,310.090726,2480.72581
400,line_0_c8,111,857,2314,310.795481,2486.36385
400,line_0_c8,112,858,2316,311.49663,2491.97304
400,line_0_c8,113,859,2318,312.193798,2497.55038
400,line_0_c8,114,860,2320,312.886607,2503.09285
400,line_0_c8,115,861,2322,313.574677,2508.59742
400,line_0_c8,116,862,2324,314.257629,2514.06103
400,line_0_c8,117,863,2326,314.935083,2519.48066
400,line_0_c8,118,864,2328,315.606657,2524.85325
400,line_0_c8,119,865,2330,316.27197,2530.17576
400,line_0_c8,120,866,2332,316.930643,2535.44514
400,line_0_c8,121,867,2334,317.582295,2540.65836
400,line_0_c8,122,868,2336,318.22655,2545.8124
400,line_0_c8,123,869,2338,318.863029,2550.90423
400,line_0_c8,124,870,2340,319.491359,2555.93087
400,line_0_c8,125,871,2342,320.111168,2560.88934
400,line_0_c8,126,872,2344,320.722086,2565.77669
400,line_0_c8,127,873,2346,321.323747,2570.58998
400,line_0_c8,128,874,2348,321.915789,2575.32631
400,line_0_c8,129,875,2350,322.497853,2579.98282
400,line_0_c8,130,876,2352,323.069584,2584.55667
400,line_0_c8,131,877,2354,323.630634,2589.04507
400,line_0_c8,132,878,2356,324.180657,2593.44525
400,line_0_c8,133,879,2358,324.719314,2597.75451
400,line_0_c8,134,880,2360,325.246272,2601.97017
400,line_0_c8,135,881,2362,325.761203,2606.08962
400,line_0_c8,136,882,2364,326.263787,2610.11029
400,line_0_c8,137,883,2366,326.753709,2614.02967
400,line_0_c8,138,884,2368,327.230662,2617.84529
400,line_0_c8,139,885,2370,327.694346,2621.55477
400,line_0_c8,140,886,2372,328.144469,2625.15576
400,line_0_c8,141,887,2374,328.580748,2628.64598
400,line_0_c8,142,888,2376,329.002905,2632.02324
400,line_0_c8,143,889,2378,329.410673,2635.28538
400,line_0_c8,144,890,2380,329.803793,2638.43034
400,line_0_c8,145,891,2382,330.182016,2641.45612
400,line_0_c8,146,892,2384,330.545099,2644.3608
400,line_0_c8,147,893,2386,330.892813,2647.14251
400,line_0_c8,148,894,2388,331.224936,2649.79949
400,line_0_c8,149,895,2390,331.541254,2652.33003
400,line_0_c8,150,896,2392,331.841566,2654.73253
400,line_0_c8,151,897,2394,332.125681,2657.00545
400,line_0_c8,152,898,2396,332.393416,2659.14733
400,line_0_c8,153,899,2398,332.644601,2661.15681
400,line_0_c8,154,900,2400,332.879076,2663.03261
400,line_0_c8,155,901,2402,333.079971,2664.63977
400,line_0_c8,156,902,2404,333.24848,2665.98784
400,line_0_c8,157,903,2406,333.37198,2666.97584
400,line_0_c8,158,904,2408,333.496323,2667.97058
400,line_0_c8,159,905,2410,333.592262,2668.73809
400,line_0_c8,160,906,2412,333.647733,2669.18187
400,line_0_c8,161,907,2414,333.714241,2669.71393
400,line_0_c8,162,908,2416,333.745184,2669.96147
400,line_0_c8,163,909,2418,333.754815,2670.03852
400,line_0_c8,164,910,2420,333.74765,2669.9812
400,line_0_c8,165,911,2422,333.726686,2669.81349
400,line_0_c14,0,1002,2604,225.007538,1800.0603
400,line_0_c14,1,1003,2606,225.349021,1802.79216
400,line_0_c14,2,1004,2608,225.713052,1805.70442
400,line_0_c14,3,1005,2610,226.100379,1808.80304
400,line_0_c14,4,1006,2612,226.511632,1812.09305
400,line_0_c14,5,1007,2614,226.947292,1815.57834
400,line_0_c14,6,1008,2616,227.407672,1819.26138
400,line_0_c14,7,1009,2618,227.892887,1823.1431
400,line_0_c14,8,1010,2620,228.402831,1827.22265
400,line_0_c14,9,1011,2622,228.937156,1831.49724
400,line_0_c14,10,1012,2624,229.495252,1835.96202
400,line_0_c14,11,1013,2626,230.076238,1840.6099
400,line_0_c14,12,1014,2628,230.678946,1845.43157
400,line_0_c14,13,1015,2630,231.301925,1850.4154
400,line_0_c14,14,1016,2632,231.943438,1855.5475
400,line_0_c14,15,1017,2634,232.601473,1860.81179
400,line_0_c14,16,1018,2636,233.273762,1866.19009
400,line_0_c14,17,1019,2638,233.957794,1871.66235
400,line_0_c14,18,1020,2640,234.650853,1877.20682
400,line_0_c14,19,1021,2642,235.350045,1882.80036
400,line_0_c14,20,1022,2644,236.052345,1888.41876
400,line_0_c14,21,1023,2646,236.754637,1894.0371
400,line_0_c14,22,1024,2648,237.45377,1899.63016
400,line_0_c14,23,1025,2650,238.165094,1905.32075
400,line_0_c14,24,1026,2652,238.882165,1911.05732
400,line_0_c14,25,1027,2654,239.567598,1916.54079
400,line_0_c14,26,1028,2656,240.266037,1922.1283
400,line_0_c14,27,1029,2658,240.994514,1927.95611
400,line_0_c14,28,1030,2660,241.698543,1933.58834
400,line_0_c14,29,1031,2662,242.381756,1939.05404
400,line_0_c14,30,1032,2664,243.125818,1945.00655
400,line_0_c14,31,1033,2666,243.771808,1950.17446
400,line_0_c14,32,1034,2668,244.521266,1956.17013
400,line_0_c14,33,1035,2670,245.198148,1961.58518
400,line_0_c14,34,1036,2672,245.910197,1967.28158
400,line_0_c14,35,1037,2674,246.686256,1973.49005
400,line_0_c14,36,1038,2676,247.339249,1978.71399
400,line_0_c14,37,1039,2678,248.01808,1984.14464
400,line_0_c14,38,1040,2680,248.768059,1990.14447
400,line_0_c14,39,1041,2682,249.415419,1995.32335
400,line_0_c14,40,1042,2684,250.16225,2001.298
400,line_0_c14,41,1043,2686,250.851059,2006.80847
400,line_0_c14,42,1044,2688,251.479294,2011.83435
400,line_0_c14,43,1045,2690,252.153123,2017.22498
400,line_0_c14,44,1046,2692,252.92797,2023.42376
400,line_0_c14,45,1047,2694,253.570037,2028.5603
400,line_0_c14,46,1048,2696,254.220977,2033.76782
400,line_0_c14,47,1049,2698,254.881242,2039.04994
400,line_0_c14,48,1050,2700,255.587307,2044.69846
400,line_0_c14,49,1051,2702,256.341556,2050.73245
400,line_0_c14,50,1052,2704,256.963607,2055.70886
400,line_0_c14,51,1053,2706,257.764229,2062.11383
400,line_0_c14,52,1054,2708,258.518197,2068.14558
400,line_0_c14,53,1055,2710,259.29768,2074.38144
400,line_0_c14,54,1056,2712,260.102363,2080.81891
400,line_0_c14,55,1057,2714,260.931917,2087.45534
400,line_0_c14,56,1058,2716,261.786002,2094.28801
400,line_0_c14,57,1059,2718,262.664265,2101.31412
400,line_0_c14,58,1060,2720,263.566342,2108.53074
400,line_0_c14,59,1061,2722,264.491859,2115.93487
400,line_0_c14,60,1062,2724,265.44043,2123.52344
400,line_0_c14,61,1063,2726,266.411659,2131.29327
400,line_0_c14,62,1064,2728,267.405139,2139.24111
400,line_0_c14,63,1065,2730,268.420454,2147.36363
400,line_0_c14,64,1066,2732,269.457177,2155.65742
400,line_0_c14,65,1067,2734,270.514874,2164.11899
400,line_0_c14,66,1068,2736,271.593099,2172.74479
400,line_0_c14,67,1069,2738,272.6914,2181.5312
400,line_0_c14,68,1070,2740,273.809316,2190.47453
400,line_0_c14,69,1071,2742,274.946377,2199.57102
400,line_0_c14,70,1072,2744,276.102107,2208.81685
400,line_0_c14,71,1073,2746,277.276021,2218.20817
400,line_0_c14,72,1074,2748,278.46763,2227.74104
400,line_0_c14,73,1075,2750,279.676436,2237.41149
400,line_0_c14,74,1076,2752,280.901935,2247.21548
400,line_0_c14,75,1077,2754,282.143618,2257.14895
400,line_0_c14,76,1078,2756,283.400973,2267.20778
400,line_0_c14,77,1079,2758,284.673478,2277.38782
400,line_0_c14,78,1080,2760,285.96061,2287.68488
400,line_0_c14,79,1081,2762,287.261842,2298.09474
400,line_0_c14,80,1082,2764,288.576641,2308.61313
400,line_0_c14,81,1083,2766,289.904471,2319.23577
400,line_0_c14,82,1084,2768,291.244794,2329.95835
400,line_0_c14,83,1085,2770,292.597069,2340.77655
400,line_0_c14,84,1086,2772,293.960752,2351.68602
400,line_0_c14,85,1087,2774,295.335297,2362.68238
400,line_0_c14,86,1088,2776,296.720158,2373.76126
400,line_0_c14,87,1089,2778,298.114784,2384.91827
400,line_0_c14,88,1090,2780,299.518627,2396.14901
400,line_0_c14,89,1091,2782,300.931135,2407.44908
400,line_0_c14,90,1092,2784,302.351759,2418.81408
400,line_0_c14,91,1093,2786,303.779948,2430.23959
400,line_0_c14,92,1094,2788,305.215152,2441.72122
400,line_0_c14,93,1095,2790,306.656821,2453.25457
400,line_0_c14,94,1096,2792,308.104407,2464.83526
400,line_0_c14,95,1097,2794,309.557364,2476.45891
400,line_0_c14,96,1098,2796,311.015147,2488.12118
400,line_0_c14,97,1099,2798,312.477214,2499.81771
400,line_0_c14,98,1100,2800,313.943023,2511.54419
400,line_0_c14,99,1101,2802,315.412038,2523.29631
400,line_0_c14,100,1102,2804,316.883723,2535.06978
400,line_0_c14,101,1103,2806,318.357546,2546.86037
400,line_0_c14,102,1104,2808,319.832978,2558.66382
400,line_0_c14,103,1105,2810,321.309494,2570.47595
400,line_0_c14,104,1106,2812,322.786574,2582.29259
400,line_0_c14,105,1107,2814,324.263701,2594.10961
400,line_0_c14,106,1108,2816,325.740364,2605.92291
400,line_0_c14,107,1109,2818,327.216054,2617.72844
400,line_0_c14,108,1110,2820,328.690272,2629.52217
400,line_0_c14,109,1111,2822,330.162519,2641.30015
400,line_0_c14,110,1112,2824,331.632305,2653.05844
400,line_0_c14,111,1113,2826,333.099147,2664.79317
400,line_0_c14,112,1114,2828,334.562565,2676.50052
400,line_0_c14,113,1115,2830,336.022087,2688.1767
400,line_0_c14,114,1116,2832,337.47725,2699.818
400,line_0_c14,115,1117,2834,338.927594,2711.42075
400,line_0_c14,116,1118,2836,340.372668,2722.98134
400,line_0_c14,117,1119,2838,341.812029,2734.49624
400,line_0_c14,118,1120,2840,343.245242,2745.96193
400,line_0_c14,119,1121,2842,344.671876,2757.37501
400,line_0_c14,120,1122,2844,346.091513,2768.73211
400,line_0_c14,121,1123,2846,347.503742,2780.02993
400,line_0_c14,122,1124,2848,348.908157,2791.26526
400,line_0_c14,123,1125,2850,350.304366,2802.43493
400,line_0_c14,124,1126,2852,351.691983,2813.53587
400,line_0_c14,125,1127,2854,353.070631,2824.56505
400,line_0_c14,126,1128,2856,354.439943,2835.51954
400,line_0_c14,127,1129,2858,355.799561,2846.39648
400,line_0_c14,128,1130,2860,357.149137,2857.19309
400,line_0_c14,129,1131,2862,358.488333,2867.90667
400,line_0_c14,130,1132,2864,359.816822,2878.53458
400,line_0_c14,131,1133,2866,361.134286,2889.07429
400,line_0_c14,132,1134,2868,362.440417,2899.52334
400,line_0_c14,133,1135,2870,363.734919,2909.87935
400,line_0_c14,134,1136,2872,365.017505,2920.14004
400,line_0_c14,135,1137,2874,366.2879,2930.3032
400,line_0_c14,136,1138,2876,367.54584,2940.36672
400,line_0_c14,137,1139,2878,368.791073,2950.32858
400,line_0_c14,138,1140,2880,370.023356,2960.18685
400,line_0_c14,139,1141,2882,371.242459,2969.93967
400,line_0_c14,140,1142,2884,372.448163,2979.58531
400,line_0_c14,141,1143,2886,373.640262,2989.1221
400,line_0_c14,142,1144,2888,374.81856,2998.54848
400,line_0_c14,143,1145,2890,375.982873,3007.86298
400,line_0_c14,144,1146,2892,377.133029,3017.06423
400,line_0_c14,145,1147,2894,378.268868,3026.15094
400,line_0_c14,146,1148,2896,379.390243,3035.12195
400,line_0_c14,147,1149,2898,380.497019,3043.97615
400,line_0_c14,148,1150,2900,381.589071,3052.71257
400,line_0_c14,149,1151,2902,382.666288,3061.3303
400,line_0_c14,150,1152,2904,383.728571,3069.82856
400,line_0_c14,151,1153,2906,384.775832,3078.20665
400,line_0_c14,152,1154,2908,385.807996,3086.46397
400,line_0_c14,153,1155,2910,386.825002,3094.60001
400,line_0_c14,154,1156,2912,387.826797,3102.61438
400,line_0_c14,155,1157,2914,388.813344,3110.50676
400,line_0_c14,156,1158,2916,389.784616,3118.27693
400,line_0_c14,157,1159,2918,390.740597,3125.92478
400,line_0_c14,158,1160,2920,391.681285,3133.45028
400,line_0_c14,159,1161,2922,392.606689,3140.85351
400,line_0_c14,160,1162,2924,393.516829,3148.13463
400,line_0_c14,161,1163,2926,394.411738,3155.29391
400,line_0_c14,162,1164,2928,395.291459,3162.33167
400,line_0_c14,163,1165,2930,396.156047,3169.24837
400,line_0_c14,164,1166,2932,397.005567,3176.04453
400,line_0_c14,165,1167,2934,397.840097,3182.72077
400,line_0_c14,166,1168,2936,398.659723,3189.27779
400,line_0_c14,167,1169,2938,399.464546,3195.71637
400,line_0_c14,168,1170,2940,400.254673,3202.03738
400,line_0_c14,169,1171,2942,401.030223,3208.24179
400,line_0_c14,170,1172,2944,401.791326,3214.33061
400,line_0_c14,171,1173,2946,402.53812,3220.30496
400,line_0_c14,172,1174,2948,403.270753,3226.16603
400,line_0_c14,173,1175,2950,403.989384,3231.91507
400,line_0_c14,174,1176,2952,404.694178,3237.55342
400,line_0_c14,175,1177,2954,405.385311,3243.08249
400,line_0_c14,176,1178,2956,406.062967,3248.50374
400,line_0_c14,177,1179,2958,406.727339,3253.81871
400,line_0_c14,178,1180,2960,407.378627,3259.02901
400,line_0_c14,179,1181,2962,408.017038,3264.1363
400,line_0_c14,180,1182,2964,408.642787,3269.1423
400,line_0_c14,181,1183,2966,409.256099,3274.04879
400,line_0_c14,182,1184,2968,409.8572,3278.8576
400,line_0_c14,183,1185,2970,410.446328,3283.57062
400,line_0_c14,184,1186,2972,411.023724,3288.18979
400,line_0_c14,185,1187,2974,411.589634,3292.71708
400,line_0_c14,186,1188,2976,412.144313,3297.15451
400,line_0_c14,187,1189,2978,412.688019,3301.50415
400,line_0_c14,188,1190,2980,413.221014,3305.76812
400,line_0_c14,189,1191,2982,413.743567,3309.94853
400,line_0_c14,190,1192,2984,414.255948,3314.04758
400,line_0_c14,191,1193,2986,414.758434,3318.06747
400,line_0_c14,192,1194,2988,415.251303,3322.01042
400,line_0_c14,193,1195,2990,415.734838,3325.8787
400,line_0_c14,194,1196,2992,416.209323,3329.67459
400,line_0_c14,195,1197,2994,416.675047,3333.40038
400,line_0_c14,196,1198,2996,417.132299,3337.05839
400,line_0_c14,197,1199,2998,417.581371,3340.65097
400,line_0_c14,198,1200,3000,418.022557,3344.18046
400,line_0_c14,199,1201,3002,418.456151,3347.64921
400,line_0_c14,200,1202,3004,418.882448,3351.05959
400,line_0_c14,201,1203,3006,419.301746,3354.41397
400,line_0_c14,202,1204,3008,419.714339,3357.71471
400,line_0_c14,203,1205,3010,420.120526,3360.9642
400,line_0_c14,204,1206,3012,420.520602,3364.16481
400,line_0_c14,205,1207,3014,420.914863,3367.3189
400,line_0_c14,206,1208,3016,421.303605,3370.42884
400,line_0_c14,207,1209,3018,421.687121,3373.49697
400,line_0_c14,208,1210,3020,422.065703,3376.52563
400,line_0_c14,209,1211,3022,422.439643,3379.51715
400,line_0_c14,210,1212,3024,422.809231,3382.47384
400,line_0_c14,211,1213,3026,423.174751,3385.39801
400,line_0_c14,212,1214,3028,423.536491,3388.29193
400,line_0_c14,213,1215,3030,423.89473,3391.15784
400,line_0_c14,214,1216,3032,424.249749,3393.99799
400,line_0_c14,215,1217,3034,424.601823,3396.81459
400,line_0_c14,216,1218,3036,424.951226,3399.60981
400,line_0_c14,217,1219,3038,425.298226,3402.38581
400,line_0_c14,218,1220,3040,425.643089,3405.14471
400,line_0_c14,219,1221,3042,425.986077,3407.88862
400,line_0_c14,220,1222,3044,426.327447,3410.61958
400,line_0_c14,221,1223,3046,426.667453,3413.33962
400,line_0_c14,222,1224,3048,427.006344,3416.05075
400,line_0_c14,223,1225,3050,427.344363,3418.75491
400,line_0_c14,224,1226,3052,427.681751,3421.45401
400,line_0_c14,225,1227,3054,428.018741,3424.14993
400,line_0_c14,226,1228,3056,428.355563,3426.84451
400,line_0_c14,227,1229,3058,428.692441,3429.53953
400,line_0_c14,228,1230,3060,429.029595,3432.23676
400,line_0_c14,229,1231,3062,429.367236,3434.93789
400,line_0_c14,230,1232,3064,429.705573,3437.64458
400,line_0_c14,231,1233,3066,430.044807,3440.35845
400,line_0_c14,232,1234,3068,430.385134,3443.08107
400,line_0_c14,233,1235,3070,430.726744,3445.81395
400,line_0_c14,234,1236,3072,431.06982,3448.55856
400,line_0_c14,235,1237,3074,431.41454,3451.31632
400,line_0_c14,236,1238,3076,431.761076,3454.08861
400,line_0_c14,237,1239,3078,432.109592,3456.87673
400,line_0_c14,238,1240,3080,432.460246,3459.68197
400,line_0_c14,239,1241,3082,432.813191,3462.50553
400,line_0_c14,240,1242,3084,433.168573,3465.34858
400,line_0_c14,241,1243,3086,433.526529,3468.21223
400,line_0_c14,242,1244,3088,433.887193,3471.09754
400,line_0_c14,243,1245,3090,434.25069,3474.00552
400,line_0_c14,244,1246,3092,434.617138,3476.9371
400,line_0_c14,245,1247,3094,434.986649,3479.89319
400,line_0_c14,246,1248,3096,435.359327,3482.87462
400,line_0_c14,247,1249,3098,435.735271,3485.88217
400,line_0_c14,248,1250,3100,436.114572,3488.91658
400,line_0_c14,249,1251,3102,436.497313,3491.9785
400,line_0_c14,250,1252,3104,436.883571,3495.06857
400,line_0_c14,251,1253,3106,437.273416,3498.18733
400,line_0_c14,252,1254,3108,437.666912,3501.33529
400,line_0_c14,253,1255,3110,438.064113,3504.51291
400,line_0_c14,254,1256,3112,438.46507,3507.72056
400,line_0_c14,255,1257,3114,438.869822,3510.95857
400,line_0_c14,256,1258,3116,439.278404,3514.22723
400,line_0_c14,257,1259,3118,439.690842,3517.52674
400,line_0_c14,258,1260,3120,440.107157,3520.85725
400,line_0_c14,259,1261,3122,440.52736,3524.21888
400,line_0_c14,260,1262,3124,440.951458,3527.61166
400,line_0_c14,261,1263,3126,441.379448,3531.03559
400,line_0_c14,262,1264,3128,441.811323,3534.49058
400,line_0_c14,263,1265,3130,442.247065,3537.97652
400,line_0_c14,264,1266,3132,442.686653,3541.49322
400,line_0_c14,265,1267,3134,443.130056,3545.04044
400,line_0_c14,266,1268,3136,443.577238,3548.6179
400,line_0_c14,267,1269,3138,444.028155,3552.22524
400,line_0_c14,268,1270,3140,444.482758,3555.86206
400,line_0_c14,269,1271,3142,444.940988,3559.52791
400,line_0_c14,270,1272,3144,445.402783,3563.22226
400,line_0_c14,271,1273,3146,445.868071,3566.94457
400,line_0_c14,272,1274,3148,446.336776,3570.69421
400,line_0_c14,273,1275,3150,446.808813,3574.47051
400,line_0_c14,274,1276,3152,447.284094,3578.27275
400,line_0_c14,275,1277,3154,447.762522,3582.10018
400,line_0_c14,276,1278,3156,448.243996,3585.95197
400,line_0_c14,277,1279,3158,448.728408,3589.82726
400,line_0_c14,278,1280,3160,449.215644,3593.72515
400,line_0_c14,279,1281,3162,449.705584,3597.64467
400,line_0_c14,280,1282,3164,450.198103,3601.58482
400,line_0_c14,281,1283,3166,450.693069,3605.54455
400,line_0_c14,282,1284,3168,451.190346,3609.52277
400,line_0_c14,283,1285,3170,451.689791,3613.51833
400,line_0_c14,284,1286,3172,452.191258,3617.53007
400,line_0_c14,285,1287,3174,452.694595,3621.55676
400,line_0_c14,286,1288,3176,453.199642,3625.59714
400,line_0_c14,287,1289,3178,453.70624,3629.64992
400,line_0_c14,288,1290,3180,454.21422,3633.71376
400,line_0_c14,289,1291,3182,454.723412,3637.7873
400,line_0_c14,290,1292,3184,455.23364,3641.86912
400,line_0_c14,291,1293,3186,455.744724,3645.95779
400,line_0_c14,292,1294,3188,456.256481,3650.05184
400,line_0_c14,293,1295,3190,456.768722,3654.14978
400,line_0_c14,294,1296,3192,457.281257,3658.25006
400,line_0_c14,295,1297,3194,457.793892,3662.35114
400,line_0_c14,296,1298,3196,458.306429,3666.45143
400,line_0_c14,297,1299,3198,458.818666,3670.54933
400,line_0_c14,298,1300,3200,459.3304,3674.6432
400,line_0_c14,299,1301,3202,459.841424,3678.73139
400,line_0_c14,300,1302,3204,460.35153,3682.81224
400,line_0_c14,301,1303,3206,460.860506,3686.88405
400,line_0_c14,302,1304,3208,461.368139,3690.94511
400,line_0_c14,303,1305,3210,461.874214,3694.99371
400,line_0_c14,304,1306,3212,462.378513,3699.02811
400,line_0_c14,305,1307,3214,462.880819,3703.04655
400,line_0_c14,306,1308,3216,463.380912,3707.0473
400,line_0_c14,307,1309,3218,463.878572,3711.02857
400,line_0_c14,308,1310,3220,464.373576,3714.98861
400,line_0_c14,309,1311,3222,464.865704,3718.92563
400,line_0_c14,310,1312,3224,465.354733,3722.83787
400,line_0_c14,311,1313,3226,465.840441,3726.72353
400,line_0_c14,312,1314,3228,466.322605,3730.58084
400,line_0_c14,313,1315,3230,466.801005,3734.40804
400,line_0_c14,314,1316,3232,467.275417,3738.20333
400,line_0_c14,315,1317,3234,467.74562,3741.96496
400,line_0_c14,316,1318,3236,468.211395,3745.69116
400,line_0_c14,317,1319,3238,468.67252,3749.38016
400,line_0_c14,318,1320,3240,469.128778,3753.03022
400,line_0_c14,319,1321,3242,469.579949,3756.63959
400,line_0_c14,320,1322,3244,470.025818,3760.20655
400,line_0_c14,321,1323,3246,470.466171,3763.72937
400,line_0_c14,322,1324,3248,470.900794,3767.20635
400,line_0_c14,323,1325,3250,471.329477,3770.63582
400,line_0_c14,324,1326,3252,471.752012,3774.01609
400,line_0_c14,325,1327,3254,472.168192,3777.34554
400,line_0_c14,326,1328,3256,472.577815,3780.62252
400,line_0_c14,327,1329,3258,472.98068,3783.84544
400,line_0_c14,328,1330,3260,473.37659,3787.01272
400,line_0_c14,329,1331,3262,473.765351,3790.12281
400,line_0_c14,330,1332,3264,474.146772,3793.17418
400,line_0_c14,331,1333,3266,474.520666,3796.16533
400,line_0_c14,332,1334,3268,474.88685,3799.0948
400,line_0_c14,333,1335,3270,475.245142,3801.96114
400,line_0_c14,334,1336,3272,475.595368,3804.76294
400,line_0_c14,335,1337,3274,475.937354,3807.49883
400,line_0_c14,336,1338,3276,476.270931,3810.16745
400,line_0_c14,337,1339,3278,476.595936,3812.76748
400,line_0_c14,338,1340,3280,476.912207,3815.29766
400,line_0_c14,339,1341,3282,477.21959,3817.75672
400,line_0_c14,340,1342,3284,477.517931,3820.14345
400,line_0_c14,341,1343,3286,477.807086,3822.45668
400,line_0_c14,342,1344,3288,478.08691,3824.69528
400,line_0_c14,343,1345,3290,478.357265,3826.85812
400,line_0_c14,344,1346,3292,478.61802,3828.94416
400,line_0_c14,345,1347,3294,478.869045,3830.95236
400,line_0_c14,346,1348,3296,479.110218,3832.88174
400,line_0_c14,347,1349,3298,479.341419,3834.73135
400,line_0_c14,348,1350,3300,479.562535,3836.50028
400,line_0_c14,349,1351,3302,479.773459,3838.18767
400,line_0_c14,350,1352,3304,479.974086,3839.79269
400,line_0_c14,351,1353,3306,480.164318,3841.31455
400,line_0_c14,352,1354,3308,480.344063,3842.75251
400,line_0_c14,353,1355,3310,480.513234,3844.10587
400,line_0_c14,354,1356,3312,480.671746,3845.37397
400,line_0_c14,355,1357,3314,480.819524,3846.55619
400,line_0_c14,356,1358,3316,480.956496,3847.65197
400,line_0_c14,357,1359,3318,481.082595,3848.66076
400,line_0_c14,358,1360,3320,481.175169,3849.40135
400,line_0_c14,359,1361,3322,481.335188,3850.6815
400,line_0_c14,360,1362,3324,481.507075,3852.0566
400,line_0_c14,361,1363,3326,481.621264,3852.97012
400,line_0_c14,362,1364,3328,481.749811,3853.99849
400,line_0_c14,363,1365,3330,481.847537,3854.7803
400,line_0_c14,364,1366,3332,481.930115,3855.44092
400,line_0_c14,365,1367,3334,481.974335,3855.79468
400,line_0_c14,366,1368,3336,482.061724,3856.49379
400,line_0_c14,367,1369,3338,482.084755,3856.67804
400,line_0_c14,368,1370,3340,482.10783,3856.86264
400,line_0_c14,369,1371,3342,482.165484,3857.32387
400,line_7_c34,0,1575,3750,423.329584,3386.63667
400,line_7_c34,1,1576,3752,423.477813,3387.82251
400,line_7_c34,2,1577,3754,423.634001,3389.07201
400,line_7_c34,3,1578,3756,423.798206,3390.38565
400,line_7_c34,4,1579,3758,423.970563,3391.76451
400,line_7_c34,5,1580,3760,424.151122,3393.20897
400,line_7_c34,6,1581,3762,424.339955,3394.71964
400,line_7_c34,7,1582,3764,424.53714,3396.29712
400,line_7_c34,8,1583,3766,424.742762,3397.9421
400,line_7_c34,9,1584,3768,424.956917,3399.65533
400,line_7_c34,10,1585,3770,425.179704,3401.43763
400,line_7_c34,11,1586,3772,425.411225,3403.2898
400,line_7_c34,12,1587,3774,425.651568,3405.21255
400,line_7_c34,13,1588,3776,425.900793,3407.20635
400,line_7_c34,14,1589,3778,426.158313,3409.2665
400,line_7_c34,15,1590,3780,426.425093,3411.40075
400,line_7_c34,16,1591,3782,426.700494,3413.60395
400,line_7_c34,17,1592,3784,426.984208,3415.87367
400,line_7_c34,18,1593,3786,427.275769,3418.20615
400,line_7_c34,19,1594,3788,427.574529,3420.59623
400,line_7_c34,20,1595,3790,427.879648,3423.03718
400,line_7_c34,21,1596,3792,428.190085,3425.52068
400,line_7_c34,22,1597,3794,428.526159,3428.20928
400,line_7_c34,23,1598,3796,428.875429,3431.00343
400,line_7_c34,24,1599,3798,429.207603,3433.66082
400,line_7_c34,25,1600,3800,429.556019,3436.44815
400,line_7_c34,26,1601,3802,429.957495,3439.65996
400,line_7_c34,27,1602,3804,430.336509,3442.69207
400,line_7_c34,28,1603,3806,430.716923,3445.73538
400,line_7_c34,29,1604,3808,431.151477,3449.21182
400,line_7_c34,30,1605,3810,431.550667,3452.40534
400,line_7_c34,31,1606,3812,432.002263,3456.0181
400,line_7_c34,32,1607,3814,432.43552,3459.48416
400,line_7_c34,33,1608,3816,432.881167,3463.04934
400,line_7_c34,34,1609,3818,433.390926,3467.12741
400,line_7_c34,35,1610,3820,433.815046,3470.52037
400,line_7_c34,36,1611,3822,434.349264,3474.79412
400,line_7_c34,37,1612,3824,434.804934,3478.43947
400,line_7_c34,38,1613,3826,435.280438,3482.2435
400,line_7_c34,39,1614,3828,435.757682,3486.06146
400,line_7_c34,40,1615,3830,436.229091,3489.83272
400,line_7_c34,41,1616,3832,436.73218,3493.85744
400,line_7_c34,42,1617,3834,437.189641,3497.51713
400,line_7_c34,43,1618,3836,437.670607,3501.36485
400,line_7_c34,44,1619,3838,438.152477,3505.21981
400,line_7_c34,45,1620,3840,438.678588,3509.4287
400,line_7_c34,46,1621,3842,439.215896,3513.72717
400,line_7_c34,47,1622,3844,439.801575,3518.4126
400,line_7_c34,48,1623,3846,440.337094,3522.69675
400,line_7_c34,49,1624,3848,440.893093,3527.14474
400,line_7_c34,50,1625,3850,441.469437,3531.75549
400,line_7_c34,51,1626,3852,442.065984,3536.52787
400,line_7_c34,52,1627,3854,442.682582,3541.46066
400,line_7_c34,53,1628,3856,443.31907,3546.55256
400,line_7_c34,54,1629,3858,443.975278,3551.80222
400,line_7_c34,55,1630,3860,444.651027,3557.20821
400,line_7_c34,56,1631,3862,445.346129,3562.76903
400,line_7_c34,57,1632,3864,446.060389,3568.48311
400,line_7_c34,58,1633,3866,446.793601,3574.3488
400,line_7_c34,59,1634,3868,447.545551,3580.36441
400,line_7_c34,60,1635,3870,448.316018,3586.52814
400,line_7_c34,61,1636,3872,449.104771,3592.83817
400,line_7_c34,62,1637,3874,449.911573,3599.29259
400,line_7_c34,63,1638,3876,450.736178,3605.88942
400,line_7_c34,64,1639,3878,451.578331,3612.62665
400,line_7_c34,65,1640,3880,452.437773,3619.50218
400,line_7_c34,66,1641,3882,453.314234,3626.51387
400,line_7_c34,67,1642,3884,454.207441,3633.65952
400,line_7_c34,68,1643,3886,455.11711,3640.93688
400,line_7_c34,69,1644,3888,456.042954,3648.34363
400,line_7_c34,70,1645,3890,456.984678,3655.87743
400,line_7_c34,71,1646,3892,457.941982,3663.53586
400,line_7_c34,72,1647,3894,458.91456,3671.31648
400,line_7_c34,73,1648,3896,459.902101,3679.21681
400,line_7_c34,74,1649,3898,460.904288,3687.2343
400,line_7_c34,75,1650,3900,461.920801,3695.36641
400,line_7_c34,76,1651,3902,462.951315,3703.61052
400,line_7_c34,77,1652,3904,463.9955,3711.964
400,line_7_c34,78,1653,3906,465.053023,3720.42418
400,line_7_c34,79,1654,3908,466.123549,3728.98839
400,line_7_c34,80,1655,3910,467.206738,3737.6539
400,line_7_c34,81,1656,3912,468.302248,3746.41798
400,line_7_c34,82,1657,3914,469.409735,3755.27788
400,line_7_c34,83,1658,3916,470.528853,3764.23083
400,line_7_c34,84,1659,3918,471.659255,3773.27404
400,line_7_c34,85,1660,3920,472.800591,3782.40473
400,line_7_c34,86,1661,3922,473.952511,3791.62008
400,line_7_c34,87,1662,3924,475.114664,3800.91731
400,line_7_c34,88,1663,3926,476.2867,3810.2936
400,line_7_c34,89,1664,3928,477.468268,3819.74614
400,line_7_c34,90,1665,3930,478.659016,3829.27213
400,line_7_c34,91,1666,3932,479.858596,3838.86877
400,line_7_c34,92,1667,3934,481.066657,3848.53326
400,line_7_c34,93,1668,3936,482.282853,3858.26282
400,line_7_c34,94,1669,3938,483.506836,3868.05468
400,line_7_c34,95,1670,3940,484.738261,3877.90609
400,line_7_c34,96,1671,3942,485.976787,3887.8143
400,line_7_c34,97,1672,3944,487.222073,3897.77658
400,line_7_c34,98,1673,3946,488.47378,3907.79024
400,line_7_c34,99,1674,3948,489.731576,3917.8526
400,line_7_c34,100,1675,3950,490.995126,3927.96101
400,line_7_c34,101,1676,3952,492.264104,3938.11283
400,line_7_c34,102,1677,3954,493.538184,3948.30547
400,line_7_c34,103,1678,3956,494.817045,3958.53636
400,line_7_c34,104,1679,3958,496.100369,3968.80295
400,line_7_c34,105,1680,3960,497.387844,3979.10275
400,line_7_c34,106,1681,3962,498.67916,3989.43328
400,line_7_c34,107,1682,3964,499.974013,3999.79211
400,line_7_c34,108,1683,3966,501.272103,4010.17682
400,line_7_c34,109,1684,3968,502.573134,4020.58507
400,line_7_c34,110,1685,3970,503.876817,4031.01453
400,line_7_c34,111,1686,3972,505.182865,4041.46292
400,line_7_c34,112,1687,3974,506.490998,4051.92799
400,line_7_c34,113,1688,3976,507.800942,4062.40754
400,line_7_c34,114,1689,3978,509.112427,4072.89942
400,line_7_c34,115,1690,3980,510.425188,4083.4015
400,line_7_c34,116,1691,3982,511.738966,4093.91173
400,line_7_c34,117,1692,3984,513.053509,4104.42807
400,line_7_c34,118,1693,3986,514.368567,4114.94854
400,line_7_c34,119,1694,3988,515.6839,4125.4712
400,line_7_c34,120,1695,3990,516.999271,4135.99417
400,line_7_c34,121,1696,3992,518.314448,4146.51559
400,line_7_c34,122,1697,3994,519.629208,4157.03366
400,line_7_c34,123,1698,3996,520.943331,4167.54665
400,line_7_c34,124,1699,3998,522.256603,4178.05283
400,line_7_c34,125,1700,4000,523.568818,4188.55054
400,line_7_c34,126,1701,4002,524.879774,4199.03819
400,line_7_c34,127,1702,4004,526.189274,4209.51419
400,line_7_c34,128,1703,4006,527.49713,4219.97704
400,line_7_c34,129,1704,4008,528.803158,4230.42526
400,line_7_c34,130,1705,4010,530.107179,4240.85743
400,line_7_c34,131,1706,4012,531.409022,4251.27218
400,line_7_c34,132,1707,4014,532.708521,4261.66817
400,line_7_c34,133,1708,4016,534.005515,4272.04412
400,line_7_c34,134,1709,4018,535.299849,4282.39879
400,line_7_c34,135,1710,4020,536.591375,4292.731
400,line_7_c34,136,1711,4022,537.879951,4303.03961
400,line_7_c34,137,1712,4024,539.165439,4313.32351
400,line_7_c34,138,1713,4026,540.447707,4323.58166
400,line_7_c34,139,1714,4028,541.726631,4333.81305
400,line_7_c34,140,1715,4030,543.002091,4344.01673
400,line_7_c34,141,1716,4032,544.273973,4354.19179
400,line_7_c34,142,1717,4034,545.542169,4364.33735
400,line_7_c34,143,1718,4036,546.806575,4374.4526
400,line_7_c34,144,1719,4038,548.067095,4384.53676
400,line_7_c34,145,1720,4040,549.323638,4394.5891
400,line_7_c34,146,1721,4042,550.576117,4404.60893
400,line_7_c34,147,1722,4044,551.824451,4414.59561
400,line_7_c34,148,1723,4046,553.068566,4424.54853
400,line_7_c34,149,1724,4048,554.308392,4434.46714
400,line_7_c34,150,1725,4050,555.543864,4444.35091
400,line_7_c34,151,1726,4052,556.774923,4454.19939
400,line_7_c34,152,1727,4054,558.001515,4464.01212
400,line_7_c34,153,1728,4056,559.223591,4473.78873
400,line_7_c34,154,1729,4058,560.441107,4483.52885
400,line_7_c34,155,1730,4060,561.654023,4493.23219
400,line_7_c34,156,1731,4062,562.862307,4502.89845
400,line_7_c34,157,1732,4064,564.065927,4512.52741
400,line_7_c34,158,1733,4066,565.264859,4522.11887
400,line_7_c34,159,1734,4068,566.459083,4531.67267
400,line_7_c34,160,1735,4070,567.648584,4541.18867
400,line_7_c34,161,1736,4072,568.833348,4550.66679
400,line_7_c34,162,1737,4074,570.01337,4560.10696
400,line_7_c34,163,1738,4076,571.188646,4569.50917
400,line_7_c34,164,1739,4078,572.359176,4578.87341
400,line_7_c34,165,1740,4080,573.524965,4588.19972
400,line_7_c34,166,1741,4082,574.686022,4597.48817
400,line_7_c34,167,1742,4084,575.842357,4606.73885
400,line_7_c34,168,1743,4086,576.993985,4615.95188
400,line_7_c34,169,1744,4088,578.140926,4625.12741
400,line_7_c34,170,1745,4090,579.283199,4634.2656
400,line_7_c34,171,1746,4092,580.42083,4643.36664
400,line_7_c34,172,1747,4094,581.553845,4652.43076
400,line_7_c34,173,1748,4096,582.682273,4661.45819
400,line_7_c34,174,1749,4098,583.806147,4670.44917
400,line_7_c34,175,1750,4100,584.925499,4679.40399
400,line_7_c34,176,1751,4102,586.040365,4688.32292
400,line_7_c34,177,1752,4104,587.150784,4697.20627
400,line_7_c34,178,1753,4106,588.256794,4706.05435
400,line_7_c34,179,1754,4108,589.358436,4714.86748
400,line_7_c34,180,1755,4110,590.45575,4723.646
400,line_7_c34,181,1756,4112,591.54878,4732.39024
400,line_7_c34,182,1757,4114,592.637568,4741.10054
400,line_7_c34,183,1758,4116,593.722157,4749.77726
400,line_7_c34,184,1759,4118,594.802593,4758.42074
400,line_7_c34,185,1760,4120,595.878918,4767.03135
400,line_7_c34,186,1761,4122,596.951177,4775.60942
400,line_7_c34,187,1762,4124,598.019414,4784.15531
400,line_7_c34,188,1763,4126,599.083672,4792.66937
400,line_7_c34,189,1764,4128,600.143993,4801.15195
400,line_7_c34,190,1765,4130,601.200422,4809.60337
400,line_7_c34,191,1766,4132,602.252998,4818.02398
400,line_7_c34,192,1767,4134,603.301762,4826.4141
400,line_7_c34,193,1768,4136,604.346754,4834.77403
400,line_7_c34,194,1769,4138,605.388012,4843.10409
400,line_7_c34,195,1770,4140,606.425571,4851.40457
400,line_7_c34,196,1771,4142,607.459467,4859.67574
400,line_7_c34,197,1772,4144,608.489733,4867.91786
400,line_7_c34,198,1773,4146,609.5164,4876.1312
400,line_7_c34,199,1774,4148,610.539498,4884.31598
400,line_7_c34,200,1775,4150,611.559054,4892.47243
400,line_7_c34,201,1776,4152,612.575093,4900.60075
400,line_7_c34,202,1777,4154,613.587639,4908.70111
400,line_7_c34,203,1778,4156,614.596713,4916.77371
400,line_7_c34,204,1779,4158,615.602335,4924.81868
400,line_7_c34,205,1780,4160,616.60452,4932.83616
400,line_7_c34,206,1781,4162,617.603283,4940.82626
400,line_7_c34,207,1782,4164,618.598637,4948.7891
400,line_7_c34,208,1783,4166,619.590592,4956.72474
400,line_7_c34,209,1784,4168,620.579156,4964.63325
400,line_7_c34,210,1785,4170,621.564334,4972.51467
400,line_7_c34,211,1786,4172,622.546131,4980.36905
400,line_7_c34,212,1787,4174,623.524548,4988.19639
400,line_7_c34,213,1788,4176,624.499586,4995.99669
400,line_7_c34,214,1789,4178,625.471242,5003.76994
400,line_7_c34,215,1790,4180,626.439514,5011.51611
400,line_7_c34,216,1791,4182,627.404396,5019.23517
400,line_7_c34,217,1792,4184,628.365883,5026.92706
400,line_7_c34,218,1793,4186,629.323965,5034.59172
400,line_7_c34,219,1794,4188,630.278633,5042.22906
400,line_7_c34,220,1795,4190,631.229876,5049.83901
400,line_7_c34,221,1796,4192,632.177685,5057.42148
400,line_7_c34,222,1797,4194,633.122046,5064.97637
400,line_7_c34,223,1798,4196,634.062949,5072.50359
400,line_7_c34,224,1799,4198,635.00038,5080.00304
400,line_7_c34,225,1800,4200,635.934328,5087.47463
400,line_7_c34,226,1801,4202,636.864781,5094.91825
400,line_7_c34,227,1802,4204,637.791727,5102.33381
400,line_7_c34,228,1803,4206,638.715153,5109.72123
400,line_7_c34,229,1804,4208,639.635051,5117.08041
400,line_7_c34,230,1805,4210,640.551408,5124.41127
400,line_7_c34,231,1806,4212,641.464218,5131.71374
400,line_7_c34,232,1807,4214,642.373471,5138.98776
400,line_7_c34,233,1808,4216,643.279161,5146.23329
400,line_7_c34,234,1809,4218,644.181286,5153.45028
400,line_7_c34,235,1810,4220,645.079841,5160.63873
400,line_7_c34,236,1811,4222,645.974827,5167.79861
400,line_7_c34,237,1812,4224,646.866244,5174.92995
400,line_7_c34,238,1813,4226,647.754098,5182.03278
400,line_7_c34,239,1814,4228,648.638394,5189.10715
400,line_7_c34,240,1815,4230,649.519141,5196.15313
400,line_7_c34,241,1816,4232,650.396351,5203.17081
400,line_7_c34,242,1817,4234,651.270039,5210.16032
400,line_7_c34,243,1818,4236,652.140223,5217.12178
400,line_7_c34,244,1819,4238,653.006921,5224.05537
400,line_7_c34,245,1820,4240,653.870157,5230.96126
400,line_7_c34,246,1821,4242,654.729959,5237.83968
400,line_7_c34,247,1822,4244,655.586356,5244.69085
400,line_7_c34,248,1823,4246,656.439381,5251.51505
400,line_7_c34,249,1824,4248,657.28907,5258.31256
400,line_7_c34,250,1825,4250,658.135463,5265.0837
400,line_7_c34,251,1826,4252,658.978602,5271.82881
400,line_7_c34,252,1827,4254,659.818533,5278.54827
400,line_7_c34,253,1828,4256,660.655306,5285.24245
400,line_7_c34,254,1829,4258,661.488973,5291.91178
400,line_7_c34,255,1830,4260,662.319588,5298.5567
400,line_7_c34,256,1831,4262,663.147211,5305.17769
400,line_7_c34,257,1832,4264,663.971902,5311.77522
400,line_7_c34,258,1833,4266,664.793726,5318.34981
400,line_7_c34,259,1834,4268,665.612749,5324.902
400,line_7_c34,260,1835,4270,666.429041,5331.43233
400,line_7_c34,261,1836,4272,667.242672,5337.94138
400,line_7_c34,262,1837,4274,668.053717,5344.42974
400,line_7_c34,263,1838,4276,668.86225,5350.898
400,line_7_c34,264,1839,4278,669.66835,5357.3468
400,line_7_c34,265,1840,4280,670.472094,5363.77675
400,line_7_c34,266,1841,4282,671.273562,5370.1885
400,line_7_c34,267,1842,4284,672.072836,5376.58268
400,line_7_c34,268,1843,4286,672.869995,5382.95996
400,line_7_c34,269,1844,4288,673.665122,5389.32098
400,line_7_c34,270,1845,4290,674.4583,5395.6664
400,line_7_c34,271,1846,4292,675.249608,5401.99686
400,line_7_c34,272,1847,4294,676.039128,5408.31303
400,line_7_c34,273,1848,4296,676.826941,5414.61553
400,line_7_c34,274,1849,4298,677.613127,5420.90501
400,line_7_c34,275,1850,4300,678.397762,5427.18209
400,line_7_c34,276,1851,4302,679.180922,5433.44737
400,line_7_c34,277,1852,4304,679.962681,5439.70145
400,line_7_c34,278,1853,4306,680.743109,5445.94487
400,line_7_c34,279,1854,4308,681.522275,5452.1782
400,line_7_c34,280,1855,4310,682.300244,5458.40195
400,line_7_c34,281,1856,4312,683.077076,5464.61661
400,line_7_c34,282,1857,4314,683.85283,5470.82264
400,line_7_c34,283,1858,4316,684.62756,5477.02048
400,line_7_c34,284,1859,4318,685.401314,5483.21051
400,line_7_c34,285,1860,4320,686.174138,5489.3931
400,line_7_c34,286,1861,4322,686.94607,5495.56856
400,line_7_c34,287,1862,4324,687.717145,5501.73716
400,line_7_c34,288,1863,4326,688.487392,5507.89914
400,line_7_c34,289,1864,4328,689.256835,5514.05468
400,line_7_c34,290,1865,4330,690.025489,5520.20391
400,line_7_c34,291,1866,4332,690.793365,5526.34692
400,line_7_c34,292,1867,4334,691.560468,5532.48375
400,line_7_c34,293,1868,4336,692.326797,5538.61437
400,line_7_c34,294,1869,4338,693.09234,5544.73872
400,line_7_c34,295,1870,4340,693.857082,5550.85666
400,line_7_c34,296,1871,4342,694.621,5556.968
400,line_7_c34,297,1872,4344,695.384062,5563.07249
400,line_7_c34,298,1873,4346,696.14623,5569.16984
400,line_7_c34,299,1874,4348,696.907458,5575.25966
400,line_7_c34,300,1875,4350,697.667693,5581.34154
400,line_7_c34,301,1876,4352,698.426873,5587.41498
400,line_7_c34,302,1877,4354,699.184928,5593.47942
400,line_7_c34,303,1878,4356,699.941782,5599.53425
400,line_7_c34,304,1879,4358,700.697349,5605.57879
400,line_7_c34,305,1880,4360,701.451537,5611.6123
400,line_7_c34,306,1881,4362,702.204246,5617.63397
400,line_7_c34,307,1882,4364,702.955368,5623.64294
400,line_7_c34,308,1883,4366,703.704787,5629.6383
400,line_7_c34,309,1884,4368,704.452381,5635.61904
400,line_7_c34,310,1885,4370,705.198018,5641.58415
400,line_7_c34,311,1886,4372,705.941563,5647.53251
400,line_7_c34,312,1887,4374,706.682871,5653.46297
400,line_7_c34,313,1888,4376,707.421791,5659.37433
400,line_7_c34,314,1889,4378,708.158164,5665.26531
400,line_7_c34,315,1890,4380,708.891828,5671.13462
400,line_7_c34,316,1891,4382,709.622611,5676.98089
400,line_7_c34,317,1892,4384,710.350339,5682.80271
400,line_7_c34,318,1893,4386,711.07483,5688.59864
400,line_7_c34,319,1894,4388,711.795896,5694.36717
400,line_7_c34,320,1895,4390,712.513349,5700.10679
400,line_7_c34,321,1896,4392,713.22699,5705.81592
400,line_7_c34,322,1897,4394,713.936621,5711.49297
400,line_7_c34,323,1898,4396,714.642037,5717.1363
400,line_7_c34,324,1899,4398,715.343032,5722.74425
400,line_7_c34,325,1900,4400,716.039394,5728.31516
400,line_7_c34,326,1901,4402,716.730913,5733.84731
400,line_7_c34,327,1902,4404,717.417373,5739.33898
400,line_7_c34,328,1903,4406,718.098557,5744.78845
400,line_7_c34,329,1904,4408,718.774247,5750.19398
400,line_7_c34,330,1905,4410,719.444226,5755.55381
400,line_7_c34,331,1906,4412,720.108273,5760.86619
400,line_7_c34,332,1907,4414,720.766171,5766.12937
400,line_7_c34,333,1908,4416,721.4177,5771.3416
400,line_7_c34,334,1909,4418,722.062643,5776.50115
400,line_7_c34,335,1910,4420,722.700785,5781.60628
400,line_7_c34,336,1911,4422,723.331912,5786.6553
400,line_7_c34,337,1912,4424,723.955812,5791.6465
400,line_7_c34,338,1913,4426,724.572276,5796.57821
400,line_7_c34,339,1914,4428,725.181099,5801.44879
400,line_7_c34,340,1915,4430,725.782079,5806.25663
400,line_7_c34,341,1916,4432,726.375017,5811.00014
400,line_7_c34,342,1917,4434,726.959721,5815.67777
400,line_7_c34,343,1918,4436,727.536002,5820.28801
400,line_7_c34,344,1919,4438,728.103676,5824.82941
400,line_7_c34,345,1920,4440,728.662566,5829.30053
400,line_7_c34,346,1921,4442,729.2125,5833.7
400,line_7_c34,347,1922,4444,729.753312,5838.0265
400,line_7_c34,348,1923,4446,730.284844,5842.27875
400,line_7_c34,349,1924,4448,730.806944,5846.45555
400,line_7_c34,350,1925,4450,731.319467,5850.55574
400,line_7_c34,351,1926,4452,731.822276,5854.57821
400,line_7_c34,352,1927,4454,732.315242,5858.52194
400,line_7_c34,353,1928,4456,732.798244,5862.38595
400,line_7_c34,354,1929,4458,733.271168,5866.16934
400,line_7_c34,355,1930,4460,733.733909,5869.87127
400,line_7_c34,356,1931,4462,734.186371,5873.49097
400,line_7_c34,357,1932,4464,734.628468,5877.02775
400,line_7_c34,358,1933,4466,735.060121,5880.48097
400,line_7_c34,359,1934,4468,735.481259,5883.85007
400,line_7_c34,360,1935,4470,735.891822,5887.13457
400,line_7_c34,361,1936,4472,736.291757,5890.33406
400,line_7_c34,362,1937,4474,736.681024,5893.44819
400,line_7_c34,363,1938,4476,737.059588,5896.47671
400,line_7_c34,364,1939,4478,737.427425,5899.4194
400,line_7_c34,365,1940,4480,737.78452,5902.27616
400,line_7_c34,366,1941,4482,738.130867,5905.04693
400,line_7_c34,367,1942,4484,738.466467,5907.73173
400,line_7_c34,368,1943,4486,738.791332,5910.33066
400,line_7_c34,369,1944,4488,739.105482,5912.84385
400,line_7_c34,370,1945,4490,739.408944,5915.27155
400,line_7_c34,371,1946,4492,739.701756,5917.61405
400,line_7_c34,372,1947,4494,739.983962,5919.87169
400,line_7_c34,373,1948,4496,740.255613,5922.04491
400,line_7_c34,374,1949,4498,740.516772,5924.13417
400,line_7_c34,375,1950,4500,740.767504,5926.14003
400,line_7_c34,376,1951,4502,741.007886,5928.06309
400,line_7_c34,377,1952,4504,741.237998,5929.90399
400,line_7_c34,378,1953,4506,741.457929,5931.66344
400,line_7_c34,379,1954,4508,741.667774,5933.34219
400,line_7_c34,380,1955,4510,741.867633,5934.94106
400,line_7_c34,381,1956,4512,742.057611,5936.46089
400,line_7_c34,382,1957,4514,742.237821,5937.90257
400,line_7_c34,383,1958,4516,742.408379,5939.26703
400,line_7_c34,384,1959,4518,742.569405,5940.55524
400,line_7_c34,385,1960,4520,742.721025,5941.7682
400,line_7_c34,386,1961,4522,742.843673,5942.74938
400,line_7_c34,387,1962,4524,742.993226,5943.94581
400,line_7_c34,388,1963,4526,743.082429,5944.65943
400,line_7_c34,389,1964,4528,743.187258,5945.49806
400,line_7_c34,390,1965,4530,743.271612,5946.17289
400,line_7_c34,391,1966,4532,743.333493,5946.66794
400,line_7_c34,392,1967,4534,743.344203,5946.75362
400,line_7_c34,393,1968,4536,743.406304,5947.25043
400,line_7_c34,394,1969,4538,743.406612,5947.2529
400,line_7_c34,395,1970,4540,743.352615,5946.82092
400,line_7_c34,396,1971,4542,743.292373,5946.33898
400,line_43_c23,86,1371,3342,183.543554,1468.34843
400,line_43_c23,87,1372,3344,183.702578,1469.62062
400,line_43_c23,88,1373,3346,183.876256,1471.01005
400,line_43_c23,89,1374,3348,184.03435,1472.2748
400,line_43_c23,90,1375,3350,184.172018,1473.37615
400,line_43_c23,91,1376,3352,184.320489,1474.56391
400,line_43_c23,92,1377,3354,184.469931,1475.75945
400,line_43_c23,93,1378,3356,184.621113,1476.9689
400,line_43_c23,94,1379,3358,184.760932,1478.08746
400,line_43_c23,95,1380,3360,184.902819,1479.22255
400,line_43_c23,96,1381,3362,185.052592,1480.42074
400,line_43_c23,97,1382,3364,185.198129,1481.58503
400,line_43_c23,98,1383,3366,185.347102,1482.77681
400,line_43_c23,99,1384,3368,185.500925,1484.0074
400,line_43_c23,100,1385,3370,185.659574,1485.27659
400,line_43_c23,101,1386,3372,185.823033,1486.58427
400,line_43_c23,102,1387,3374,185.991292,1487.93033
400,line_43_c23,103,1388,3376,186.164348,1489.31478
400,line_43_c23,104,1389,3378,186.342209,1490.73767
400,line_43_c23,105,1390,3380,186.524889,1492.19911
400,line_43_c23,106,1391,3382,186.71241,1493.69928
400,line_43_c23,107,1392,3384,186.904801,1495.23841
400,line_43_c23,108,1393,3386,187.102104,1496.81684
400,line_43_c23,109,1394,3388,187.30437,1498.43496
400,line_43_c23,110,1395,3390,187.511658,1500.09326
400,line_43_c23,111,1396,3392,187.724039,1501.79231
400,line_43_c23,112,1397,3394,187.941594,1503.53275
400,line_43_c23,113,1398,3396,188.164414,1505.31532
400,line_43_c23,114,1399,3398,188.392604,1507.14083
400,line_43_c23,115,1400,3400,188.626276,1509.01021
400,line_43_c23,116,1401,3402,188.865559,1510.92447
400,line_43_c23,117,1402,3404,189.110587,1512.8847
400,line_43_c23,118,1403,3406,189.361509,1514.89207
400,line_43_c23,119,1404,3408,189.618482,1516.94786
400,line_43_c23,120,1405,3410,189.881678,1519.05342
400,line_43_c23,121,1406,3412,190.151276,1521.21021
400,line_43_c23,122,1407,3414,190.427471,1523.41976
400,line_43_c23,123,1408,3416,190.710463,1525.68371
400,line_43_c23,124,1409,3418,191.000468,1528.00374
400,line_43_c23,125,1410,3420,191.297707,1530.38166
400,line_43_c23,126,1411,3422,191.602416,1532.81932
400,line_43_c23,127,1412,3424,191.914836,1535.31869
400,line_43_c23,128,1413,3426,192.235221,1537.88176
400,line_43_c23,129,1414,3428,192.563831,1540.51064
400,line_43_c23,130,1415,3430,192.900935,1543.20748
400,line_43_c23,131,1416,3432,193.24681,1545.97448
400,line_43_c23,132,1417,3434,193.601737,1548.8139
400,line_43_c23,133,1418,3436,193.966006,1551.72805
400,line_43_c23,134,1419,3438,194.339914,1554.71931
400,line_43_c23,135,1420,3440,194.72376,1557.79008
400,line_43_c23,136,1421,3442,195.11785,1560.9428
400,line_43_c23,137,1422,3444,195.522492,1564.17994
400,line_43_c23,138,1423,3446,195.938,1567.504
400,line_43_c23,139,1424,3448,196.364689,1570.91751
400,line_43_c23,140,1425,3450,196.802875,1574.423
400,line_43_c23,141,1426,3452,197.252877,1578.02301
400,line_43_c23,142,1427,3454,197.715011,1581.72009
400,line_43_c23,143,1428,3456,198.189596,1585.51677
400,line_43_c23,144,1429,3458,198.676947,1589.41558
400,line_43_c23,145,1430,3460,199.177376,1593.419
400,line_43_c23,146,1431,3462,199.691191,1597.52953
400,line_43_c23,147,1432,3464,200.2187,1601.7496
400,line_43_c23,148,1433,3466,200.760201,1606.08161
400,line_43_c23,149,1434,3468,201.315989,1610.52791
400,line_43_c23,150,1435,3470,201.886351,1615.0908
400,line_43_c23,151,1436,3472,202.471566,1619.77253
400,line_43_c23,152,1437,3474,203.071906,1624.57525
400,line_43_c23,153,1438,3476,203.687632,1629.50106
400,line_43_c23,154,1439,3478,204.318996,1634.55197
400,line_43_c23,155,1440,3480,204.966239,1639.72991
400,line_43_c23,156,1441,3482,205.62959,1645.03672
400,line_43_c23,157,1442,3484,206.309267,1650.47414
400,line_43_c23,158,1443,3486,207.005473,1656.04378
400,line_43_c23,159,1444,3488,207.718397,1661.74717
400,line_43_c23,160,1445,3490,208.448213,1667.5857
400,line_43_c23,161,1446,3492,209.195083,1673.56066
400,line_43_c23,162,1447,3494,209.959151,1679.67321
400,line_43_c23,163,1448,3496,210.740545,1685.92436
400,line_43_c23,164,1449,3498,211.539377,1692.31501
400,line_43_c23,165,1450,3500,212.355741,1698.84593
400,line_43_c23,166,1451,3502,213.189716,1705.51773
400,line_43_c23,167,1452,3504,214.041361,1712.33089
400,line_43_c23,168,1453,3506,214.910717,1719.28573
400,line_43_c23,169,1454,3508,215.797807,1726.38245
400,line_43_c23,170,1455,3510,216.702637,1733.6211
400,line_43_c23,171,1456,3512,217.625192,1741.00154
400,line_43_c23,172,1457,3514,218.565441,1748.52353
400,line_43_c23,173,1458,3516,219.52333,1756.18664
400,line_43_c23,174,1459,3518,220.498792,1763.99034
400,line_43_c23,175,1460,3520,221.491738,1771.9339
400,line_43_c23,176,1461,3522,222.502062,1780.01649
400,line_43_c23,177,1462,3524,223.529637,1788.2371
400,line_43_c23,178,1463,3526,224.574322,1796.59457
400,line_43_c23,179,1464,3528,225.635954,1805.08763
400,line_43_c23,180,1465,3530,226.714355,1813.71484
400,line_43_c23,181,1466,3532,227.809329,1822.47463
400,line_43_c23,182,1467,3534,228.920664,1831.36531
400,line_43_c23,183,1468,3536,230.04813,1840.38504
400,line_43_c23,184,1469,3538,231.191481,1849.53185
400,line_43_c23,185,1470,3540,232.350456,1858.80365
400,line_43_c23,186,1471,3542,233.524779,1868.19823
400,line_43_c23,187,1472,3544,234.714157,1877.71326
400,line_43_c23,188,1473,3546,235.918286,1887.34629
400,line_43_c23,189,1474,3548,237.136848,1897.09478
400,line_43_c23,190,1475,3550,238.36951,1906.95608
400,line_43_c23,191,1476,3552,239.615929,1916.92743
400,line_43_c23,192,1477,3554,240.875749,1927.006
400,line_43_c23,193,1478,3556,242.148605,1937.18884
400,line_43_c23,194,1479,3558,243.434116,1947.47293
400,line_43_c23,195,1480,3560,244.731898,1957.85518
400,line_43_c23,196,1481,3562,246.041552,1968.33241
400,line_43_c23,197,1482,3564,247.362675,1978.9014
400,line_43_c23,198,1483,3566,248.694855,1989.55884
400,line_43_c23,199,1484,3568,250.037672,2000.30138
400,line_43_c23,200,1485,3570,251.390702,2011.12562
400,line_43_c23,201,1486,3572,252.753512,2022.0281
400,line_43_c23,202,1487,3574,254.125667,2033.00533
400,line_43_c23,203,1488,3576,255.506726,2044.05381
400,line_43_c23,204,1489,3578,256.896244,2055.16996
400,line_43_c23,205,1490,3580,258.293776,2066.35021
400,line_43_c23,206,1491,3582,259.698872,2077.59098
400,line_43_c23,207,1492,3584,261.111081,2088.88865
400,line_43_c23,208,1493,3586,262.52995,2100.2396
400,line_43_c23,209,1494,3588,263.955026,2111.64021
400,line_43_c23,210,1495,3590,265.385856,2123.08685
400,line_43_c23,211,1496,3592,266.821985,2134.57588
400,line_43_c23,212,1497,3594,268.262963,2146.1037
400,line_43_c23,213,1498,3596,269.708337,2157.66669
400,line_43_c23,214,1499,3598,271.157659,2169.26127
400,line_43_c23,215,1500,3600,272.610482,2180.88386
400,line_43_c23,216,1501,3602,274.066362,2192.53089
400,line_43_c23,217,1502,3604,275.524857,2204.19885
400,line_43_c23,218,1503,3606,276.985529,2215.88423
400,line_43_c23,219,1504,3608,278.447943,2227.58355
400,line_43_c23,220,1505,3610,279.911669,2239.29335
400,line_43_c23,221,1506,3612,281.376279,2251.01023
400,line_43_c23,222,1507,3614,282.84135,2262.7308
400,line_43_c23,223,1508,3616,284.306465,2274.45172
400,line_43_c23,224,1509,3618,285.77121,2286.16968
400,line_43_c23,225,1510,3620,287.235176,2297.88141
400,line_43_c23,226,1511,3622,288.697959,2309.58368
400,line_43_c23,227,1512,3624,290.159161,2321.27329
400,line_43_c23,228,1513,3626,291.618388,2332.94711
400,line_43_c23,229,1514,3628,293.075252,2344.60202
400,line_43_c23,230,1515,3630,294.529369,2356.23495
400,line_43_c23,231,1516,3632,295.980361,2367.84289
400,line_43_c23,232,1517,3634,297.427856,2379.42285
400,line_43_c23,233,1518,3636,298.871485,2390.97188
400,line_43_c23,234,1519,3638,300.310888,2402.4871
400,line_43_c23,235,1520,3640,301.745706,2413.96565
400,line_43_c23,236,1521,3642,303.175588,2425.40471
400,line_43_c23,237,1522,3644,304.600188,2436.80151
400,line_43_c23,238,1523,3646,306.019165,2448.15332
400,line_43_c23,239,1524,3648,307.432182,2459.45745
400,line_43_c23,240,1525,3650,308.838909,2470.71127
400,line_43_c23,241,1526,3652,310.23902,2481.91216
400,line_43_c23,242,1527,3654,311.632196,2493.05757
400,line_43_c23,243,1528,3656,313.018122,2504.14498
400,line_43_c23,244,1529,3658,314.396489,2515.17191
400,line_43_c23,245,1530,3660,315.766992,2526.13593
400,line_43_c23,246,1531,3662,317.129332,2537.03466
400,line_43_c23,247,1532,3664,318.483217,2547.86573
400,line_43_c23,248,1533,3666,319.828358,2558.62687
400,line_43_c23,249,1534,3668,321.164474,2569.31579
400,line_43_c23,250,1535,3670,322.491289,2579.93031
400,line_43_c23,251,1536,3672,323.808531,2590.46825
400,line_43_c23,252,1537,3674,325.115936,2600.92749
400,line_43_c23,253,1538,3676,326.413246,2611.30597
400,line_43_c23,254,1539,3678,327.700208,2621.60167
400,line_43_c23,255,1540,3680,328.976577,2631.81261
400,line_43_c23,256,1541,3682,330.242112,2641.9369
400,line_43_c23,257,1542,3684,331.496582,2651.97265
400,line_43_c23,258,1543,3686,332.73976,2661.91808
400,line_43_c23,259,1544,3688,333.971428,2671.77143
400,line_43_c23,260,1545,3690,335.191376,2681.53101
400,line_43_c23,261,1546,3692,336.399398,2691.19519
400,line_43_c23,262,1547,3694,337.595301,2700.76241
400,line_43_c23,263,1548,3696,338.778896,2710.23117
400,line_43_c23,264,1549,3698,339.950006,2719.60005
400,line_43_c23,265,1550,3700,341.10846,2728.86768
400,line_43_c23,266,1551,3702,342.254098,2738.03278
400,line_43_c23,267,1552,3704,343.386768,2747.09414
400,line_43_c23,268,1553,3706,344.50633,2756.05064
400,line_43_c23,269,1554,3708,345.612652,2764.90121
400,line_43_c23,270,1555,3710,346.705613,2773.6449
400,line_43_c23,271,1556,3712,347.785103,2782.28082
400,line_43_c23,272,1557,3714,348.851023,2790.80818
400,line_43_c23,273,1558,3716,349.903284,2799.22627
400,line_43_c23,274,1559,3718,350.941811,2807.53449
400,line_43_c23,275,1560,3720,351.966539,2815.73231
400,line_43_c23,276,1561,3722,352.977416,2823.81933
400,line_43_c23,277,1562,3724,353.9744,2831.7952
400,line_43_c23,278,1563,3726,354.957467,2839.65973
400,line_43_c23,279,1564,3728,355.9266,2847.4128
400,line_43_c23,280,1565,3730,356.8818,2855.0544
400,line_43_c23,281,1566,3732,357.823078,2862.58462
400,line_43_c23,282,1567,3734,358.750459,2870.00367
400,line_43_c23,283,1568,3736,359.663981,2877.31185
400,line_43_c23,284,1569,3738,360.563696,2884.50957
400,line_43_c23,285,1570,3740,361.449669,2891.59735
400,line_43_c23,286,1571,3742,362.321978,2898.57582
400,line_43_c23,287,1572,3744,363.180714,2905.44572
400,line_43_c23,288,1573,3746,364.025985,2912.20788
400,line_43_c23,289,1574,3748,364.857907,2918.86325
400,line_43_c23,290,1575,3750,365.676612,2925.41289
400,line_43_c23,291,1576,3752,366.482245,2931.85796
400,line_43_c23,292,1577,3754,367.274965,2938.19972
400,line_43_c23,293,1578,3756,368.054943,2944.43954
400,line_43_c23,294,1579,3758,368.822362,2950.5789
400,line_43_c23,295,1580,3760,369.577418,2956.61935
400,line_43_c23,296,1581,3762,370.320318,2962.56255
400,line_43_c23,297,1582,3764,371.05128,2968.41024
400,line_43_c23,298,1583,3766,371.770532,2974.16426
400,line_43_c23,299,1584,3768,372.478313,2979.82651
400,line_43_c23,300,1585,3770,373.174873,2985.39898
400,line_43_c23,301,1586,3772,373.860467,2990.88374
400,line_43_c23,302,1587,3774,374.535364,2996.28291
400,line_43_c23,303,1588,3776,375.199838,3001.5987
400,line_43_c23,304,1589,3778,375.854173,3006.83338
400,line_43_c23,305,1590,3780,376.498659,3011.98927
400,line_43_c23,306,1591,3782,377.133593,3017.06875
400,line_43_c23,307,1592,3784,377.759278,3022.07422
400,line_43_c23,308,1593,3786,378.37602,3027.00816
400,line_43_c23,309,1594,3788,378.984132,3031.87305
400,line_43_c23,310,1595,3790,379.583927,3036.67142
400,line_43_c23,311,1596,3792,380.175725,3041.4058
400,line_43_c23,312,1597,3794,380.759845,3046.07876
400,line_43_c23,313,1598,3796,381.336609,3050.69287
400,line_43_c23,314,1599,3798,381.906339,3055.25071
400,line_43_c23,315,1600,3800,382.469359,3059.75487
400,line_43_c23,316,1601,3802,383.025989,3064.20792
400,line_43_c23,317,1602,3804,383.576552,3068.61241
400,line_43_c23,318,1603,3806,384.121363,3072.9709
400,line_43_c23,319,1604,3808,384.660737,3077.2859
400,line_43_c23,320,1605,3810,385.194983,3081.55987
400,line_43_c23,321,1606,3812,385.724405,3085.79524
400,line_43_c23,322,1607,3814,386.249301,3089.99441
400,line_43_c23,323,1608,3816,386.769962,3094.1597
400,line_43_c23,324,1609,3818,387.286671,3098.29337
400,line_43_c23,325,1610,3820,387.799704,3102.39764
400,line_43_c23,326,1611,3822,388.309328,3106.47462
400,line_43_c23,327,1612,3824,388.815799,3110.52639
400,line_43_c23,328,1613,3826,389.319365,3114.55492
400,line_43_c23,329,1614,3828,389.820263,3118.5621
400,line_43_c23,330,1615,3830,390.318716,3122.54973
400,line_43_c23,331,1616,3832,390.81494,3126.51952
400,line_43_c23,332,1617,3834,391.309136,3130.47308
400,line_43_c23,333,1618,3836,391.801492,3134.41194
400,line_43_c23,334,1619,3838,392.292184,3138.33747
400,line_43_c23,335,1620,3840,392.781374,3142.25099
400,line_43_c23,336,1621,3842,393.269209,3146.15367
400,line_43_c23,337,1622,3844,393.755824,3150.04659
400,line_43_c23,338,1623,3846,394.241338,3153.93071
400,line_43_c23,339,1624,3848,394.725859,3157.80687
400,line_43_c23,340,1625,3850,395.209476,3161.67581
400,line_43_c23,341,1626,3852,395.692267,3165.53813
400,line_43_c23,342,1627,3854,396.174293,3169.39434
400,line_43_c23,343,1628,3856,396.6556,3173.2448
400,line_43_c23,344,1629,3858,397.136221,3177.08977
400,line_43_c23,345,1630,3860,397.616172,3180.92938
400,line_43_c23,346,1631,3862,398.095453,3184.76363
400,line_43_c23,347,1632,3864,398.574051,3188.59241
400,line_43_c23,348,1633,3866,399.051938,3192.4155
400,line_43_c23,349,1634,3868,399.52907,3196.23256
400,line_43_c23,350,1635,3870,400.005389,3200.04311
400,line_43_c23,351,1636,3872,400.480824,3203.8466
400,line_43_c23,352,1637,3874,400.955291,3207.64233
400,line_43_c23,353,1638,3876,401.428691,3211.42953
400,line_43_c23,354,1639,3878,401.900912,3215.20729
400,line_43_c23,355,1640,3880,402.371831,3218.97465
400,line_43_c23,356,1641,3882,402.841311,3222.73049
400,line_43_c23,357,1642,3884,403.309204,3226.47364
400,line_43_c23,358,1643,3886,403.775352,3230.20282
400,line_43_c23,359,1644,3888,404.239584,3233.91668
400,line_43_c23,360,1645,3890,404.701722,3237.61378
400,line_43_c23,361,1646,3892,405.161574,3241.29259
400,line_43_c23,362,1647,3894,405.618941,3244.95153
400,line_43_c23,363,1648,3896,406.073615,3248.58892
400,line_43_c23,364,1649,3898,406.525383,3252.20306
400,line_43_c23,365,1650,3900,406.974019,3255.79215
400,line_43_c23,366,1651,3902,407.419295,3259.35436
400,line_43_c23,367,1652,3904,407.860975,3262.8878
400,line_43_c23,368,1653,3906,408.29882,3266.39056
400,line_43_c23,369,1654,3908,408.73258,3269.86064
400,line_43_c23,370,1655,3910,409.162007,3273.29606
400,line_43_c23,371,1656,3912,409.586845,3276.69476
400,line_43_c23,372,1657,3914,410.006837,3280.05469
400,line_43_c23,373,1658,3916,410.421721,3283.37377
400,line_43_c23,374,1659,3918,410.831237,3286.64989
400,line_43_c23,375,1660,3920,411.235119,3289.88095
400,line_43_c23,376,1661,3922,411.633101,3293.06481
400,line_43_c23,377,1662,3924,412.024916,3296.19933
400,line_43_c23,378,1663,3926,412.4103,3299.2824
400,line_43_c23,379,1664,3928,412.788987,3302.3119
400,line_43_c23,380,1665,3930,413.160712,3305.28569
400,line_43_c23,381,1666,3932,413.525214,3308.20171
400,line_43_c23,382,1667,3934,413.882235,3311.05788
400,line_43_c23,383,1668,3936,414.231515,3313.85212
400,line_43_c23,384,1669,3938,414.572803,3316.58243
400,line_43_c23,385,1670,3940,414.905845,3319.24676
400,line_43_c23,386,1671,3942,415.230395,3321.84316
400,line_43_c23,387,1672,3944,415.546209,3324.36967
400,line_43_c23,388,1673,3946,415.853051,3326.82441
400,line_43_c23,389,1674,3948,416.150689,3329.20551
400,line_43_c23,390,1675,3950,416.438898,3331.51119
400,line_43_c23,391,1676,3952,416.717456,3333.73965
400,line_43_c23,392,1677,3954,416.986147,3335.88918
400,line_43_c23,393,1678,3956,417.244765,3337.95812
400,line_43_c23,394,1679,3958,417.493109,3339.94488
400,line_43_c23,395,1680,3960,417.730986,3341.84789
400,line_43_c23,396,1681,3962,417.95821,3343.66568
400,line_43_c23,397,1682,3964,418.1746,3345.3968
400,line_43_c23,398,1683,3966,418.402905,3347.22324
400,line_43_c23,399,1684,3968,418.586189,3348.68951
400,line_43_c23,400,1685,3970,418.853904,3350.83123
400,line_43_c23,401,1686,3972,419.048142,3352.38514
400,line_43_c23,402,1687,3974,419.261523,3354.09218
400,line_43_c23,403,1688,3976,419.460685,3355.68548
400,line_43_c23,404,1689,3978,419.670302,3357.36242
400,line_43_c23,405,1690,3980,419.853694,3358.82955
400,line_43_c23,406,1691,3982,419.992995,3359.94396
400,line_43_c23,407,1692,3984,420.163513,3361.3081
400,line_43_c23,408,1693,3986,420.26357,3362.10856
400,line_43_c23,409,1694,3988,420.360052,3362.88041
400,line_43_c23,410,1695,3990,420.450025,3363.6002
400,line_43_c23,411,1696,3992,420.549461,3364.39569
400,line_43_c23,412,1697,3994,420.647051,3365.17641
400,line_43_c23,413,1698,3996,420.742257,3365.93806
400,line_43_c23,414,1699,3998,420.828829,3366.63063
400,line_43_c23,415,1700,4000,420.918785,3367.35028
400,line_43_c23,416,1701,4002,421.005114,3368.04091
400,line_43_c23,417,1702,4004,421.087613,3368.7009
400,line_43_c23,418,1703,4006,421.166161,3369.32929
400,line_43_c23,419,1704,4008,421.238777,3369.91021
400,line_43_c23,420,1705,4010,421.308293,3370.46634
400,line_43_c23,421,1706,4012,421.375562,3371.00449
400,line_43_c23,422,1707,4014,421.439007,3371.51205
400,line_43_c23,423,1708,4016,421.498812,3371.99049
400,line_77_c14,58,869,2338,243.260583,1946.08467
400,line_77_c14,59,870,2340,243.41982,1947.35856
400,line_77_c14,60,871,2342,243.584157,1948.67326
400,line_77_c14,61,872,2344,243.742968,1949.94375
400,line_77_c14,62,873,2346,243.894925,1951.1594
400,line_77_c14,63,874,2348,244.05362,1952.42896
400,line_77_c14,64,875,2350,244.219973,1953.75978
400,line_77_c14,65,876,2352,244.365703,1954.92562
400,line_77_c14,66,877,2354,244.533858,1956.27086
400,line_77_c14,67,878,2356,244.69686,1957.57488
400,line_77_c14,68,879,2358,244.867288,1958.93831
400,line_77_c14,69,880,2360,245.05278,1960.42224
400,line_77_c14,70,881,2362,245.235966,1961.88773
400,line_77_c14,71,882,2364,245.428015,1963.42412
400,line_77_c14,72,883,2366,245.628956,1965.03165
400,line_77_c14,73,884,2368,245.838818,1966.71054
400,line_77_c14,74,885,2370,246.057633,1968.46106
400,line_77_c14,75,886,2372,246.285433,1970.28346
400,line_77_c14,76,887,2374,246.52225,1972.178
400,line_77_c14,77,888,2376,246.768118,1974.14495
400,line_77_c14,78,889,2378,247.023073,1976.18458
400,line_77_c14,79,890,2380,247.287149,1978.29719
400,line_77_c14,80,891,2382,247.560385,1980.48308
400,line_77_c14,81,892,2384,247.842816,1982.74253
400,line_77_c14,82,893,2386,248.134481,1985.07585
400,line_77_c14,83,894,2388,248.435419,1987.48335
400,line_77_c14,84,895,2390,248.745668,1989.96534
400,line_77_c14,85,896,2392,249.065268,1992.52214
400,line_77_c14,86,897,2394,249.394258,1995.15407
400,line_77_c14,87,898,2396,249.732679,1997.86143
400,line_77_c14,88,899,2398,250.080569,2000.64455
400,line_77_c14,89,900,2400,250.437968,2003.50375
400,line_77_c14,90,901,2402,250.804916,2006.43933
400,line_77_c14,91,902,2404,251.181451,2009.45161
400,line_77_c14,92,903,2406,251.56761,2012.54088
400,line_77_c14,93,904,2408,251.963432,2015.70746
400,line_77_c14,94,905,2410,252.368952,2018.95162
400,line_77_c14,95,906,2412,252.784206,2022.27365
400,line_77_c14,96,907,2414,253.209228,2025.67383
400,line_77_c14,97,908,2416,253.64405,2029.1524
400,line_77_c14,98,909,2418,254.088705,2032.70964
400,line_77_c14,99,910,2420,254.54322,2036.34576
400,line_77_c14,100,911,2422,255.007624,2040.06099
400,line_77_c14,101,912,2424,255.481941,2043.85553
400,line_77_c14,102,913,2426,255.966195,2047.72956
400,line_77_c14,103,914,2428,256.460406,2051.68325
400,line_77_c14,104,915,2430,256.964592,2055.71674
400,line_77_c14,105,916,2432,257.478767,2059.83014
400,line_77_c14,106,917,2434,258.002944,2064.02355
400,line_77_c14,107,918,2436,258.53713,2068.29704
400,line_77_c14,108,919,2438,259.08133,2072.65064
400,line_77_c14,109,920,2440,259.635546,2077.08437
400,line_77_c14,110,921,2442,260.199774,2081.59819
400,line_77_c14,111,922,2444,260.774009,2086.19207
400,line_77_c14,112,923,2446,261.358238,2090.8659
400,line_77_c14,113,924,2448,261.952445,2095.61956
400,line_77_c14,114,925,2450,262.556612,2100.45289
400,line_77_c14,115,926,2452,263.170711,2105.36569
400,line_77_c14,116,927,2454,263.794713,2110.3577
400,line_77_c14,117,928,2456,264.428583,2115.42866
400,line_77_c14,118,929,2458,265.072279,2120.57824
400,line_77_c14,119,930,2460,265.725757,2125.80606
400,line_77_c14,120,931,2462,266.388964,2131.11171
400,line_77_c14,121,932,2464,267.061843,2136.49474
400,line_77_c14,122,933,2466,267.744331,2141.95465
400,line_77_c14,123,934,2468,268.436359,2147.49087
400,line_77_c14,124,935,2470,269.137854,2153.10283
400,line_77_c14,125,936,2472,269.848733,2158.78987
400,line_77_c14,126,937,2474,270.568911,2164.55129
400,line_77_c14,127,938,2476,271.298295,2170.38636
400,line_77_c14,128,939,2478,272.036786,2176.29429
400,line_77_c14,129,940,2480,272.784279,2182.27423
400,line_77_c14,130,941,2482,273.540662,2188.3253
400,line_77_c14,131,942,2484,274.305819,2194.44655
400,line_77_c14,132,943,2486,275.079626,2200.63701
400,line_77_c14,133,944,2488,275.861954,2206.89563
400,line_77_c14,134,945,2490,276.652666,2213.22133
400,line_77_c14,135,946,2492,277.451622,2219.61298
400,line_77_c14,136,947,2494,278.258674,2226.06939
400,line_77_c14,137,948,2496,279.073669,2232.58935
400,line_77_c14,138,949,2498,279.896447,2239.17158
400,line_77_c14,139,950,2500,280.726845,2245.81476
400,line_77_c14,140,951,2502,281.564691,2252.51753
400,line_77_c14,141,952,2504,282.409812,2259.2785
400,line_77_c14,142,953,2506,283.262028,2266.09622
400,line_77_c14,143,954,2508,284.121152,2272.96921
400,line_77_c14,144,955,2510,284.986995,2279.89596
400,line_77_c14,145,956,2512,285.859363,2286.87491
400,line_77_c14,146,957,2514,286.738058,2293.90447
400,line_77_c14,147,958,2516,287.622878,2300.98302
400,line_77_c14,148,959,2518,288.513616,2308.10893
400,line_77_c14,149,960,2520,289.410063,2315.2805
400,line_77_c14,150,961,2522,290.312006,2322.49605
400,line_77_c14,151,962,2524,291.219231,2329.75385
400,line_77_c14,152,963,2526,292.131519,2337.05215
400,line_77_c14,153,964,2528,293.04865,2344.3892
400,line_77_c14,154,965,2530,293.970403,2351.76322
400,line_77_c14,155,966,2532,294.896553,2359.17243
400,line_77_c14,156,967,2534,295.826877,2366.61501
400,line_77_c14,157,968,2536,296.761147,2374.08918
400,line_77_c14,158,969,2538,297.699138,2381.59311
400,line_77_c14,159,970,2540,298.640623,2389.12499
400,line_77_c14,160,971,2542,299.585376,2396.68301
400,line_77_c14,161,972,2544,300.533171,2404.26537
400,line_77_c14,162,973,2546,301.483782,2411.87026
400,line_77_c14,163,974,2548,302.436986,2419.49589
400,line_77_c14,164,975,2550,303.392559,2427.14047
400,line_77_c14,165,976,2552,304.350282,2434.80226
400,line_77_c14,166,977,2554,305.309935,2442.47948
400,line_77_c14,167,978,2556,306.271303,2450.17043
400,line_77_c14,168,979,2558,307.234173,2457.87338
400,line_77_c14,169,980,2560,308.198334,2465.58667
400,line_77_c14,170,981,2562,309.163581,2473.30865
400,line_77_c14,171,982,2564,310.129711,2481.03769
400,line_77_c14,172,983,2566,311.096525,2488.7722
400,line_77_c14,173,984,2568,312.06383,2496.51064
400,line_77_c14,174,985,2570,313.031437,2504.2515
400,line_77_c14,175,986,2572,313.999161,2511.99329
400,line_77_c14,176,987,2574,314.966824,2519.73459
400,line_77_c14,177,988,2576,315.934252,2527.47402
400,line_77_c14,178,989,2578,316.901279,2535.21023
400,line_77_c14,179,990,2580,317.867742,2542.94193
400,line_77_c14,180,991,2582,318.833486,2550.66789
400,line_77_c14,181,992,2584,319.798363,2558.3869
400,line_77_c14,182,993,2586,320.76223,2566.09784
400,line_77_c14,183,994,2588,321.724953,2573.79962
400,line_77_c14,184,995,2590,322.686401,2581.49121
400,line_77_c14,185,996,2592,323.646455,2589.17164
400,line_77_c14,186,997,2594,324.605,2596.84
400,line_77_c14,187,998,2596,325.561928,2604.49543
400,line_77_c14,188,999,2598,326.517141,2612.13713
400,line_77_c14,189,1000,2600,327.470545,2619.76436
400,line_77_c14,190,1001,2602,328.422056,2627.37645
400,line_77_c14,191,1002,2604,329.371596,2634.97277
400,line_77_c14,192,1003,2606,330.319096,2642.55276
400,line_77_c14,193,1004,2608,331.264491,2650.11593
400,line_77_c14,194,1005,2610,332.207728,2657.66183
400,line_77_c14,195,1006,2612,333.148759,2665.19007
400,line_77_c14,196,1007,2614,334.087541,2672.70033
400,line_77_c14,197,1008,2616,335.024042,2680.19233
400,line_77_c14,198,1009,2618,335.958234,2687.66587
400,line_77_c14,199,1010,2620,336.890099,2695.12079
400,line_77_c14,200,1011,2622,337.819621,2702.55697
400,line_77_c14,201,1012,2624,338.746796,2709.97437
400,line_77_c14,202,1013,2626,339.671621,2717.37297
400,line_77_c14,203,1014,2628,340.594104,2724.75283
400,line_77_c14,204,1015,2630,341.514255,2732.11404
400,line_77_c14,205,1016,2632,342.432091,2739.45673
400,line_77_c14,206,1017,2634,343.347634,2746.78108
400,line_77_c14,207,1018,2636,344.260913,2754.08731
400,line_77_c14,208,1019,2638,345.17196,2761.37568
400,line_77_c14,209,1020,2640,346.08081,2768.64648
400,line_77_c14,210,1021,2642,346.987505,2775.90004
400,line_77_c14,211,1022,2644,347.89209,2783.13672
400,line_77_c14,212,1023,2646,348.794613,2790.35691
400,line_77_c14,213,1024,2648,349.695125,2797.561
400,line_77_c14,214,1025,2650,350.593681,2804.74944
400,line_77_c14,215,1026,2652,351.490336,2811.92268
400,line_77_c14,216,1027,2654,352.385149,2819.08119
400,line_77_c14,217,1028,2656,353.278181,2826.22545
400,line_77_c14,218,1029,2658,354.169492,2833.35594
400,line_77_c14,219,1030,2660,355.059146,2840.47317
400,line_77_c14,220,1031,2662,355.947206,2847.57764
400,line_77_c14,221,1032,2664,356.833733,2854.66986
400,line_77_c14,222,1033,2666,357.71879,2861.75032
400,line_77_c14,223,1034,2668,358.60244,2868.81952
400,line_77_c14,224,1035,2670,359.484743,2875.87795
400,line_77_c14,225,1036,2672,360.365759,2882.92607
400,line_77_c14,226,1037,2674,361.245545,2889.96436
400,line_77_c14,227,1038,2676,362.124157,2896.99326
400,line_77_c14,228,1039,2678,363.001647,2904.01318
400,line_77_c14,229,1040,2680,363.878065,2911.02452
400,line_77_c14,230,1041,2682,364.753458,2918.02766
400,line_77_c14,231,1042,2684,365.627868,2925.02294
400,line_77_c14,232,1043,2686,366.501334,2932.01067
400,line_77_c14,233,1044,2688,367.37389,2938.99112
400,line_77_c14,234,1045,2690,368.245567,2945.96454
400,line_77_c14,235,1046,2692,369.11639,2952.93112
400,line_77_c14,236,1047,2694,369.986377,2959.89102
400,line_77_c14,237,1048,2696,370.855544,2966.84435
400,line_77_c14,238,1049,2698,371.723898,2973.79118
400,line_77_c14,239,1050,2700,372.591442,2980.73154
400,line_77_c14,240,1051,2702,373.458173,2987.66538
400,line_77_c14,241,1052,2704,374.32408,2994.59264
400,line_77_c14,242,1053,2706,375.189146,3001.51317
400,line_77_c14,243,1054,2708,376.053348,3008.42679
400,line_77_c14,244,1055,2710,376.916656,3015.33325
400,line_77_c14,245,1056,2712,377.779031,3022.23225
400,line_77_c14,246,1057,2714,378.64043,3029.12344
400,line_77_c14,247,1058,2716,379.5008,3036.0064
400,line_77_c14,248,1059,2718,380.360081,3042.88065
400,line_77_c14,249,1060,2720,381.218208,3049.74567
400,line_77_c14,250,1061,2722,382.075107,3056.60085
400,line_77_c14,251,1062,2724,382.930695,3063.44556
400,line_77_c14,252,1063,2726,383.784886,3070.27908
400,line_77_c14,253,1064,2728,384.637581,3077.10065
400,line_77_c14,254,1065,2730,385.48868,3083.90944
400,line_77_c14,255,1066,2732,386.338071,3090.70457
400,line_77_c14,256,1067,2734,387.185638,3097.4851
400,line_77_c14,257,1068,2736,388.031255,3104.25004
400,line_77_c14,258,1069,2738,388.874793,3110.99835
400,line_77_c14,259,1070,2740,389.716115,3117.72892
400,line_77_c14,260,1071,2742,390.555075,3124.4406
400,line_77_c14,261,1072,2744,391.391526,3131.1322
400,line_77_c14,262,1073,2746,392.22531,3137.80248
400,line_77_c14,263,1074,2748,393.056267,3144.45013
400,line_77_c14,264,1075,2750,393.884229,3151.07383
400,line_77_c14,265,1076,2752,394.709025,3157.6722
400,line_77_c14,266,1077,2754,395.530479,3164.24383
400,line_77_c14,267,1078,2756,396.348409,3170.78727
400,line_77_c14,268,1079,2758,397.162629,3177.30103
400,line_77_c14,269,1080,2760,397.972951,3183.78361
400,line_77_c14,270,1081,2762,398.779182,3190.23346
400,line_77_c14,271,1082,2764,399.581127,3196.64902
400,line_77_c14,272,1083,2766,400.378586,3203.02869
400,line_77_c14,273,1084,2768,401.17136,3209.37088
400,line_77_c14,274,1085,2770,401.959245,3215.67396
400,line_77_c14,275,1086,2772,402.742037,3221.9363
400,line_77_c14,276,1087,2774,403.519532,3228.15625
400,line_77_c14,277,1088,2776,404.291522,3234.33218
400,line_77_c14,278,1089,2778,405.057802,3240.46241
400,line_77_c14,279,1090,2780,405.818164,3246.54531
400,line_77_c14,280,1091,2782,406.572404,3252.57923
400,line_77_c14,281,1092,2784,407.320316,3258.56253
400,line_77_c14,282,1093,2786,408.061698,3264.49358
400,line_77_c14,283,1094,2788,408.796347,3270.37077
400,line_77_c14,284,1095,2790,409.524063,3276.19251
400,line_77_c14,285,1096,2792,410.244651,3281.95721
400,line_77_c14,286,1097,2794,410.957915,3287.66332
400,line_77_c14,287,1098,2796,411.663666,3293.30933
400,line_77_c14,288,1099,2798,412.361717,3298.89374
400,line_77_c14,289,1100,2800,413.051885,3304.41508
400,line_77_c14,290,1101,2802,413.733991,3309.87193
400,line_77_c14,291,1102,2804,414.407862,3315.2629
400,line_77_c14,292,1103,2806,415.073331,3320.58664
400,line_77_c14,293,1104,2808,415.730234,3325.84187
400,line_77_c14,294,1105,2810,416.378415,3331.02732
400,line_77_c14,295,1106,2812,417.017724,3336.14179
400,line_77_c14,296,1107,2814,417.648016,3341.18413
400,line_77_c14,297,1108,2816,418.269155,3346.15324
400,line_77_c14,298,1109,2818,418.881009,3351.04807
400,line_77_c14,299,1110,2820,419.483457,3355.86765
400,line_77_c14,300,1111,2822,420.076382,3360.61105
400,line_77_c14,301,1112,2824,420.659675,3365.2774
400,line_77_c14,302,1113,2826,421.233238,3369.8659
400,line_77_c14,303,1114,2828,421.796977,3374.37582
400,line_77_c14,304,1115,2830,422.350809,3378.80647
400,line_77_c14,305,1116,2832,422.894657,3383.15726
400,line_77_c14,306,1117,2834,423.428455,3387.42764
400,line_77_c14,307,1118,2836,423.952143,3391.61714
400,line_77_c14,308,1119,2838,424.46567,3395.72536
400,line_77_c14,309,1120,2840,424.968995,3399.75196
400,line_77_c14,310,1121,2842,425.462084,3403.69667
400,line_77_c14,311,1122,2844,425.944912,3407.5593
400,line_77_c14,312,1123,2846,426.417463,3411.33971
400,line_77_c14,313,1124,2848,426.879729,3415.03784
400,line_77_c14,314,1125,2850,427.331711,3418.65368
400,line_77_c14,315,1126,2852,427.773415,3422.18732
400,line_77_c14,316,1127,2854,428.20486,3425.63888
400,line_77_c14,317,1128,2856,428.626069,3429.00855
400,line_77_c14,318,1129,2858,429.037075,3432.2966
400,line_77_c14,319,1130,2860,429.437919,3435.50336
400,line_77_c14,320,1131,2862,429.828649,3438.62919
400,line_77_c14,321,1132,2864,430.20932,3441.67456
400,line_77_c14,322,1133,2866,430.579994,3444.63995
400,line_77_c14,323,1134,2868,430.940741,3447.52593
400,line_77_c14,324,1135,2870,431.291638,3450.3331
400,line_77_c14,325,1136,2872,431.632767,3453.06214
400,line_77_c14,326,1137,2874,431.964217,3455.71374
400,line_77_c14,327,1138,2876,432.286084,3458.28867
400,line_77_c14,328,1139,2878,432.598467,3460.78774
400,line_77_c14,329,1140,2880,432.901473,3463.21179
400,line_77_c14,330,1141,2882,433.195214,3465.56171
400,line_77_c14,331,1142,2884,433.479804,3467.83843
400,line_77_c14,332,1143,2886,433.755365,3470.04292
400,line_77_c14,333,1144,2888,434.022021,3472.17617
400,line_77_c14,334,1145,2890,434.2799,3474.2392
400,line_77_c14,335,1146,2892,434.529135,3476.23308
400,line_77_c14,336,1147,2894,434.769859,3478.15887
400,line_77_c14,337,1148,2896,435.00221,3480.01768
400,line_77_c14,338,1149,2898,435.226329,3481.81063
400,line_77_c14,339,1150,2900,435.442358,3483.53886
400,line_77_c14,340,1151,2902,435.650441,3485.20352
400,line_77_c14,341,1152,2904,435.850722,3486.80578
400,line_77_c14,342,1153,2906,436.043349,3488.34679
400,line_77_c14,343,1154,2908,436.228468,3489.82774
400,line_77_c14,344,1155,2910,436.406226,3491.24981
400,line_77_c14,345,1156,2912,436.576771,3492.61417
400,line_77_c14,346,1157,2914,436.74025,3493.922
400,line_77_c14,347,1158,2916,436.896808,3495.17446
400,line_77_c14,348,1159,2918,437.046591,3496.37273
400,line_77_c14,349,1160,2920,437.189742,3497.51794
400,line_77_c14,350,1161,2922,437.326404,3498.61123
400,line_77_c14,351,1162,2924,437.456717,3499.65374
400,line_77_c14,352,1163,2926,437.580819,3500.64655
400,line_77_c14,353,1164,2928,437.698845,3501.59076
400,line_77_c14,354,1165,2930,437.810927,3502.48742
400,line_77_c14,355,1166,2932,437.917195,3503.33756
400,line_77_c14,356,1167,2934,438.017776,3504.14221
400,line_77_c14,357,1168,2936,438.11279,3504.90232
400,line_77_c14,358,1169,2938,438.202358,3505.61886
400,line_77_c14,359,1170,2940,438.286592,3506.29273
400,line_77_c14,360,1171,2942,438.365602,3506.92481
400,line_77_c14,361,1172,2944,438.439493,3507.51594
400,line_77_c14,362,1173,2946,438.508366,3508.06692
400,line_77_c14,363,1174,2948,438.572315,3508.57852
400,line_77_c14,364,1175,2950,438.63143,3509.05144
400,line_77_c14,365,1176,2952,438.685796,3509.48637
400,line_77_c14,366,1177,2954,438.735094,3509.88076
400,line_77_c14,367,1178,2956,438.772573,3510.18058
400,line_77_c14,368,1179,2958,438.7955,3510.364
400,line_77_c14,369,1180,2960,438.812357,3510.49885
400,line_77_c14,370,1181,2962,438.825964,3510.60771
400,line_77_c14,371,1182,2964,438.83733,3510.69864
400,line_77_c14,372,1183,2966,438.844334,3510.75467
400,line_77_c14,373,1184,2968,438.854767,3510.83813
400,line_77_c14,374,1185,2970,438.857522,3510.86017
400,line_77_c14,375,1186,2972,438.862466,3510.89972
400,line_77_c14,376,1187,2974,438.863581,3510.90864
400,line_89_c6,1,549,1698,370.092263,2960.73811
400,line_89_c6,2,550,1700,370.099657,2960.79725
400,line_89_c6,3,551,1702,370.109429,2960.87543
400,line_89_c6,4,552,1704,370.117739,2960.94191
400,line_89_c6,5,553,1706,370.126329,2961.01063
400,line_89_c6,6,554,1708,370.135916,2961.08732
400,line_89_c6,7,555,1710,370.145782,2961.16625
400,line_89_c6,8,556,1712,370.157456,2961.25965
400,line_89_c6,9,557,1714,370.167923,2961.34338
400,line_89_c6,10,558,1716,370.178852,2961.43082
400,line_89_c6,11,559,1718,370.192886,2961.54308
400,line_89_c6,12,560,1720,370.211319,2961.69055
400,line_89_c6,13,561,1722,370.233937,2961.8715
400,line_89_c6,14,562,1724,370.262697,2962.10158
400,line_89_c6,15,563,1726,370.293079,2962.34463
400,line_89_c6,16,564,1728,370.326956,2962.61565
400,line_89_c6,17,565,1730,370.363473,2962.90778
400,line_89_c6,18,566,1732,370.402646,2963.22117
400,line_89_c6,19,567,1734,370.444495,2963.55596
400,line_89_c6,20,568,1736,370.48904,2963.91232
400,line_89_c6,21,569,1738,370.536301,2964.29041
400,line_89_c6,22,570,1740,370.5863,2964.6904
400,line_89_c6,23,571,1742,370.63906,2965.11248
400,line_89_c6,24,572,1744,370.694604,2965.55683
400,line_89_c6,25,573,1746,370.752957,2966.02365
400,line_89_c6,26,574,1748,370.814142,2966.51314
400,line_89_c6,27,575,1750,370.878187,2967.0255
400,line_89_c6,28,576,1752,370.945117,2967.56094
400,line_89_c6,29,577,1754,371.014959,2968.11967
400,line_89_c6,30,578,1756,371.087741,2968.70193
400,line_89_c6,31,579,1758,371.163491,2969.30793
400,line_89_c6,32,580,1760,371.242237,2969.9379
400,line_89_c6,33,581,1762,371.324009,2970.59207
400,line_89_c6,34,582,1764,371.408837,2971.27069
400,line_89_c6,35,583,1766,371.49675,2971.974
400,line_89_c6,36,584,1768,371.587778,2972.70223
400,line_89_c6,37,585,1770,371.681954,2973.45563
400,line_89_c6,38,586,1772,371.779308,2974.23446
400,line_89_c6,39,587,1774,371.879871,2975.03897
400,line_89_c6,40,588,1776,371.983676,2975.86941
400,line_89_c6,41,589,1778,372.090754,2976.72604
400,line_89_c6,42,590,1780,372.201139,2977.60911
400,line_89_c6,43,591,1782,372.314863,2978.5189
400,line_89_c6,44,592,1784,372.431959,2979.45567
400,line_89_c6,45,593,1786,372.552461,2980.41969
400,line_89_c6,46,594,1788,372.676402,2981.41121
400,line_89_c6,47,595,1790,372.803816,2982.43053
400,line_89_c6,48,596,1792,372.934738,2983.47791
400,line_89_c6,49,597,1794,373.069202,2984.55362
400,line_89_c6,50,598,1796,373.207243,2985.65794
400,line_89_c6,51,599,1798,373.348895,2986.79116
400,line_89_c6,52,600,1800,373.494194,2987.95355
400,line_89_c6,53,601,1802,373.643174,2989.1454
400,line_89_c6,54,602,1804,373.795873,2990.36698
400,line_89_c6,55,603,1806,373.952325,2991.6186
400,line_89_c6,56,604,1808,374.112567,2992.90054
400,line_89_c6,57,605,1810,374.276635,2994.21308
400,line_89_c6,58,606,1812,374.444567,2995.55654
400,line_89_c6,59,607,1814,374.6164,2996.9312
400,line_89_c6,60,608,1816,374.79217,2998.33736
400,line_89_c6,61,609,1818,374.971917,2999.77534
400,line_89_c6,62,610,1820,375.155678,3001.24543
400,line_89_c6,63,611,1822,375.343494,3002.74795
400,line_89_c6,64,612,1824,375.535402,3004.28321
400,line_89_c6,65,613,1826,375.731443,3005.85154
400,line_89_c6,66,614,1828,375.931658,3007.45326
400,line_89_c6,67,615,1830,376.136087,3009.08869
400,line_89_c6,68,616,1832,376.344772,3010.75817
400,line_89_c6,69,617,1834,376.557755,3012.46204
400,line_89_c6,70,618,1836,376.77508,3014.20064
400,line_89_c6,71,619,1838,376.996789,3015.97431
400,line_89_c6,72,620,1840,377.222927,3017.78342
400,line_89_c6,73,621,1842,377.453539,3019.62832
400,line_89_c6,74,622,1844,377.688671,3021.50937
400,line_89_c6,75,623,1846,377.928368,3023.42695
400,line_89_c6,76,624,1848,378.172679,3025.38143
400,line_89_c6,77,625,1850,378.42165,3027.3732
400,line_89_c6,78,626,1852,378.675331,3029.40265
400,line_89_c6,79,627,1854,378.933771,3031.47016
400,line_89_c6,80,628,1856,379.197019,3033.57616
400,line_89_c6,81,629,1858,379.465129,3035.72103
400,line_89_c6,82,630,1860,379.73815,3037.9052
400,line_89_c6,83,631,1862,380.016136,3040.12909
400,line_89_c6,84,632,1864,380.29914,3042.39312
400,line_89_c6,85,633,1866,380.587217,3044.69774
400,line_89_c6,86,634,1868,380.880421,3047.04337
400,line_89_c6,87,635,1870,381.178808,3049.43046
400,line_89_c6,88,636,1872,381.482434,3051.85947
400,line_89_c6,89,637,1874,381.791357,3054.33086
400,line_89_c6,90,638,1876,382.105634,3056.84507
400,line_89_c6,91,639,1878,382.425323,3059.40258
400,line_89_c6,92,640,1880,382.750483,3062.00386
400,line_89_c6,93,641,1882,383.081174,3064.64939
400,line_89_c6,94,642,1884,383.417455,3067.33964
400,line_89_c6,95,643,1886,383.759387,3070.07509
400,line_89_c6,96,644,1888,384.107029,3072.85624
400,line_89_c6,97,645,1890,384.460444,3075.68356
400,line_89_c6,98,646,1892,384.819692,3078.55754
400,line_89_c6,99,647,1894,385.184835,3081.47868
400,line_89_c6,100,648,1896,385.555934,3084.44747
400,line_89_c6,101,649,1898,385.933049,3087.46439
400,line_89_c6,102,650,1900,386.316243,3090.52995
400,line_89_c6,103,651,1902,386.705577,3093.64462
400,line_89_c6,104,652,1904,387.101111,3096.80889
400,line_89_c6,105,653,1906,387.502906,3100.02325
400,line_89_c6,106,654,1908,387.911023,3103.28818
400,line_89_c6,107,655,1910,388.32552,3106.60416
400,line_89_c6,108,656,1912,388.746457,3109.97166
400,line_89_c6,109,657,1914,389.173893,3113.39114
400,line_89_c6,110,658,1916,389.607883,3116.86307
400,line_89_c6,111,659,1918,390.048486,3120.38789
400,line_89_c6,112,660,1920,390.495756,3123.96605
400,line_89_c6,113,661,1922,390.949748,3127.59799
400,line_89_c6,114,662,1924,391.410516,3131.28412
400,line_89_c6,115,663,1926,391.878109,3135.02488
400,line_89_c6,116,664,1928,392.35258,3138.82064
400,line_89_c6,117,665,1930,392.833977,3142.67182
400,line_89_c6,118,666,1932,393.322347,3146.57878
400,line_89_c6,119,667,1934,393.817735,3150.54188
400,line_89_c6,120,668,1936,394.320185,3154.56148
400,line_89_c6,121,669,1938,394.829738,3158.63791
400,line_89_c6,122,670,1940,395.346434,3162.77147
400,line_89_c6,123,671,1942,395.87031,3166.96248
400,line_89_c6,124,672,1944,396.4014,3171.2112
400,line_89_c6,125,673,1946,396.939738,3175.5179
400,line_89_c6,126,674,1948,397.485353,3179.88283
400,line_89_c6,127,675,1950,398.038274,3184.30619
400,line_89_c6,128,676,1952,398.598524,3188.78819
400,line_89_c6,129,677,1954,399.166126,3193.32901
400,line_89_c6,130,678,1956,399.7411,3197.9288
400,line_89_c6,131,679,1958,400.323461,3202.58769
400,line_89_c6,132,680,1960,400.913223,3207.30578
400,line_89_c6,133,681,1962,401.510396,3212.08317
400,line_89_c6,134,682,1964,402.114988,3216.9199
400,line_89_c6,135,683,1966,402.727002,3221.81601
400,line_89_c6,136,684,1968,403.346438,3226.77151
400,line_89_c6,137,685,1970,403.973295,3231.78636
400,line_89_c6,138,686,1972,404.607566,3236.86053
400,line_89_c6,139,687,1974,405.249241,3241.99393
400,line_89_c6,140,688,1976,405.898308,3247.18646
400,line_89_c6,141,689,1978,406.554749,3252.438
400,line_89_c6,142,690,1980,407.218546,3257.74837
400,line_89_c6,143,691,1982,407.889673,3263.11739
400,line_89_c6,144,692,1984,408.568105,3268.54484
400,line_89_c6,145,693,1986,409.253809,3274.03047
400,line_89_c6,146,694,1988,409.946752,3279.57402
400,line_89_c6,147,695,1990,410.646895,3285.17516
400,line_89_c6,148,696,1992,411.354196,3290.83357
400,line_89_c6,149,697,1994,412.06861,3296.54888
400,line_89_c6,150,698,1996,412.790087,3302.3207
400,line_89_c6,151,699,1998,413.518575,3308.1486
400,line_89_c6,152,700,2000,414.254015,3314.03212
400,line_89_c6,153,701,2002,414.99635,3319.9708
400,line_89_c6,154,702,2004,415.745515,3325.96412
400,line_89_c6,155,703,2006,416.501442,3332.01154
400,line_89_c6,156,704,2008,417.264062,3338.11249
400,line_89_c6,157,705,2010,418.0333,3344.2664
400,line_89_c6,158,706,2012,418.809079,3350.47263
400,line_89_c6,159,707,2014,419.591319,3356.73055
400,line_89_c6,160,708,2016,420.379935,3363.03948
400,line_89_c6,161,709,2018,421.17484,3369.39872
400,line_89_c6,162,710,2020,421.975944,3375.80755
400,line_89_c6,163,711,2022,422.783154,3382.26523
400,line_89_c6,164,712,2024,423.596373,3388.77098
400,line_89_c6,165,713,2026,424.415501,3395.32401
400,line_89_c6,166,714,2028,425.240436,3401.92349
400,line_89_c6,167,715,2030,426.071074,3408.56859
400,line_89_c6,168,716,2032,426.907307,3415.25845
400,line_89_c6,169,717,2034,427.749024,3421.99219
400,line_89_c6,170,718,2036,428.596114,3428.76891
400,line_89_c6,171,719,2038,429.448461,3435.58769
400,line_89_c6,172,720,2040,430.305948,3442.44758
400,line_89_c6,173,721,2042,431.168457,3449.34765
400,line_89_c6,174,722,2044,432.035866,3456.28693
400,line_89_c6,175,723,2046,432.908052,3463.26442
400,line_89_c6,176,724,2048,433.784892,3470.27914
400,line_89_c6,177,725,2050,434.666259,3477.33007
400,line_89_c6,178,726,2052,435.552026,3484.41621
400,line_89_c6,179,727,2054,436.442064,3491.53651
400,line_89_c6,180,728,2056,437.336245,3498.68996
400,line_89_c6,181,729,2058,438.234436,3505.87549
400,line_89_c6,182,730,2060,439.136507,3513.09206
400,line_89_c6,183,731,2062,440.042326,3520.33861
400,line_89_c6,184,732,2064,440.95176,3527.61408
400,line_89_c6,185,733,2066,441.864676,3534.91741
400,line_89_c6,186,734,2068,442.78094,3542.24752
400,line_89_c6,187,735,2070,443.700419,3549.60335
400,line_89_c6,188,736,2072,444.622979,3556.98383
400,line_89_c6,189,737,2074,445.548487,3564.3879
400,line_89_c6,190,738,2076,446.47681,3571.81448
400,line_89_c6,191,739,2078,447.407815,3579.26252
400,line_89_c6,192,740,2080,448.34137,3586.73096
400,line_89_c6,193,741,2082,449.277343,3594.21875
400,line_89_c6,194,742,2084,450.215605,3601.72484
400,line_89_c6,195,743,2086,451.156025,3609.2482
400,line_89_c6,196,744,2088,452.098474,3616.78779
400,line_89_c6,197,745,2090,453.042826,3624.34261
400,line_89_c6,198,746,2092,453.988954,3631.91163
400,line_89_c6,199,747,2094,454.936734,3639.49387
400,line_89_c6,200,748,2096,455.886043,3647.08834
400,line_89_c6,201,749,2098,456.836759,3654.69407
400,line_89_c6,202,750,2100,457.788762,3662.3101
400,line_89_c6,203,751,2102,458.741935,3669.93548
400,line_89_c6,204,752,2104,459.696163,3677.5693
400,line_89_c6,205,753,2106,460.65133,3685.21064
400,line_89_c6,206,754,2108,461.607325,3692.8586
400,line_89_c6,207,755,2110,462.564039,3700.51231
400,line_89_c6,208,756,2112,463.521364,3708.17091
400,line_89_c6,209,757,2114,464.479195,3715.83356
400,line_89_c6,210,758,2116,465.437429,3723.49943
400,line_89_c6,211,759,2118,466.395965,3731.16772
400,line_89_c6,212,760,2120,467.354706,3738.83765
400,line_89_c6,213,761,2122,468.313555,3746.50844
400,line_89_c6,214,762,2124,469.27242,3754.17936
400,line_89_c6,215,763,2126,470.23121,3761.84968
400,line_89_c6,216,764,2128,471.189835,3769.51868
400,line_89_c6,217,765,2130,472.14821,3777.18568
400,line_89_c6,218,766,2132,473.106253,3784.85002
400,line_89_c6,219,767,2134,474.06388,3792.51104
400,line_89_c6,220,768,2136,475.021015,3800.16812
400,line_89_c6,221,769,2138,475.97758,3807.82064
400,line_89_c6,222,770,2140,476.933501,3815.46801
400,line_89_c6,223,771,2142,477.888706,3823.10965
400,line_89_c6,224,772,2144,478.843127,3830.74502
400,line_89_c6,225,773,2146,479.796695,3838.37356
400,line_89_c6,226,774,2148,480.749345,3845.99476
400,line_89_c6,227,775,2150,481.701014,3853.60812
400,line_89_c6,228,776,2152,482.651641,3861.21313
400,line_89_c6,229,777,2154,483.601165,3868.80932
400,line_89_c6,230,778,2156,484.549528,3876.39622
400,line_89_c6,231,779,2158,485.496675,3883.9734
400,line_89_c6,232,780,2160,486.44255,3891.5404
400,line_89_c6,233,781,2162,487.387101,3899.09681
400,line_89_c6,234,782,2164,488.330274,3906.64219
400,line_89_c6,235,783,2166,489.272019,3914.17615
400,line_89_c6,236,784,2168,490.212287,3921.69829
400,line_89_c6,237,785,2170,491.151026,3929.20821
400,line_89_c6,238,786,2172,492.088191,3936.70553
400,line_89_c6,239,787,2174,493.023732,3944.18985
400,line_89_c6,240,788,2176,493.957602,3951.66082
400,line_89_c6,241,789,2178,494.889755,3959.11804
400,line_89_c6,242,790,2180,495.820144,3966.56115
400,line_89_c6,243,791,2182,496.748721,3973.98977
400,line_89_c6,244,792,2184,497.675441,3981.40353
400,line_89_c6,245,793,2186,498.600257,3988.80206
400,line_89_c6,246,794,2188,499.523121,3996.18497
400,line_89_c6,247,795,2190,500.443986,4003.55188
400,line_89_c6,248,796,2192,501.362802,4010.90242
400,line_89_c6,249,797,2194,502.279522,4018.23618
400,line_89_c6,250,798,2196,503.194096,4025.55277
400,line_89_c6,251,799,2198,504.106472,4032.85177
400,line_89_c6,252,800,2200,505.016598,4040.13279
400,line_89_c6,253,801,2202,505.924422,4047.39537
400,line_89_c6,254,802,2204,506.829888,4054.6391
400,line_89_c6,255,803,2206,507.732941,4061.86353
400,line_89_c6,256,804,2208,508.633522,4069.06818
400,line_89_c6,257,805,2210,509.531573,4076.25259
400,line_89_c6,258,806,2212,510.427033,4083.41626
400,line_89_c6,259,807,2214,511.319837,4090.5587
400,line_89_c6,260,808,2216,512.209923,4097.67938
400,line_89_c6,261,809,2218,513.097222,4104.77777
400,line_89_c6,262,810,2220,513.981665,4111.85332
400,line_89_c6,263,811,2222,514.863182,4118.90546
400,line_89_c6,264,812,2224,515.741699,4125.93359
400,line_89_c6,265,813,2226,516.61714,4132.93712
400,line_89_c6,266,814,2228,517.489428,4139.91542
400,line_89_c6,267,815,2230,518.358481,4146.86785
400,line_89_c6,268,816,2232,519.224218,4153.79375
400,line_89_c6,269,817,2234,520.086554,4160.69243
400,line_89_c6,270,818,2236,520.9454,4167.5632
400,line_89_c6,271,819,2238,521.800668,4174.40535
400,line_89_c6,272,820,2240,522.652265,4181.21812
400,line_89_c6,273,821,2242,523.500097,4188.00078
400,line_89_c6,274,822,2244,524.344067,4194.75254
400,line_89_c6,275,823,2246,525.184077,4201.47261
400,line_89_c6,276,824,2248,526.020024,4208.16019
400,line_89_c6,277,825,2250,526.851807,4214.81445
400,line_89_c6,278,826,2252,527.679318,4221.43455
400,line_89_c6,279,827,2254,528.502452,4228.01961
400,line_89_c6,280,828,2256,529.321098,4234.56879
400,line_89_c6,281,829,2258,530.135146,4241.08117
400,line_89_c6,282,830,2260,530.944483,4247.55586
400,line_89_c6,283,831,2262,531.748994,4253.99195
400,line_89_c6,284,832,2264,532.548564,4260.38851
400,line_89_c6,285,833,2266,533.343074,4266.74459
400,line_89_c6,286,834,2268,534.132407,4273.05926
400,line_89_c6,287,835,2270,534.916443,4279.33154
400,line_89_c6,288,836,2272,535.695061,4285.56049
400,line_89_c6,289,837,2274,536.468139,4291.74511
400,line_89_c6,290,838,2276,537.235557,4297.88445
400,line_89_c6,291,839,2278,537.99719,4303.97752
400,line_89_c6,292,840,2280,538.752916,4310.02332
400,line_89_c6,293,841,2282,539.502611,4316.02089
400,line_89_c6,294,842,2284,540.246153,4321.96922
400,line_89_c6,295,843,2286,540.983418,4327.86734
400,line_89_c6,296,844,2288,541.714283,4333.71427
400,line_89_c6,297,845,2290,542.438627,4339.50902
400,line_89_c6,298,846,2292,543.156328,4345.25062
400,line_89_c6,299,847,2294,543.867265,4350.93812
400,line_89_c6,300,848,2296,544.57132,4356.57056
400,line_89_c6,301,849,2298,545.268375,4362.147
400,line_89_c6,302,850,2300,545.958313,4367.6665
400,line_89_c6,303,851,2302,546.641019,4373.12815
400,line_89_c6,304,852,2304,547.316382,4378.53106
400,line_89_c6,305,853,2306,547.984291,4383.87433
400,line_89_c6,306,854,2308,548.644637,4389.1571
400,line_89_c6,307,855,2310,549.297316,4394.37853
400,line_89_c6,308,856,2312,549.942223,4399.53779
400,line_89_c6,309,857,2314,550.57926,4404.63408
400,line_89_c6,310,858,2316,551.208329,4409.66663
400,line_89_c6,311,859,2318,551.829336,4414.63469
400,line_89_c6,312,860,2320,552.442191,4419.53752
400,line_89_c6,313,861,2322,553.046806,4424.37445
400,line_89_c6,314,862,2324,553.643099,4429.14479
400,line_89_c6,315,863,2326,554.23099,4433.84792
400,line_89_c6,316,864,2328,554.810403,4438.48322
400,line_89_c6,317,865,2330,555.381267,4443.05014
400,line_89_c6,318,866,2332,555.943515,4447.54812
400,line_89_c6,319,867,2334,556.497084,4451.97667
400,line_89_c6,320,868,2336,557.041915,4456.33532
400,line_89_c6,321,869,2338,557.577956,4460.62365
400,line_89_c6,322,870,2340,558.105156,4464.84125
400,line_89_c6,323,871,2342,558.623473,4468.98778
400,line_89_c6,324,872,2344,559.132866,4473.06293
400,line_89_c6,325,873,2346,559.6333,4477.0664
400,line_89_c6,326,874,2348,560.124748,4480.99798
400,line_89_c6,327,875,2350,560.607183,4484.85746
400,line_89_c6,328,876,2352,561.080586,4488.64469
400,line_89_c6,329,877,2354,561.544943,4492.35955
400,line_89_c6,330,878,2356,562.000245,4496.00196
400,line_89_c6,331,879,2358,562.446486,4499.57189
400,line_89_c6,332,880,2360,562.883668,4503.06934
400,line_89_c6,333,881,2362,563.311795,4506.49436
400,line_89_c6,334,882,2364,563.730879,4509.84703
400,line_89_c6,335,883,2366,564.140935,4513.12748
400,line_89_c6,336,884,2368,564.541983,4516.33586
400,line_89_c6,337,885,2370,564.934048,4519.47239
400,line_89_c6,338,886,2372,565.317161,4522.53729
400,line_89_c6,339,887,2374,565.691355,4525.53084
400,line_89_c6,340,888,2376,566.05667,4528.45336
400,line_89_c6,341,889,2378,566.413149,4531.30519
400,line_89_c6,342,890,2380,566.760839,4534.08671
400,line_89_c6,343,891,2382,567.099792,4536.79834
400,line_89_c6,344,892,2384,567.430065,4539.44052
400,line_89_c6,345,893,2386,567.751716,4542.01373
400,line_89_c6,346,894,2388,568.064809,4544.51847
400,line_89_c6,347,895,2390,568.369411,4546.95529
400,line_89_c6,348,896,2392,568.665593,4549.32474
400,line_89_c6,349,897,2394,568.953427,4551.62742
400,line_89_c6,350,898,2396,569.232991,4553.86393
400,line_89_c6,351,899,2398,569.504363,4556.0349
400,line_89_c6,352,900,2400,569.767625,4558.141
400,line_89_c6,353,901,2402,570.022863,4560.1829
400,line_89_c6,354,902,2404,570.270161,4562.16129
400,line_89_c6,355,903,2406,570.509609,4564.07687
400,line_89_c6,356,904,2408,570.741297,4565.93037
400,line_89_c6,357,905,2410,570.965315,4567.72252
400,line_89_c6,358,906,2412,571.181757,4569.45406
400,line_89_c6,359,907,2414,571.390717,4571.12574
400,line_89_c6,360,908,2416,571.59229,4572.73832
400,line_89_c6,361,909,2418,571.786569,4574.29256
400,line_89_c6,362,910,2420,571.973652,4575.78922
400,line_89_c6,363,911,2422,572.153634,4577.22907
400,line_89_c6,364,912,2424,572.326609,4578.61287
400,line_89_c6,365,913,2426,572.492673,4579.94138
400,line_89_c6,366,914,2428,572.65192,4581.21536
400,line_89_c6,367,915,2430,572.804443,4582.43554
400,line_89_c6,368,916,2432,572.950335,4583.60268
400,line_89_c6,369,917,2434,573.089687,4584.71749
400,line_89_c6,370,918,2436,573.222587,4585.7807
400,line_89_c6,371,919,2438,573.349125,4586.793
400,line_89_c6,372,920,2440,573.469385,4587.75508
400,line_89_c6,373,921,2442,573.583452,4588.66762
400,line_89_c6,374,922,2444,573.691406,4589.53125
400,line_89_c6,375,923,2446,573.793326,4590.34661
400,line_89_c6,376,924,2448,573.889289,4591.11431
400,line_89_c6,377,925,2450,573.979366,4591.83492
400,line_89_c6,378,926,2452,574.063627,4592.50902
400,line_89_c6,379,927,2454,574.14214,4593.13712
400,line_89_c6,380,928,2456,574.214966,4593.71973
400,line_89_c6,381,929,2458,574.282167,4594.25733
400,line_89_c6,382,930,2460,574.343796,4594.75036
400,line_89_c6,383,931,2462,574.391995,4595.13596
400,line_89_c6,384,932,2464,574.41472,4595.31776
400,line_89_c6,385,933,2466,574.423828,4595.39062
400,line_89_c6,386,934,2468,574.432232,4595.45785
400,line_89_c6,387,935,2470,574.432739,4595.46191
400,line_89_c6,388,936,2472,574.435049,4595.4804
400,line_89_c6,389,937,2474,574.436942,4595.49553
400,line_89_c6,390,938,2476,574.429826,4595.43861
400,line_89_c6,391,939,2478,574.422687,4595.3815
400,line_89_c6,392,940,2480,574.318046,4594.54437
400,line_89_c6,393,941,2482,574.203248,4593.62598
400,line_89_c24,1,1129,2858,191.524939,1532.19951
400,line_89_c24,2,1130,2860,191.575477,1532.60381
400,line_89_c24,3,1131,2862,191.618771,1532.95016
400,line_89_c24,4,1132,2864,191.669514,1533.35611
400,line_89_c24,5,1133,2866,191.716184,1533.72947
400,line_89_c24,6,1134,2868,191.761417,1534.09134
400,line_89_c24,7,1135,2870,191.805577,1534.44462
400,line_89_c24,8,1136,2872,191.846223,1534.76978
400,line_89_c24,9,1137,2874,191.885164,1535.08131
400,line_89_c24,10,1138,2876,191.914051,1535.31241
400,line_89_c24,11,1139,2878,191.942416,1535.53933
400,line_89_c24,12,1140,2880,191.967689,1535.74151
400,line_89_c24,13,1141,2882,192.018398,1536.14719
400,line_89_c24,14,1142,2884,192.0958,1536.7664
400,line_89_c24,15,1143,2886,192.177164,1537.41731
400,line_89_c24,16,1144,2888,192.263626,1538.10901
400,line_89_c24,17,1145,2890,192.35646,1538.85168
400,line_89_c24,18,1146,2892,192.457037,1539.6563
400,line_89_c24,19,1147,2894,192.565382,1540.52305
400,line_89_c24,20,1148,2896,192.681526,1541.45221
400,line_89_c24,21,1149,2898,192.805503,1542.44403
400,line_89_c24,22,1150,2900,192.937339,1543.49871
400,line_89_c24,23,1151,2902,193.077058,1544.61647
400,line_89_c24,24,1152,2904,193.224703,1545.79762
400,line_89_c24,25,1153,2906,193.380301,1547.04241
400,line_89_c24,26,1154,2908,193.543885,1548.35108
400,line_89_c24,27,1155,2910,193.715484,1549.72387
400,line_89_c24,28,1156,2912,193.89514,1551.16112
400,line_89_c24,29,1157,2914,194.08289,1552.66312
400,line_89_c24,30,1158,2916,194.278769,1554.23015
400,line_89_c24,31,1159,2918,194.482806,1555.86245
400,line_89_c24,32,1160,2920,194.695039,1557.56031
400,line_89_c24,33,1161,2922,194.915504,1559.32403
400,line_89_c24,34,1162,2924,195.144239,1561.15391
400,line_89_c24,35,1163,2926,195.381275,1563.0502
400,line_89_c24,36,1164,2928,195.626656,1565.01324
400,line_89_c24,37,1165,2930,195.88041,1567.04328
400,line_89_c24,38,1166,2932,196.142569,1569.14055
400,line_89_c24,39,1167,2934,196.413159,1571.30527
400,line_89_c24,40,1168,2936,196.692214,1573.53771
400,line_89_c24,41,1169,2938,196.979764,1575.83811
400,line_89_c24,42,1170,2940,197.275829,1578.20663
400,line_89_c24,43,1171,2942,197.580442,1580.64354
400,line_89_c24,44,1172,2944,197.893625,1583.149
400,line_89_c24,45,1173,2946,198.215399,1585.72319
400,line_89_c24,46,1174,2948,198.545778,1588.36623
400,line_89_c24,47,1175,2950,198.884779,1591.07823
400,line_89_c24,48,1176,2952,199.23242,1593.85936
400,line_89_c24,49,1177,2954,199.588709,1596.70967
400,line_89_c24,50,1178,2956,199.953654,1599.62924
400,line_89_c24,51,1179,2958,200.327265,1602.61812
400,line_89_c24,52,1180,2960,200.709548,1605.67638
400,line_89_c24,53,1181,2962,201.100503,1608.80402
400,line_89_c24,54,1182,2964,201.500132,1612.00105
400,line_89_c24,55,1183,2966,201.908429,1615.26743
400,line_89_c24,56,1184,2968,202.325387,1618.6031
400,line_89_c24,57,1185,2970,202.750986,1622.00789
400,line_89_c24,58,1186,2972,203.185219,1625.48175
400,line_89_c24,59,1187,2974,203.628062,1629.02449
400,line_89_c24,60,1188,2976,204.079495,1632.63596
400,line_89_c24,61,1189,2978,204.539487,1636.31589
400,line_89_c24,62,1190,2980,205.008008,1640.06407
400,line_89_c24,63,1191,2982,205.485023,1643.88018
400,line_89_c24,64,1192,2984,205.970487,1647.7639
400,line_89_c24,65,1193,2986,206.46436,1651.71488
400,line_89_c24,66,1194,2988,206.966592,1655.73273
400,line_89_c24,67,1195,2990,207.477126,1659.81701
400,line_89_c24,68,1196,2992,207.995904,1663.96723
400,line_89_c24,69,1197,2994,208.522862,1668.1829
400,line_89_c24,70,1198,2996,209.057935,1672.46348
400,line_89_c24,71,1199,2998,209.601053,1676.80842
400,line_89_c24,72,1200,3000,210.15213,1681.21704
400,line_89_c24,73,1201,3002,210.71108,1685.68864
400,line_89_c24,74,1202,3004,211.277815,1690.22252
400,line_89_c24,75,1203,3006,211.85224,1694.81792
400,line_89_c24,76,1204,3008,212.43426,1699.47408
400,line_89_c24,77,1205,3010,213.023768,1704.19014
400,line_89_c24,78,1206,3012,213.620654,1708.96524
400,line_89_c24,79,1207,3014,214.224801,1713.7984
400,line_89_c24,80,1208,3016,214.836087,1718.6887
400,line_89_c24,81,1209,3018,215.454388,1723.6351
400,line_89_c24,82,1210,3020,216.079567,1728.63653
400,line_89_c24,83,1211,3022,216.711486,1733.69189
400,line_89_c24,84,1212,3024,217.350007,1738.80006
400,line_89_c24,85,1213,3026,217.994977,1743.95981
400,line_89_c24,86,1214,3028,218.646241,1749.16993
400,line_89_c24,87,1215,3030,219.303639,1754.42911
400,line_89_c24,88,1216,3032,219.967002,1759.73601
400,line_89_c24,89,1217,3034,220.636162,1765.08929
400,line_89_c24,90,1218,3036,221.310941,1770.48753
400,line_89_c24,91,1219,3038,221.991156,1775.92925
400,line_89_c24,92,1220,3040,222.676622,1781.41297
400,line_89_c24,93,1221,3042,223.367148,1786.93718
400,line_89_c24,94,1222,3044,224.062535,1792.50028
400,line_89_c24,95,1223,3046,224.762583,1798.10067
400,line_89_c24,96,1224,3048,225.467088,1803.7367
400,line_89_c24,97,1225,3050,226.17584,1809.40672
400,line_89_c24,98,1226,3052,226.888624,1815.10899
400,line_89_c24,99,1227,3054,227.605224,1820.84179
400,line_89_c24,100,1228,3056,228.325417,1826.60334
400,line_89_c24,101,1229,3058,229.048984,1832.39187
400,line_89_c24,102,1230,3060,229.775693,1838.20555
400,line_89_c24,103,1231,3062,230.505318,1844.04254
400,line_89_c24,104,1232,3064,231.237624,1849.90099
400,line_89_c24,105,1233,3066,231.97238,1855.77904
400,line_89_c24,106,1234,3068,232.709343,1861.67474
400,line_89_c24,107,1235,3070,233.448276,1867.58621
400,line_89_c24,108,1236,3072,234.188943,1873.51154
400,line_89_c24,109,1237,3074,234.931105,1879.44884
400,line_89_c24,110,1238,3076,235.674523,1885.39619
400,line_89_c24,111,1239,3078,236.418955,1891.35164
400,line_89_c24,112,1240,3080,237.164163,1897.3133
400,line_89_c24,113,1241,3082,237.909906,1903.27925
400,line_89_c24,114,1242,3084,238.655949,1909.24759
400,line_89_c24,115,1243,3086,239.402055,1915.21644
400,line_89_c24,116,1244,3088,240.147992,1921.18393
400,line_89_c24,117,1245,3090,240.893528,1927.14822
400,line_89_c24,118,1246,3092,241.638433,1933.10746
400,line_89_c24,119,1247,3094,242.382485,1939.05988
400,line_89_c24,120,1248,3096,243.125467,1945.00374
400,line_89_c24,121,1249,3098,243.867167,1950.93733
400,line_89_c24,122,1250,3100,244.607369,1956.85895
400,line_89_c24,123,1251,3102,245.345875,1962.767
400,line_89_c24,124,1252,3104,246.082487,1968.6599
400,line_89_c24,125,1253,3106,246.817018,1974.53615
400,line_89_c24,126,1254,3108,247.549287,1980.39429
400,line_89_c24,127,1255,3110,248.279118,1986.23295
400,line_89_c24,128,1256,3112,249.006348,1992.05078
400,line_89_c24,129,1257,3114,249.730816,1997.84653
400,line_89_c24,130,1258,3116,250.452379,2003.61903
400,line_89_c24,131,1259,3118,251.170898,2009.36719
400,line_89_c24,132,1260,3120,251.886247,2015.08997
400,line_89_c24,133,1261,3122,252.598307,2020.78646
400,line_89_c24,134,1262,3124,253.306981,2026.45585
400,line_89_c24,135,1263,3126,254.012179,2032.09743
400,line_89_c24,136,1264,3128,254.713823,2037.71058
400,line_89_c24,137,1265,3130,255.411842,2043.29474
400,line_89_c24,138,1266,3132,256.106188,2048.8495
400,line_89_c24,139,1267,3134,256.796815,2054.37452
400,line_89_c24,140,1268,3136,257.483701,2059.8696
400,line_89_c24,141,1269,3138,258.166833,2065.33466
400,line_89_c24,142,1270,3140,258.846219,2070.76976
400,line_89_c24,143,1271,3142,259.521881,2076.17505
400,line_89_c24,144,1272,3144,260.19385,2081.5508
400,line_89_c24,145,1273,3146,260.862176,2086.89741
400,line_89_c24,146,1274,3148,261.526926,2092.21541
400,line_89_c24,147,1275,3150,262.188186,2097.50549
400,line_89_c24,148,1276,3152,262.846056,2102.76845
400,line_89_c24,149,1277,3154,263.500645,2108.00516
400,line_89_c24,150,1278,3156,264.152085,2113.21668
400,line_89_c24,151,1279,3158,264.800524,2118.40419
400,line_89_c24,152,1280,3160,265.446125,2123.569
400,line_89_c24,153,1281,3162,266.08907,2128.71256
400,line_89_c24,154,1282,3164,266.729558,2133.83647
400,line_89_c24,155,1283,3166,267.367804,2138.94243
400,line_89_c24,156,1284,3168,268.004027,2144.03222
400,line_89_c24,157,1285,3170,268.638481,2149.10785
400,line_89_c24,158,1286,3172,269.27143,2154.17144
400,line_89_c24,159,1287,3174,269.903147,2159.22518
400,line_89_c24,160,1288,3176,270.53393,2164.27144
400,line_89_c24,161,1289,3178,271.16408,2169.31264
400,line_89_c24,162,1290,3180,271.793918,2174.35134
400,line_89_c24,163,1291,3182,272.423782,2179.39025
400,line_89_c24,164,1292,3184,273.054022,2184.43217
400,line_89_c24,165,1293,3186,273.685004,2189.48004
400,line_89_c24,166,1294,3188,274.317102,2194.53682
400,line_89_c24,167,1295,3190,274.950699,2199.6056
400,line_89_c24,168,1296,3192,275.586201,2204.68961
400,line_89_c24,169,1297,3194,276.224013,2209.7921
400,line_89_c24,170,1298,3196,276.864556,2214.91645
400,line_89_c24,171,1299,3198,277.508258,2220.06606
400,line_89_c24,172,1300,3200,278.155559,2225.24447
400,line_89_c24,173,1301,3202,278.8069,2230.4552
400,line_89_c24,174,1302,3204,279.46273,2235.70184
400,line_89_c24,175,1303,3206,280.12351,2240.98808
400,line_89_c24,176,1304,3208,280.789706,2246.31765
400,line_89_c24,177,1305,3210,281.461788,2251.69431
400,line_89_c24,178,1306,3212,282.140227,2257.12181
400,line_89_c24,179,1307,3214,282.825494,2262.60395
400,line_89_c24,180,1308,3216,283.51807,2268.14456
400,line_89_c24,181,1309,3218,284.218428,2273.74742
400,line_89_c24,182,1310,3220,284.927049,2279.41639
400,line_89_c24,183,1311,3222,285.644413,2285.1553
400,line_89_c24,184,1312,3224,286.370994,2290.96795
400,line_89_c24,185,1313,3226,287.107261,2296.85809
400,line_89_c24,186,1314,3228,287.853679,2302.82943
400,line_89_c24,187,1315,3230,288.610713,2308.8857
400,line_89_c24,188,1316,3232,289.378821,2315.03057
400,line_89_c24,189,1317,3234,290.158453,2321.26762
400,line_89_c24,190,1318,3236,290.950047,2327.60038
400,line_89_c24,191,1319,3238,291.754042,2334.03233
400,line_89_c24,192,1320,3240,292.570857,2340.56686
400,line_89_c24,193,1321,3242,293.400908,2347.20727
400,line_89_c24,194,1322,3244,294.244597,2353.95677
400,line_89_c24,195,1323,3246,295.102312,2360.81849
400,line_89_c24,196,1324,3248,295.974426,2367.79541
400,line_89_c24,197,1325,3250,296.861301,2374.89041
400,line_89_c24,198,1326,3252,297.763282,2382.10625
400,line_89_c24,199,1327,3254,298.680697,2389.44557
400,line_89_c24,200,1328,3256,299.613858,2396.91086
400,line_89_c24,201,1329,3258,300.563065,2404.50452
400,line_89_c24,202,1330,3260,301.528597,2412.22878
400,line_89_c24,203,1331,3262,302.510711,2420.08569
400,line_89_c24,204,1332,3264,303.509649,2428.0772
400,line_89_c24,205,1333,3266,304.525634,2436.20507
400,line_89_c24,206,1334,3268,305.558863,2444.4709
400,line_89_c24,207,1335,3270,306.60952,2452.87616
400,line_89_c24,208,1336,3272,307.677764,2461.42211
400,line_89_c24,209,1337,3274,308.763729,2470.10983
400,line_89_c24,210,1338,3276,309.867533,2478.94026
400,line_89_c24,211,1339,3278,310.989275,2487.9142
400,line_89_c24,212,1340,3280,312.129022,2497.03217
400,line_89_c24,213,1341,3282,313.286829,2506.29463
400,line_89_c24,214,1342,3284,314.462724,2515.70179
400,line_89_c24,215,1343,3286,315.656714,2525.25371
400,line_89_c24,216,1344,3288,316.868782,2534.95026
400,line_89_c24,217,1345,3290,318.098888,2544.7911
400,line_89_c24,218,1346,3292,319.346976,2554.77581
400,line_89_c24,219,1347,3294,320.612964,2564.90371
400,line_89_c24,220,1348,3296,321.896751,2575.17401
400,line_89_c24,221,1349,3298,323.198215,2585.58572
400,line_89_c24,222,1350,3300,324.517208,2596.13767
400,line_89_c24,223,1351,3302,325.853564,2606.82851
400,line_89_c24,224,1352,3304,327.207098,2617.65678
400,line_89_c24,225,1353,3306,328.577607,2628.62085
400,line_89_c24,226,1354,3308,329.964869,2639.71895
400,line_89_c24,227,1355,3310,331.368642,2650.94914
400,line_89_c24,228,1356,3312,332.788668,2662.30935
400,line_89_c24,229,1357,3314,334.224675,2673.7974
400,line_89_c24,230,1358,3316,335.676374,2685.41099
400,line_89_c24,231,1359,3318,337.143455,2697.14764
400,line_89_c24,232,1360,3320,338.625596,2709.00477
400,line_89_c24,233,1361,3322,340.122466,2720.97973
400,line_89_c24,234,1362,3324,341.633716,2733.06972
400,line_89_c24,235,1363,3326,343.158986,2745.27189
400,line_89_c24,236,1364,3328,344.697912,2757.58329
400,line_89_c24,237,1365,3330,346.250111,2770.00089
400,line_89_c24,238,1366,3332,347.815193,2782.52154
400,line_89_c24,239,1367,3334,349.392762,2795.14209
400,line_89_c24,240,1368,3336,350.982422,2807.85937
400,line_89_c24,241,1369,3338,352.583765,2820.67012
400,line_89_c24,242,1370,3340,354.196376,2833.57101
400,line_89_c24,243,1371,3342,355.819843,2846.55875
400,line_89_c24,244,1372,3344,357.453745,2859.62996
400,line_89_c24,245,1373,3346,359.09766,2872.78128
400,line_89_c24,246,1374,3348,360.751167,2886.00934
400,line_89_c24,247,1375,3350,362.413847,2899.31077
400,line_89_c24,248,1376,3352,364.085278,2912.68222
400,line_89_c24,249,1377,3354,365.765038,2926.1203
400,line_89_c24,250,1378,3356,367.452712,2939.62169
400,line_89_c24,251,1379,3358,369.147893,2953.18314
400,line_89_c24,252,1380,3360,370.850173,2966.80139
400,line_89_c24,253,1381,3362,372.559156,2980.47324
400,line_89_c24,254,1382,3364,374.274448,2994.19558
400,line_89_c24,255,1383,3366,375.995663,3007.9653
400,line_89_c24,256,1384,3368,377.722424,3021.77939
400,line_89_c24,257,1385,3370,379.454361,3035.63489
400,line_89_c24,258,1386,3372,381.191121,3049.52897
400,line_89_c24,259,1387,3374,382.932359,3063.45887
400,line_89_c24,260,1388,3376,384.677735,3077.42188
400,line_89_c24,261,1389,3378,386.426927,3091.41541
400,line_89_c24,262,1390,3380,388.179624,3105.43699
400,line_89_c24,263,1391,3382,389.93553,3119.48424
400,line_89_c24,264,1392,3384,391.694357,3133.55486
400,line_89_c24,265,1393,3386,393.455838,3147.6467
400,line_89_c24,266,1394,3388,395.219711,3161.75769
400,line_89_c24,267,1395,3390,396.985734,3175.88587
400,line_89_c24,268,1396,3392,398.753675,3190.0294
400,line_89_c24,269,1397,3394,400.523323,3204.18659
400,line_89_c24,270,1398,3396,402.294481,3218.35585
400,line_89_c24,271,1399,3398,404.066964,3232.53571
400,line_89_c24,272,1400,3400,405.840606,3246.72485
400,line_89_c24,273,1401,3402,407.615259,3260.92207
400,line_89_c24,274,1402,3404,409.390783,3275.12627
400,line_89_c24,275,1403,3406,411.167061,3289.33649
400,line_89_c24,276,1404,3408,412.943987,3303.5519
400,line_89_c24,277,1405,3410,414.721474,3317.77179
400,line_89_c24,278,1406,3412,416.499448,3331.99558
400,line_89_c24,279,1407,3414,418.277851,3346.22281
400,line_89_c24,280,1408,3416,420.056639,3360.45311
400,line_89_c24,281,1409,3418,421.835781,3374.68625
400,line_89_c24,282,1410,3420,423.615262,3388.9221
400,line_89_c24,283,1411,3422,425.395079,3403.16063
400,line_89_c24,284,1412,3424,427.175241,3417.40193
400,line_89_c24,285,1413,3426,428.955769,3431.64615
400,line_89_c24,286,1414,3428,430.736698,3445.89358
400,line_89_c24,287,1415,3430,432.518071,3460.14457
400,line_89_c24,288,1416,3432,434.299946,3474.39957
400,line_89_c24,289,1417,3434,436.082388,3488.6591
400,line_89_c24,290,1418,3436,437.865473,3502.92378
400,line_89_c24,291,1419,3438,439.649287,3517.1943
400,line_89_c24,292,1420,3440,441.433925,3531.4714
400,line_89_c24,293,1421,3442,443.219489,3545.75591
400,line_89_c24,294,1422,3444,445.006088,3560.04871
400,line_89_c24,295,1423,3446,446.79384,3574.35072
400,line_89_c24,296,1424,3448,448.582867,3588.66294
400,line_89_c24,297,1425,3450,450.373297,3602.98638
400,line_89_c24,298,1426,3452,452.165262,3617.32209
400,line_89_c24,299,1427,3454,453.958897,3631.67118
400,line_89_c24,300,1428,3456,455.754344,3646.03475
400,line_89_c24,301,1429,3458,457.551742,3660.41393
400,line_89_c24,302,1430,3460,459.351236,3674.80989
400,line_89_c24,303,1431,3462,461.15297,3689.22376
400,line_89_c24,304,1432,3464,462.957088,3703.6567
400,line_89_c24,305,1433,3466,464.763735,3718.10988
400,line_89_c24,306,1434,3468,466.573056,3732.58444
400,line_89_c24,307,1435,3470,468.38519,3747.08152
400,line_89_c24,308,1436,3472,470.200279,3761.60223
400,line_89_c24,309,1437,3474,472.018456,3776.14765
400,line_89_c24,310,1438,3476,473.839855,3790.71884
400,line_89_c24,311,1439,3478,475.6646,3805.3168
400,line_89_c24,312,1440,3480,477.492815,3819.94252
400,line_89_c24,313,1441,3482,479.324618,3834.59694
400,line_89_c24,314,1442,3484,481.160118,3849.28094
400,line_89_c24,315,1443,3486,482.99942,3863.99536
400,line_89_c24,316,1444,3488,484.842621,3878.74097
400,line_89_c24,317,1445,3490,486.689808,3893.51847
400,line_89_c24,318,1446,3492,488.541062,3908.3285
400,line_89_c24,319,1447,3494,490.396453,3923.17162
400,line_89_c24,320,1448,3496,492.256041,3938.04833
400,line_89_c24,321,1449,3498,494.119882,3952.95906
400,line_89_c24,322,1450,3500,495.988021,3967.90417
400,line_89_c24,323,1451,3502,497.860492,3982.88394
400,line_89_c24,324,1452,3504,499.737316,3997.89853
400,line_89_c24,325,1453,3506,501.618499,4012.94799
400,line_89_c24,326,1454,3508,503.504038,4028.0323
400,line_89_c24,327,1455,3510,505.393927,4043.15142
400,line_89_c24,328,1456,3512,507.288135,4058.30508
400,line_89_c24,329,1457,3514,509.186631,4073.49305
400,line_89_c24,330,1458,3516,511.089369,4088.71495
400,line_89_c24,331,1459,3518,512.996285,4103.97028
400,line_89_c24,332,1460,3520,514.90731,4119.25848
400,line_89_c24,333,1461,3522,516.822361,4134.57889
400,line_89_c24,334,1462,3524,518.74135,4149.9308
400,line_89_c24,335,1463,3526,520.664171,4165.31337
400,line_89_c24,336,1464,3528,522.590708,4180.72567
400,line_89_c24,337,1465,3530,524.520833,4196.16667
400,line_89_c24,338,1466,3532,526.454401,4211.63521
400,line_89_c24,339,1467,3534,528.391266,4227.13013
400,line_89_c24,340,1468,3536,530.331266,4242.65013
400,line_89_c24,341,1469,3538,532.274224,4258.19379
400,line_89_c24,342,1470,3540,534.219949,4273.75959
400,line_89_c24,343,1471,3542,536.168252,4289.34602
400,line_89_c24,344,1472,3544,538.118933,4304.95146
400,line_89_c24,345,1473,3546,540.071772,4320.57418
400,line_89_c24,346,1474,3548,542.026546,4336.21236
400,line_89_c24,347,1475,3550,543.983022,4351.86417
400,line_89_c24,348,1476,3552,545.940961,4367.52769
400,line_89_c24,349,1477,3554,547.900108,4383.20086
400,line_89_c24,350,1478,3556,549.860202,4398.88162
400,line_89_c24,351,1479,3558,551.820979,4414.56783
400,line_89_c24,352,1480,3560,553.78217,4430.25736
400,line_89_c24,353,1481,3562,555.743495,4445.94796
400,line_89_c24,354,1482,3564,557.704666,4461.63733
400,line_89_c24,355,1483,3566,559.665395,4477.32316
400,line_89_c24,356,1484,3568,561.625391,4493.00313
400,line_89_c24,357,1485,3570,563.584345,4508.67476
400,line_89_c24,358,1486,3572,565.541959,4524.33567
400,line_89_c24,359,1487,3574,567.497929,4539.98343
400,line_89_c24,360,1488,3576,569.451949,4555.6156
400,line_89_c24,361,1489,3578,571.403706,4571.22965
400,line_89_c24,362,1490,3580,573.352882,4586.82306
400,line_89_c24,363,1491,3582,575.299174,4602.39339
400,line_89_c24,364,1492,3584,577.242257,4617.93805
400,line_89_c24,365,1493,3586,579.181821,4633.45456
400,line_89_c24,366,1494,3588,581.11755,4648.9404
400,line_89_c24,367,1495,3590,583.04914,4664.39312
400,line_89_c24,368,1496,3592,584.976279,4679.81023
400,line_89_c24,369,1497,3594,586.898653,4695.18922
400,line_89_c24,370,1498,3596,588.815961,4710.52769
400,line_89_c24,371,1499,3598,590.727901,4725.8232
400,line_89_c24,372,1500,3600,592.634169,4741.07335
400,line_89_c24,373,1501,3602,594.534468,4756.27575
400,line_89_c24,374,1502,3604,596.428509,4771.42807
400,line_89_c24,375,1503,3606,598.316001,4786.52801
400,line_89_c24,376,1504,3608,600.196666,4801.57332
400,line_89_c24,377,1505,3610,602.070225,4816.5618
400,line_89_c24,378,1506,3612,603.93642,4831.49136
400,line_89_c24,379,1507,3614,605.794978,4846.35983
400,line_89_c24,380,1508,3616,607.64565,4861.1652
400,line_89_c24,381,1509,3618,609.488182,4875.90545
400,line_89_c24,382,1510,3620,611.322336,4890.57869
400,line_89_c24,383,1511,3622,613.147878,4905.18302
400,line_89_c24,384,1512,3624,614.964581,4919.71664
400,line_89_c24,385,1513,3626,616.772229,4934.17783
400,line_89_c24,386,1514,3628,618.570611,4948.56488
400,line_89_c24,387,1515,3630,620.359523,4962.87619
400,line_89_c24,388,1516,3632,622.138777,4977.11022
400,line_89_c24,389,1517,3634,623.908185,4991.26548
400,line_89_c24,390,1518,3636,625.667572,5005.34058
400,line_89_c24,391,1519,3638,627.416766,5019.33413
400,line_89_c24,392,1520,3640,629.155605,5033.24484
400,line_89_c24,393,1521,3642,630.883944,5047.07156
400,line_89_c24,394,1522,3644,632.601642,5060.81314
400,line_89_c24,395,1523,3646,634.308562,5074.4685
400,line_89_c24,396,1524,3648,636.004577,5088.03661
400,line_89_c24,397,1525,3650,637.689563,5101.5165
400,line_89_c24,398,1526,3652,639.363411,5114.90729
400,line_89_c24,399,1527,3654,641.026016,5128.20812
400,line_89_c24,400,1528,3656,642.677283,5141.41827
400,line_89_c24,401,1529,3658,644.317122,5154.53698
400,line_89_c24,402,1530,3660,645.94545,5167.5636
400,line_89_c24,403,1531,3662,647.562192,5180.49754
400,line_89_c24,404,1532,3664,649.167279,5193.33823
400,line_89_c24,405,1533,3666,650.760645,5206.08516
400,line_89_c24,406,1534,3668,652.342233,5218.73787
400,line_89_c24,407,1535,3670,653.911992,5231.29594
400,line_89_c24,408,1536,3672,655.469876,5243.75901
400,line_89_c24,409,1537,3674,657.015843,5256.12675
400,line_89_c24,410,1538,3676,658.549855,5268.39884
400,line_89_c24,411,1539,3678,660.071877,5280.57501
400,line_89_c24,412,1540,3680,661.581883,5292.65506
400,line_89_c24,413,1541,3682,663.079844,5304.63875
400,line_89_c24,414,1542,3684,664.565735,5316.52588
400,line_89_c24,415,1543,3686,666.03954,5328.31632
400,line_89_c24,416,1544,3688,667.501239,5340.00991
400,line_89_c24,417,1545,3690,668.950816,5351.60653
400,line_89_c24,418,1546,3692,670.388255,5363.10604
400,line_89_c24,419,1547,3694,671.813545,5374.50836
400,line_89_c24,420,1548,3696,673.226674,5385.81339
400,line_89_c24,421,1549,3698,674.627631,5397.02104
400,line_89_c24,422,1550,3700,676.016401,5408.13121
400,line_89_c24,423,1551,3702,677.392977,5419.14381
400,line_89_c24,424,1552,3704,678.757346,5430.05877
400,line_89_c24,425,1553,3706,680.109497,5440.87598
400,line_89_c24,426,1554,3708,681.449418,5451.59534
400,line_89_c24,427,1555,3710,682.7771,5462.2168
400,line_89_c24,428,1556,3712,684.092528,5472.74022
400,line_89_c24,429,1557,3714,685.395685,5483.16548
400,line_89_c24,430,1558,3716,686.686553,5493.49242
400,line_89_c24,431,1559,3718,687.965113,5503.7209
400,line_89_c24,432,1560,3720,689.231347,5513.85078
400,line_89_c24,433,1561,3722,690.485234,5523.88187
400,line_89_c24,434,1562,3724,691.726749,5533.81399
400,line_89_c24,435,1563,3726,692.955868,5543.64694
400,line_89_c24,436,1564,3728,694.172562,5553.3805
400,line_89_c24,437,1565,3730,695.376803,5563.01442
400,line_89_c24,438,1566,3732,696.568559,5572.54847
400,line_89_c24,439,1567,3734,697.747798,5581.98238
400,line_89_c24,440,1568,3736,698.914484,5591.31587
400,line_89_c24,441,1569,3738,700.068576,5600.54861
400,line_89_c24,442,1570,3740,701.210034,5609.68027
400,line_89_c24,443,1571,3742,702.338821,5618.71056
400,line_89_c24,444,1572,3744,703.45489,5627.63912
400,line_89_c24,445,1573,3746,704.558196,5636.46556
400,line_89_c24,446,1574,3748,705.648692,5645.18953
400,line_89_c24,447,1575,3750,706.726329,5653.81063
400,line_89_c24,448,1576,3752,707.79106,5662.32848
400,line_89_c24,449,1577,3754,708.842835,5670.74268
400,line_89_c24,450,1578,3756,709.881606,5679.05285
400,line_89_c24,451,1579,3758,710.907319,5687.25855
400,line_89_c24,452,1580,3760,711.919927,5695.35942
400,line_89_c24,453,1581,3762,712.919379,5703.35503
400,line_89_c24,454,1582,3764,713.905625,5711.245
400,line_89_c24,455,1583,3766,714.878611,5719.02889
400,line_89_c24,456,1584,3768,715.838287,5726.7063
400,line_89_c24,457,1585,3770,716.784603,5734.27683
400,line_89_c24,458,1586,3772,717.717517,5741.74014
400,line_89_c24,459,1587,3774,718.636982,5749.09586
400,line_89_c24,460,1588,3776,719.54296,5756.34368
400,line_89_c24,461,1589,3778,720.435406,5763.48325
400,line_89_c24,462,1590,3780,721.314285,5770.51428
400,line_89_c24,463,1591,3782,722.179555,5777.43644
400,line_89_c24,464,1592,3784,723.031184,5784.24947
400,line_89_c24,465,1593,3786,723.869143,5790.95314
400,line_89_c24,466,1594,3788,724.693408,5797.54727
400,line_89_c24,467,1595,3790,725.503956,5804.03165
400,line_89_c24,468,1596,3792,726.300763,5810.4061
400,line_89_c24,469,1597,3794,727.083817,5816.67053
400,line_89_c24,470,1598,3796,727.853111,5822.82488
400,line_89_c24,471,1599,3798,728.608641,5828.86912
400,line_89_c24,472,1600,3800,729.350405,5834.80324
400,line_89_c24,473,1601,3802,730.07841,5840.62728
400,line_89_c24,474,1602,3804,730.792664,5846.34131
400,line_89_c24,475,1603,3806,731.493182,5851.94545
400,line_89_c24,476,1604,3808,732.179982,5857.43986
400,line_89_c24,477,1605,3810,732.853103,5862.82482
400,line_89_c24,478,1606,3812,733.512566,5868.10053
400,line_89_c24,479,1607,3814,734.158411,5873.26729
400,line_89_c24,480,1608,3816,734.790684,5878.32547
400,line_89_c24,481,1609,3818,735.409433,5883.27546
400,line_89_c24,482,1610,3820,736.01472,5888.11776
400,line_89_c24,483,1611,3822,736.606608,5892.85286
400,line_89_c24,484,1612,3824,737.185166,5897.48133
400,line_89_c24,485,1613,3826,737.750468,5902.00375
400,line_89_c24,486,1614,3828,738.302594,5906.42075
400,line_89_c24,487,1615,3830,738.841635,5910.73308
400,line_89_c24,488,1616,3832,739.367688,5914.9415
400,line_89_c24,489,1617,3834,739.880849,5919.04679
400,line_89_c24,490,1618,3836,740.381228,5923.04983
400,line_89_c24,491,1619,3838,740.868938,5926.9515
400,line_89_c24,492,1620,3840,741.344099,5930.7528
400,line_89_c24,493,1621,3842,741.806834,5934.45467
400,line_89_c24,494,1622,3844,742.257276,5938.05821
400,line_89_c24,495,1623,3846,742.695566,5941.56453
400,line_89_c24,496,1624,3848,743.121841,5944.97473
400,line_89_c24,497,1625,3850,743.536245,5948.28996
400,line_89_c24,498,1626,3852,743.938928,5951.51142
400,line_89_c24,499,1627,3854,744.330048,5954.64039
400,line_89_c24,500,1628,3856,744.709769,5957.67815
400,line_89_c24,501,1629,3858,745.078251,5960.62601
400,line_89_c24,502,1630,3860,745.435667,5963.48534
400,line_89_c24,503,1631,3862,745.782186,5966.25749
400,line_89_c24,504,1632,3864,746.117983,5968.94386
400,line_89_c24,505,1633,3866,746.443236,5971.54588
400,line_89_c24,506,1634,3868,746.758131,5974.06505
400,line_89_c24,507,1635,3870,747.062858,5976.50286
400,line_89_c24,508,1636,3872,747.357601,5978.86081
400,line_89_c24,509,1637,3874,747.642549,5981.14039
400,line_89_c24,510,1638,3876,747.917896,5983.34317
400,line_89_c24,511,1639,3878,748.183839,5985.47072
400,line_89_c24,512,1640,3880,748.440571,5987.52457
400,line_89_c24,513,1641,3882,748.68829,5989.50632
400,line_89_c24,514,1642,3884,748.927193,5991.41755
400,line_89_c24,515,1643,3886,749.15748,5993.25984
400,line_89_c24,516,1644,3888,749.37935,5995.0348
400,line_89_c24,517,1645,3890,749.593006,5996.74405
400,line_89_c24,518,1646,3892,749.798647,5998.38918
400,line_89_c24,519,1647,3894,749.996475,5999.9718
400,line_89_c24,520,1648,3896,750.18669,6001.49352
400,line_89_c24,521,1649,3898,750.369492,6002.95594
400,line_89_c24,522,1650,3900,750.545075,6004.3606
400,line_89_c24,523,1651,3902,750.713634,6005.70907
400,line_89_c24,524,1652,3904,750.875367,6007.00294
400,line_89_c24,525,1653,3906,751.030466,6008.24373
400,line_89_c24,526,1654,3908,751.17912,6009.43296
400,line_89_c24,527,1655,3910,751.321523,6010.57218
400,line_89_c24,528,1656,3912,751.457857,6011.66286
400,line_89_c24,529,1657,3914,751.588309,6012.70647
400,line_89_c24,530,1658,3916,751.713066,6013.70453
400,line_89_c24,531,1659,3918,751.832304,6014.65843
400,line_89_c24,532,1660,3920,751.946197,6015.56958
400,line_89_c24,533,1661,3922,752.054926,6016.43941
400,line_89_c24,534,1662,3924,752.158657,6017.26926
400,line_89_c24,535,1663,3926,752.257558,6018.06047
400,line_89_c24,536,1664,3928,752.351795,6018.81436
400,line_89_c24,537,1665,3930,752.44153,6019.53224
400,line_89_c24,538,1666,3932,752.526921,6020.21537
400,line_89_c24,539,1667,3934,752.608116,6020.86493
400,line_89_c24,540,1668,3936,752.685268,6021.48214
400,line_89_c24,541,1669,3938,752.758521,6022.06817
400,line_89_c24,542,1670,3940,752.828015,6022.62412
400,line_89_c24,543,1671,3942,752.893888,6023.15111
400,line_89_c24,544,1672,3944,752.956282,6023.65025
400,line_89_c24,545,1673,3946,753.015321,6024.12257
400,line_89_c24,546,1674,3948,753.071127,6024.56902
400,line_89_c24,547,1675,3950,753.123822,6024.99058
400,line_89_c24,548,1676,3952,753.173523,6025.38818
400,line_89_c24,549,1677,3954,753.220339,6025.76271
400,line_89_c24,550,1678,3956,753.264376,6026.115
400,line_89_c24,551,1679,3958,753.305737,6026.4459
400,line_89_c24,552,1680,3960,753.344525,6026.7562
400,line_89_c24,553,1681,3962,753.380837,6027.0467
400,line_89_c24,554,1682,3964,753.414756,6027.31805
400,line_89_c24,555,1683,3966,753.44637,6027.57096
400,line_89_c24,556,1684,3968,753.47576,6027.80608
400,line_89_c24,557,1685,3970,753.502997,6028.02398
400,line_89_c24,558,1686,3972,753.528153,6028.22522
400,line_89_c24,559,1687,3974,753.551301,6028.41041
400,line_89_c24,560,1688,3976,753.571264,6028.57012
400,line_89_c24,561,1689,3978,753.592454,6028.73964
400,line_89_c24,562,1690,3980,753.61386,6028.91088
400,line_89_c24,563,1691,3982,753.629883,6029.03906
400,line_89_c24,564,1692,3984,753.645898,6029.16718
400,line_89_c24,565,1693,3986,753.659063,6029.27251
400,line_89_c24,566,1694,3988,753.667819,6029.34255
400,line_89_c24,567,1695,3990,753.674472,6029.39578
400,line_89_c24,568,1696,3992,753.682192,6029.45753
400,line_89_c24,569,1697,3994,753.689249,6029.51399
400,line_89_c24,570,1698,3996,753.696085,6029.56868
400,line_89_c24,571,1699,3998,753.703135,6029.62508
400,line_89_c24,572,1700,4000,753.710458,6029.68367
400,line_89_c24,573,1701,4002,753.717535,6029.74028
400,line_89_c24,574,1702,4004,753.723964,6029.79171
400,line_89_c24,575,1703,4006,753.730509,6029.84407
400,line_89_c24,576,1704,4008,753.736384,6029.89107
450,line_0_c4,63,420,1440,445.392737,3563.14189
450,line_0_c4,64,421,1442,445.224476,3561.79581
450,line_0_c4,65,422,1444,445.091172,3560.72938
450,line_0_c4,66,423,1446,444.965685,3559.72548
450,line_0_c4,67,424,1448,444.795056,3558.36045
450,line_0_c4,68,425,1450,444.699732,3557.59785
450,line_0_c4,69,426,1452,444.601356,3556.81085
450,line_0_c4,70,427,1454,444.519222,3556.15378
450,line_0_c4,71,428,1456,444.43275,3555.462
450,line_0_c4,72,429,1458,444.365929,3554.92744
450,line_0_c4,73,430,1460,444.320913,3554.56731
450,line_0_c4,74,431,1462,444.326079,3554.60864
450,line_0_c4,75,432,1464,444.420011,3555.36009
450,line_0_c4,76,433,1466,444.486385,3555.89108
450,line_0_c4,77,434,1468,444.542884,3556.34307
450,line_0_c4,78,435,1470,444.674889,3557.39912
450,line_0_c4,79,436,1472,444.845269,3558.76215
450,line_0_c4,80,437,1474,444.987034,3559.89627
450,line_0_c4,81,438,1476,445.124876,3560.99901
450,line_0_c4,82,439,1478,445.284697,3562.27758
450,line_0_c4,83,440,1480,445.441015,3563.52812
450,line_0_c4,84,441,1482,445.66957,3565.35656
450,line_0_c4,85,442,1484,445.795439,3566.36351
450,line_0_c4,86,443,1486,445.975765,3567.80612
450,line_0_c4,87,444,1488,446.173615,3569.38892
450,line_0_c4,88,445,1490,446.423553,3571.38842
450,line_0_c4,89,446,1492,446.606272,3572.85018
450,line_0_c4,90,447,1494,446.844612,3574.7569
450,line_0_c4,91,448,1496,447.11826,3576.94608
450,line_0_c4,92,449,1498,447.36882,3578.95056
450,line_0_c4,93,450,1500,447.566754,3580.53404
450,line_0_c4,94,451,1502,447.860863,3582.8869
450,line_0_c4,95,452,1504,448.142812,3585.1425
450,line_0_c4,96,453,1506,448.429936,3587.43949
450,line_0_c4,97,454,1508,448.75576,3590.04608
450,line_0_c4,98,455,1510,449.021067,3592.16854
450,line_0_c4,99,456,1512,449.388457,3595.10766
450,line_0_c4,100,457,1514,449.645669,3597.16535
450,line_0_c4,101,458,1516,449.987877,3599.90302
450,line_0_c4,102,459,1518,450.266421,3602.13136
450,line_0_c4,103,460,1520,450.623612,3604.9889
450,line_0_c4,104,461,1522,450.994842,3607.95873
450,line_0_c4,105,462,1524,451.38144,3611.05152
450,line_0_c4,106,463,1526,451.722725,3613.7818
450,line_0_c4,107,464,1528,452.141834,3617.13467
450,line_0_c4,108,465,1530,452.515984,3620.12788
450,line_0_c4,109,466,1532,452.945043,3623.56035
450,line_0_c4,110,467,1534,453.360485,3626.88388
450,line_0_c4,111,468,1536,453.836637,3630.6931
450,line_0_c4,112,469,1538,454.253395,3634.02716
450,line_0_c4,113,470,1540,454.683612,3637.46889
450,line_0_c4,114,471,1542,455.184861,3641.47888
450,line_0_c4,115,472,1544,455.590007,3644.72006
450,line_0_c4,116,473,1546,456.024457,3648.19566
450,line_0_c4,117,474,1548,456.548805,3652.39044
450,line_0_c4,118,475,1550,457.017417,3656.13934
450,line_0_c4,119,476,1552,457.488723,3659.90978
450,line_0_c4,120,477,1554,457.997913,3663.9833
450,line_0_c4,121,478,1556,458.492607,3667.94086
450,line_0_c4,122,479,1558,459.025464,3672.20371
450,line_0_c4,123,480,1560,459.507703,3676.06163
450,line_0_c4,124,481,1562,460.070571,3680.56456
450,line_0_c4,125,482,1564,460.680124,3685.44099
450,line_0_c4,126,483,1566,461.156184,3689.24948
450,line_0_c4,127,484,1568,461.740993,3693.92794
450,line_0_c4,128,485,1570,462.404255,3699.23404
450,line_0_c4,129,486,1572,462.920161,3703.36128
450,line_0_c4,130,487,1574,463.572471,3708.57977
450,line_0_c4,131,488,1576,464.178829,3713.43063
450,line_0_c4,132,489,1578,464.738083,3717.90466
450,line_0_c4,133,490,1580,465.421495,3723.37196
450,line_0_c4,134,491,1582,466.079167,3728.63333
450,line_0_c4,135,492,1584,466.693994,3733.55195
450,line_0_c4,136,493,1586,467.349669,3738.79735
450,line_0_c4,137,494,1588,468.031427,3744.25141
450,line_0_c4,138,495,1590,468.629932,3749.03946
450,line_0_c4,139,496,1592,469.304328,3754.43462
450,line_0_c4,140,497,1594,469.956769,3759.65415
450,line_0_c4,141,498,1596,470.66301,3765.30408
450,line_0_c4,142,499,1598,471.425321,3771.40257
450,line_0_c4,143,500,1600,472.212269,3777.69815
450,line_0_c4,144,501,1602,472.978053,3783.82442
450,line_0_c4,145,502,1604,473.712876,3789.70301
450,line_0_c4,146,503,1606,474.383329,3795.06663
450,line_0_c4,147,504,1608,475.188521,3801.50817
450,line_0_c4,148,505,1610,476.000573,3808.00459
450,line_0_c4,149,506,1612,476.743422,3813.94738
450,line_0_c4,150,507,1614,477.498153,3819.98523
450,line_0_c4,151,508,1616,478.255005,3826.04004
450,line_0_c4,152,509,1618,479.148756,3833.19004
450,line_0_c4,153,510,1620,479.821421,3838.57137
450,line_0_c4,154,511,1622,480.677939,3845.42351
450,line_0_c4,155,512,1624,481.477938,3851.82351
450,line_0_c4,156,513,1626,482.384372,3859.07497
450,line_0_c4,157,514,1628,483.319706,3866.55764
450,line_0_c4,158,515,1630,484.159267,3873.27413
450,line_0_c4,159,516,1632,485.026796,3880.21437
450,line_0_c4,160,517,1634,485.943375,3887.547
450,line_0_c4,161,518,1636,486.823643,3894.58914
450,line_0_c4,162,519,1638,487.7236,3901.7888
450,line_0_c4,163,520,1640,488.637233,3909.09787
450,line_0_c4,164,521,1642,489.554465,3916.43572
450,line_0_c4,165,522,1644,490.376598,3923.01279
450,line_0_c4,166,523,1646,491.423794,3931.39035
450,line_0_c4,167,524,1648,492.315118,3938.52094
450,line_0_c4,168,525,1650,493.289268,3946.31415
450,line_0_c4,169,526,1652,494.214382,3953.71505
450,line_0_c4,170,527,1654,495.286247,3962.28997
450,line_0_c4,171,528,1656,496.264817,3970.11854
450,line_0_c4,172,529,1658,497.274015,3978.19212
450,line_0_c4,173,530,1660,498.257434,3986.05947
450,line_0_c4,174,531,1662,499.26603,3994.12824
450,line_0_c4,175,532,1664,500.348394,4002.78715
450,line_0_c4,176,533,1666,501.308234,4010.46587
450,line_0_c4,177,534,1668,502.3021,4018.4168
450,line_0_c4,178,535,1670,503.392426,4027.13941
450,line_0_c4,179,536,1672,504.467504,4035.74004
450,line_0_c4,180,537,1674,505.459571,4043.67657
450,line_0_c4,181,538,1676,506.577493,4052.61994
450,line_0_c4,182,539,1678,507.590446,4060.72357
450,line_0_c4,183,540,1680,508.656531,4069.25225
450,line_0_c4,184,541,1682,509.668058,4077.34447
450,line_0_c4,185,542,1684,510.784696,4086.27756
450,line_0_c4,186,543,1686,511.835657,4094.68525
450,line_0_c4,187,544,1688,512.915143,4103.32115
450,line_0_c4,188,545,1690,514.071998,4112.57598
450,line_0_c4,189,546,1692,515.19952,4121.59616
450,line_0_c4,190,547,1694,516.381789,4131.05431
450,line_0_c4,191,548,1696,517.491574,4139.93259
450,line_0_c4,192,549,1698,518.537302,4148.29841
450,line_0_c4,193,550,1700,519.673422,4157.38737
450,line_0_c4,194,551,1702,520.819121,4166.55297
450,line_0_c4,195,552,1704,521.920438,4175.36351
450,line_0_c4,196,553,1706,523.070466,4184.56372
450,line_0_c4,197,554,1708,524.219408,4193.75527
450,line_0_c4,198,555,1710,525.350537,4202.8043
450,line_0_c4,199,556,1712,526.458855,4211.67084
450,line_0_c4,200,557,1714,527.574421,4220.59537
450,line_0_c4,201,558,1716,528.653509,4229.22807
450,line_0_c4,202,559,1718,529.957946,4239.66357
450,line_0_c4,203,560,1720,530.984176,4247.87341
450,line_0_c4,204,561,1722,532.180676,4257.44541
450,line_0_c4,205,562,1724,533.26967,4266.15736
450,line_0_c4,206,563,1726,534.46688,4275.73504
450,line_0_c4,207,564,1728,535.598159,4284.78527
450,line_0_c4,208,565,1730,536.714817,4293.71854
450,line_0_c4,209,566,1732,537.814911,4302.51929
450,line_0_c4,210,567,1734,538.985699,4311.8856
450,line_0_c4,211,568,1736,540.070582,4320.56465
450,line_0_c4,212,569,1738,541.191978,4329.53582
450,line_0_c4,213,570,1740,542.39383,4339.15064
450,line_0_c4,214,571,1742,543.431176,4347.44941
450,line_0_c4,215,572,1744,544.512889,4356.10311
450,line_0_c4,216,573,1746,545.646909,4365.17527
450,line_0_c4,217,574,1748,546.747955,4373.98364
450,line_0_c4,218,575,1750,547.804663,4382.4373
450,line_0_c4,219,576,1752,548.894869,4391.15895
450,line_0_c4,220,577,1754,550.002229,4400.01783
450,line_0_c4,221,578,1756,551.081389,4408.65111
450,line_0_c4,222,579,1758,552.158744,4417.26995
450,line_0_c4,223,580,1760,553.207313,4425.65851
450,line_0_c4,224,581,1762,554.217481,4433.73984
450,line_0_c4,225,582,1764,555.305455,4442.44364
450,line_0_c4,226,583,1766,556.388595,4451.10876
450,line_0_c4,227,584,1768,557.338005,4458.70404
450,line_0_c4,228,585,1770,558.431925,4467.4554
450,line_0_c4,229,586,1772,559.36653,4474.93224
450,line_0_c4,230,587,1774,560.420724,4483.36579
450,line_0_c4,231,588,1776,561.449558,4491.59646
450,line_0_c4,232,589,1778,562.432909,4499.46327
450,line_0_c4,233,590,1780,563.4336,4507.4688
450,line_0_c4,234,591,1782,564.411534,4515.29227
450,line_0_c4,235,592,1784,565.28226,4522.25808
450,line_0_c4,236,593,1786,566.283677,4530.26942
450,line_0_c4,237,594,1788,567.264661,4538.11729
450,line_0_c4,238,595,1790,568.045875,4544.367
450,line_0_c4,239,596,1792,568.993201,4551.94561
450,line_0_c4,240,597,1794,569.936127,4559.48901
450,line_0_c4,241,598,1796,570.779609,4566.23687
450,line_0_c4,242,599,1798,571.627293,4573.01834
450,line_0_c4,243,600,1800,572.507656,4580.06124
450,line_0_c4,244,601,1802,573.429554,4587.43643
450,line_0_c4,245,602,1804,574.187437,4593.4995
450,line_0_c4,246,603,1806,574.937799,4599.50239
450,line_0_c4,247,604,1808,575.819393,4606.55514
450,line_0_c4,248,605,1810,576.579595,4612.63676
450,line_0_c4,249,606,1812,577.395123,4619.16098
450,line_0_c4,250,607,1814,578.114665,4624.91732
450,line_0_c4,251,608,1816,578.874528,4630.99622
450,line_0_c4,252,609,1818,579.653003,4637.22403
450,line_0_c4,253,610,1820,580.331195,4642.64956
450,line_0_c4,254,611,1822,581.037151,4648.2972
450,line_0_c4,255,612,1824,581.738613,4653.90891
450,line_0_c4,256,613,1826,582.398106,4659.18485
450,line_0_c4,257,614,1828,583.129372,4665.03498
450,line_0_c4,258,615,1830,583.725285,4669.80228
450,line_0_c4,259,616,1832,584.356269,4674.85016
450,line_0_c4,260,617,1834,585.014991,4680.11993
450,line_0_c4,261,618,1836,585.616942,4684.93554
450,line_0_c4,262,619,1838,586.166468,4689.33175
450,line_0_c4,263,620,1840,586.788781,4694.31025
450,line_0_c4,264,621,1842,587.289406,4698.31525
450,line_0_c4,265,622,1844,587.821172,4702.56938
450,line_0_c4,266,623,1846,588.334177,4706.67342
450,line_0_c4,267,624,1848,588.856654,4710.85323
450,line_0_c4,268,625,1850,589.383648,4715.06918
450,line_0_c4,269,626,1852,589.848405,4718.78724
450,line_0_c4,270,627,1854,590.302413,4722.4193
450,line_0_c4,271,628,1856,590.722975,4725.7838
450,line_0_c4,272,629,1858,591.196879,4729.57503
450,line_0_c4,273,630,1860,591.595863,4732.76691
450,line_0_c4,274,631,1862,591.989457,4735.91566
450,line_0_c4,275,632,1864,592.39919,4739.19352
450,line_0_c4,276,633,1866,592.757003,4742.05603
450,line_0_c4,277,634,1868,593.130461,4745.04368
450,line_0_c4,278,635,1870,593.470663,4747.7653
450,line_0_c4,279,636,1872,593.779285,4750.23428
450,line_0_c4,280,637,1874,594.110654,4752.88523
450,line_0_c4,281,638,1876,594.40324,4755.22592
450,line_0_c4,282,639,1878,594.694482,4757.55586
450,line_0_c4,283,640,1880,594.947479,4759.57983
450,line_0_c4,284,641,1882,595.193993,4761.55194
450,line_0_c4,285,642,1884,595.417231,4763.33785
450,line_0_c4,286,643,1886,595.617924,4764.94339
450,line_0_c4,287,644,1888,595.818689,4766.54952
450,line_0_c4,288,645,1890,596.018695,4768.14956
450,line_0_c4,289,646,1892,596.20601,4769.64808
450,line_0_c4,290,647,1894,596.345475,4770.7638
450,line_0_c4,291,648,1896,596.491694,4771.93355
450,line_0_c4,292,649,1898,596.641448,4773.13158
450,line_0_c4,293,650,1900,596.762215,4774.09772
450,line_0_c4,294,651,1902,596.8724,4774.9792
450,line_0_c4,295,652,1904,596.85799,4774.86392
450,line_0_c4,296,653,1906,596.839995,4774.71996
450,line_0_c4,297,654,1908,596.811656,4774.49325
450,line_0_c4,298,655,1910,596.806083,4774.44866
450,line_0_c4,299,656,1912,596.787124,4774.29699
450,line_0_c4,300,657,1914,596.802313,4774.41851
450,line_0_c7,21,537,1674,404.991483,3239.93186
450,line_0_c7,22,538,1676,404.995696,3239.96557
450,line_0_c7,23,539,1678,405.019114,3240.15291
450,line_0_c7,24,540,1680,405.039183,3240.31347
450,line_0_c7,25,541,1682,405.06672,3240.53376
450,line_0_c7,26,542,1684,405.102791,3240.82233
450,line_0_c7,27,543,1686,405.142302,3241.13842
450,line_0_c7,28,544,1688,405.196206,3241.56965
450,line_0_c7,29,545,1690,405.290102,3242.32082
450,line_0_c7,30,546,1692,405.398707,3243.18966
450,line_0_c7,31,547,1694,405.52323,3244.18584
450,line_0_c7,32,548,1696,405.659241,3245.27393
450,line_0_c7,33,549,1698,405.815104,3246.52083
450,line_0_c7,34,550,1700,405.97561,3247.80488
450,line_0_c7,35,551,1702,406.162504,3249.30003
450,line_0_c7,36,552,1704,406.354859,3250.83887
450,line_0_c7,37,553,1706,406.540793,3252.32635
450,line_0_c7,38,554,1708,406.759066,3254.07253
450,line_0_c7,39,555,1710,406.975145,3255.80116
450,line_0_c7,40,556,1712,407.223309,3257.78647
450,line_0_c7,41,557,1714,407.46456,3259.71648
450,line_0_c7,42,558,1716,407.73167,3261.85336
450,line_0_c7,43,559,1718,407.991072,3263.92858
450,line_0_c7,44,560,1720,408.280488,3266.2439
450,line_0_c7,45,561,1722,408.585027,3268.68021
450,line_0_c7,46,562,1724,408.891846,3271.13477
450,line_0_c7,47,563,1726,409.218706,3273.74965
450,line_0_c7,48,564,1728,409.555111,3276.44088
450,line_0_c7,49,565,1730,409.895148,3279.16118
450,line_0_c7,50,566,1732,410.258754,3282.07003
450,line_0_c7,51,567,1734,410.59908,3284.79264
450,line_0_c7,52,568,1736,411.008458,3288.06767
450,line_0_c7,53,569,1738,411.401536,3291.21229
450,line_0_c7,54,570,1740,411.804571,3294.43657
450,line_0_c7,55,571,1742,412.232214,3297.85771
450,line_0_c7,56,572,1744,412.641664,3301.13331
450,line_0_c7,57,573,1746,413.087677,3304.70141
450,line_0_c7,58,574,1748,413.517677,3308.14142
450,line_0_c7,59,575,1750,414.017169,3312.13735
450,line_0_c7,60,576,1752,414.476914,3315.81531
450,line_0_c7,61,577,1754,414.963534,3319.70827
450,line_0_c7,62,578,1756,415.452247,3323.61797
450,line_0_c7,63,579,1758,415.976932,3327.81546
450,line_0_c7,64,580,1760,416.509028,3332.07222
450,line_0_c7,65,581,1762,417.002239,3336.01791
450,line_0_c7,66,582,1764,417.564866,3340.51893
450,line_0_c7,67,583,1766,418.145159,3345.16127
450,line_0_c7,68,584,1768,418.717929,3349.74344
450,line_0_c7,69,585,1770,419.287854,3354.30283
450,line_0_c7,70,586,1772,419.878794,3359.03036
450,line_0_c7,71,587,1774,420.468982,3363.75186
450,line_0_c7,72,588,1776,421.057347,3368.45878
450,line_0_c7,73,589,1778,421.724893,3373.79914
450,line_0_c7,74,590,1780,422.342895,3378.74316
450,line_0_c7,75,591,1782,423.027665,3384.22132
450,line_0_c7,76,592,1784,423.642355,3389.13884
450,line_0_c7,77,593,1786,424.356933,3394.85547
450,line_0_c7,78,594,1788,425.057886,3400.46308
450,line_0_c7,79,595,1790,425.768194,3406.14555
450,line_0_c7,80,596,1792,426.457184,3411.65747
450,line_0_c7,81,597,1794,427.201763,3417.6141
450,line_0_c7,82,598,1796,427.953493,3423.62795
450,line_0_c7,83,599,1798,428.632012,3429.0561
450,line_0_c7,84,600,1800,429.412742,3435.30194
450,line_0_c7,85,601,1802,430.190615,3441.52492
450,line_0_c7,86,602,1804,430.902375,3447.219
450,line_0_c7,87,603,1806,431.681589,3453.45271
450,line_0_c7,88,604,1808,432.447192,3459.57753
450,line_0_c7,89,605,1810,433.318317,3466.54653
450,line_0_c7,90,606,1812,434.079132,3472.63306
450,line_0_c7,91,607,1814,434.909365,3479.27492
450,line_0_c7,92,608,1816,435.784421,3486.27537
450,line_0_c7,93,609,1818,436.696081,3493.56865
450,line_0_c7,94,610,1820,437.579407,3500.63525
450,line_0_c7,95,611,1822,438.451639,3507.61311
450,line_0_c7,96,612,1824,439.308908,3514.47126
450,line_0_c7,97,613,1826,440.218156,3521.74525
450,line_0_c7,98,614,1828,441.179715,3529.43772
450,line_0_c7,99,615,1830,441.988713,3535.9097
450,line_0_c7,100,616,1832,442.949855,3543.59884
450,line_0_c7,101,617,1834,443.938596,3551.50877
450,line_0_c7,102,618,1836,444.789682,3558.31746
450,line_0_c7,103,619,1838,445.875223,3567.00178
450,line_0_c7,104,620,1840,446.85679,3574.85432
450,line_0_c7,105,621,1842,447.818696,3582.54957
450,line_0_c7,106,622,1844,448.830704,3590.64563
450,line_0_c7,107,623,1846,449.822315,3598.57852
450,line_0_c7,108,624,1848,450.770625,3606.165
450,line_0_c7,109,625,1850,451.817275,3614.5382
450,line_0_c7,110,626,1852,452.814885,3622.51908
450,line_0_c7,111,627,1854,453.814379,3630.51503
450,line_0_c7,112,628,1856,454.875791,3639.00633
450,line_0_c7,113,629,1858,455.883758,3647.07006
450,line_0_c7,114,630,1860,456.976053,3655.80843
450,line_0_c7,115,631,1862,458.027356,3664.21885
450,line_0_c7,116,632,1864,459.115937,3672.9275
450,line_0_c7,117,633,1866,460.226041,3681.80833
450,line_0_c7,118,634,1868,461.352031,3690.81625
450,line_0_c7,119,635,1870,462.439922,3699.51938
450,line_0_c7,120,636,1872,463.609885,3708.87908
450,line_0_c7,121,637,1874,464.718139,3717.74511
450,line_0_c7,122,638,1876,465.742493,3725.93994
450,line_0_c7,123,639,1878,466.948493,3735.58794
450,line_0_c7,124,640,1880,468.087737,3744.70189
450,line_0_c7,125,641,1882,469.194174,3753.55339
450,line_0_c7,126,642,1884,470.423881,3763.39105
450,line_0_c7,127,643,1886,471.479646,3771.83717
450,line_0_c7,128,644,1888,472.694289,3781.55432
450,line_0_c7,129,645,1890,473.862064,3790.89651
450,line_0_c7,130,646,1892,474.997542,3799.98034
450,line_0_c7,131,647,1894,476.173483,3809.38787
450,line_0_c7,132,648,1896,477.361104,3818.88884
450,line_0_c7,133,649,1898,478.521264,3828.17011
450,line_0_c7,134,650,1900,479.675578,3837.40462
450,line_0_c7,135,651,1902,480.77194,3846.17552
450,line_0_c7,136,652,1904,481.912693,3855.30154
450,line_0_c7,137,653,1906,483.119966,3864.95973
450,line_0_c7,138,654,1908,484.333345,3874.66676
450,line_0_c7,139,655,1910,485.502498,3884.01998
450,line_0_c7,140,656,1912,486.625017,3893.00013
450,line_0_c7,141,657,1914,487.883803,3903.07042
450,line_0_c7,142,658,1916,489.054416,3912.43533
450,line_0_c7,143,659,1918,490.212942,3921.70354
450,line_0_c7,144,660,1920,491.497164,3931.97731
450,line_0_c7,145,661,1922,492.642125,3941.137
450,line_0_c7,146,662,1924,493.689676,3949.51741
450,line_0_c7,147,663,1926,494.978228,3959.82583
450,line_0_c7,148,664,1928,496.131443,3969.05155
450,line_0_c7,149,665,1930,497.170351,3977.36281
450,line_0_c7,150,666,1932,498.395751,3987.16601
450,line_0_c7,151,667,1934,499.569993,3996.55994
450,line_0_c7,152,668,1936,500.774601,4006.19681
450,line_0_c7,153,669,1938,501.909713,4015.2777
450,line_0_c7,154,670,1940,503.070948,4024.56758
450,line_0_c7,155,671,1942,504.104222,4032.83378
450,line_0_c7,156,672,1944,505.337728,4042.70183
450,line_0_c7,157,673,1946,506.498029,4051.98423
450,line_0_c7,158,674,1948,507.576441,4060.61153
450,line_0_c7,159,675,1950,508.652033,4069.21626
450,line_0_c7,160,676,1952,509.745337,4077.96269
450,line_0_c7,161,677,1954,510.780574,4086.2446
450,line_0_c7,162,678,1956,511.854945,4094.83956
450,line_0_c7,163,679,1958,512.958434,4103.66747
450,line_0_c7,164,680,1960,513.983408,4111.86726
450,line_0_c7,165,681,1962,515.056475,4120.4518
450,line_0_c7,166,682,1964,516.107668,4128.86134
450,line_0_c7,167,683,1966,517.174361,4137.39489
450,line_0_c7,168,684,1968,518.235383,4145.88306
450,line_0_c7,169,685,1970,519.234821,4153.87857
450,line_0_c7,170,686,1972,520.274986,4162.19989
450,line_0_c7,171,687,1974,521.351715,4170.81372
450,line_0_c7,172,688,1976,522.313726,4178.50981
450,line_0_c7,173,689,1978,523.304544,4186.43636
450,line_0_c7,174,690,1980,524.223973,4193.79179
450,line_0_c7,175,691,1982,525.157112,4201.2569
450,line_0_c7,176,692,1984,526.149192,4209.19354
450,line_0_c7,177,693,1986,527.0324,4216.2592
450,line_0_c7,178,694,1988,527.956229,4223.64984
450,line_0_c7,179,695,1990,528.875132,4231.00106
450,line_0_c7,180,696,1992,529.725808,4237.80647
450,line_0_c7,181,697,1994,530.591501,4244.73201
450,line_0_c7,182,698,1996,531.435784,4251.48627
450,line_0_c7,183,699,1998,532.270589,4258.16471
450,line_0_c7,184,700,2000,533.089871,4264.71897
450,line_0_c7,185,701,2002,533.887472,4271.09978
450,line_0_c7,186,702,2004,534.714907,4277.71925
450,line_0_c7,187,703,2006,535.435872,4283.48697
450,line_0_c7,188,704,2008,536.190575,4289.5246
450,line_0_c7,189,705,2010,536.910033,4295.28026
450,line_0_c7,190,706,2012,537.682203,4301.45762
450,line_0_c7,191,707,2014,538.328251,4306.62601
450,line_0_c7,192,708,2016,539.007717,4312.06174
450,line_0_c7,193,709,2018,539.760745,4318.08596
450,line_0_c7,194,710,2020,540.369686,4322.95749
450,line_0_c7,195,711,2022,541.022922,4328.18337
450,line_0_c7,196,712,2024,541.635632,4333.08506
450,line_0_c7,197,713,2026,542.217997,4337.74398
450,line_0_c7,198,714,2028,542.765947,4342.12758
450,line_0_c7,199,715,2030,543.34957,4346.79656
450,line_0_c7,200,716,2032,543.850749,4350.80599
450,line_0_c7,201,717,2034,544.413729,4355.30984
450,line_0_c7,202,718,2036,544.932012,4359.4561
450,line_0_c7,203,719,2038,545.391247,4363.12998
450,line_0_c7,204,720,2040,545.831913,4366.65531
450,line_0_c7,205,721,2042,546.292627,4370.34101
450,line_0_c7,206,722,2044,546.72873,4373.82984
450,line_0_c7,207,723,2046,547.139063,4377.1125
450,line_0_c7,208,724,2048,547.516856,4380.13485
450,line_0_c7,209,725,2050,547.880333,4383.04266
450,line_0_c7,210,726,2052,548.1894,4385.5152
450,line_0_c7,211,727,2054,548.493307,4387.94646
450,line_0_c7,212,728,2056,548.847548,4390.78038
450,line_0_c7,213,729,2058,549.073993,4392.59194
450,line_0_c7,214,730,2060,549.345785,4394.76628
450,line_0_c7,215,731,2062,549.565342,4396.52274
450,line_0_c7,216,732,2064,549.779853,4398.23883
450,line_0_c7,217,733,2066,550.013332,4400.10666
450,line_0_c7,218,734,2068,550.215839,4401.72671
450,line_0_c7,219,735,2070,550.395308,4403.16246
450,line_0_c7,220,736,2072,550.657577,4405.26061
450,line_0_c7,221,737,2074,550.799092,4406.39273
450,line_0_c7,222,738,2076,550.942998,4407.54399
450,line_0_c7,223,739,2078,551.02147,4408.17176
450,line_0_c7,224,740,2080,551.072964,4408.58371
450,line_0_c7,225,741,2082,551.123672,4408.98938
450,line_0_c8,40,786,2172,263.280791,2106.24633
450,line_0_c8,41,787,2174,263.323058,2106.58447
450,line_0_c8,42,788,2176,263.365011,2106.92009
450,line_0_c8,43,789,2178,263.419278,2107.35422
450,line_0_c8,44,790,2180,263.491904,2107.93523
450,line_0_c8,45,791,2182,263.568878,2108.55102
450,line_0_c8,46,792,2184,263.650901,2109.20721
450,line_0_c8,47,793,2186,263.748462,2109.9877
450,line_0_c8,48,794,2188,263.856479,2110.85184
450,line_0_c8,49,795,2190,263.962688,2111.70151
450,line_0_c8,50,796,2192,264.073873,2112.59099
450,line_0_c8,51,797,2194,264.188708,2113.50966
450,line_0_c8,52,798,2196,264.305387,2114.4431
450,line_0_c8,53,799,2198,264.414448,2115.31559
450,line_0_c8,54,800,2200,264.544512,2116.3561
450,line_0_c8,55,801,2202,264.679096,2117.43277
450,line_0_c8,56,802,2204,264.814818,2118.51854
450,line_0_c8,57,803,2206,264.958542,2119.66834
450,line_0_c8,58,804,2208,265.132104,2121.05683
450,line_0_c8,59,805,2210,265.300741,2122.40593
450,line_0_c8,60,806,2212,265.495248,2123.96199
450,line_0_c8,61,807,2214,265.673974,2125.3918
450,line_0_c8,62,808,2216,265.869015,2126.95212
450,line_0_c8,63,809,2218,266.066163,2128.5293
450,line_0_c8,64,810,2220,266.275937,2130.20749
450,line_0_c8,65,811,2222,266.501153,2132.00923
450,line_0_c8,66,812,2224,266.748554,2133.98843
450,line_0_c8,67,813,2226,266.989854,2135.91883
450,line_0_c8,68,814,2228,267.239169,2137.91335
450,line_0_c8,69,815,2230,267.509553,2140.07643
450,line_0_c8,70,816,2232,267.779091,2142.23273
450,line_0_c8,71,817,2234,268.046571,2144.37257
450,line_0_c8,72,818,2236,268.361033,2146.88826
450,line_0_c8,73,819,2238,268.663801,2149.3104
450,line_0_c8,74,820,2240,268.987926,2151.90341
450,line_0_c8,75,821,2242,269.300733,2154.40586
450,line_0_c8,76,822,2244,269.65394,2157.23152
450,line_0_c8,77,823,2246,269.993232,2159.94585
450,line_0_c8,78,824,2248,270.348176,2162.78541
450,line_0_c8,79,825,2250,270.711144,2165.68915
450,line_0_c8,80,826,2252,271.084159,2168.67327
450,line_0_c8,81,827,2254,271.444851,2171.55881
450,line_0_c8,82,828,2256,271.818815,2174.55052
450,line_0_c8,83,829,2258,272.222224,2177.77779
450,line_0_c8,84,830,2260,272.640133,2181.12106
450,line_0_c8,85,831,2262,273.042803,2184.34242
450,line_0_c8,86,832,2264,273.4722,2187.7776
450,line_0_c8,87,833,2266,273.925968,2191.40775
450,line_0_c8,88,834,2268,274.3748,2194.9984
450,line_0_c8,89,835,2270,274.842269,2198.73815
450,line_0_c8,90,836,2272,275.307693,2202.46154
450,line_0_c8,91,837,2274,275.799855,2206.39884
450,line_0_c8,92,838,2276,276.268496,2210.14797
450,line_0_c8,93,839,2278,276.809497,2214.47598
450,line_0_c8,94,840,2280,277.26101,2218.08808
450,line_0_c8,95,841,2282,277.748344,2221.98675
450,line_0_c8,96,842,2284,278.265336,2226.12269
450,line_0_c8,97,843,2286,278.877032,2231.01625
450,line_0_c8,98,844,2288,279.417008,2235.33606
450,line_0_c8,99,845,2290,279.94684,2239.57472
450,line_0_c8,100,846,2292,280.53943,2244.31544
450,line_0_c8,101,847,2294,281.080464,2248.64371
450,line_0_c8,102,848,2296,281.62664,2253.01312
450,line_0_c8,103,849,2298,282.174916,2257.39933
450,line_0_c8,104,850,2300,282.726893,2261.81514
450,line_0_c8,105,851,2302,283.322631,2266.58104
450,line_0_c8,106,852,2304,283.920713,2271.36571
450,line_0_c8,107,853,2306,284.617687,2276.94149
450,line_0_c8,108,854,2308,285.180468,2281.44374
450,line_0_c8,109,855,2310,285.798393,2286.38715
450,line_0_c8,110,856,2312,286.410763,2291.28611
450,line_0_c8,111,857,2314,287.038925,2296.3114
450,line_0_c8,112,858,2316,287.672272,2301.37817
450,line_0_c8,113,859,2318,288.336927,2306.69541
450,line_0_c8,114,860,2320,288.979141,2311.83313
450,line_0_c8,115,861,2322,289.613174,2316.90539
450,line_0_c8,116,862,2324,290.327765,2322.62212
450,line_0_c8,117,863,2326,290.989402,2327.91522
450,line_0_c8,118,864,2328,291.659387,2333.2751
450,line_0_c8,119,865,2330,292.364641,2338.91713
450,line_0_c8,120,866,2332,292.945177,2343.56142
450,line_0_c8,121,867,2334,293.580535,2348.64428
450,line_0_c8,122,868,2336,294.245974,2353.96779
450,line_0_c8,123,869,2338,294.895907,2359.16726
450,line_0_c8,124,870,2340,295.555677,2364.44542
450,line_0_c8,125,871,2342,296.188509,2369.50807
450,line_0_c8,126,872,2344,296.990051,2375.9204
450,line_0_c8,127,873,2346,297.681253,2381.45002
450,line_0_c8,128,874,2348,298.35098,2386.80784
450,line_0_c8,129,875,2350,298.940989,2391.52791
450,line_0_c8,130,876,2352,299.605515,2396.84412
450,line_0_c8,131,877,2354,300.333739,2402.66991
450,line_0_c8,132,878,2356,300.927717,2407.42174
450,line_0_c8,133,879,2358,301.605946,2412.84757
450,line_0_c8,134,880,2360,302.238341,2417.90673
450,line_0_c8,135,881,2362,302.931629,2423.45303
450,line_0_c8,136,882,2364,303.588041,2428.70433
450,line_0_c8,137,883,2366,304.346885,2434.77508
450,line_0_c8,138,884,2368,305.032965,2440.26372
450,line_0_c8,139,885,2370,305.518847,2444.15078
450,line_0_c8,140,886,2372,306.209841,2449.67873
450,line_0_c8,141,887,2374,306.802668,2454.42134
450,line_0_c8,142,888,2376,307.458354,2459.66683
450,line_0_c8,143,889,2378,308.036393,2464.29114
450,line_0_c8,144,890,2380,308.675018,2469.40014
450,line_0_c8,145,891,2382,309.159406,2473.27525
450,line_0_c8,146,892,2384,309.841308,2478.73047
450,line_0_c8,147,893,2386,310.502651,2484.02121
450,line_0_c8,148,894,2388,311.014557,2488.11646
450,line_0_c8,149,895,2390,311.636175,2493.0894
450,line_0_c8,150,896,2392,312.235711,2497.88568
450,line_0_c8,151,897,2394,312.841811,2502.73449
450,line_0_c8,152,898,2396,313.300682,2506.40546
450,line_0_c8,153,899,2398,313.865485,2510.92388
450,line_0_c8,154,900,2400,314.297574,2514.38059
450,line_0_c8,155,901,2402,314.970403,2519.76322
450,line_0_c8,156,902,2404,315.410283,2523.28227
450,line_0_c8,157,903,2406,315.979239,2527.83391
450,line_0_c8,158,904,2408,316.363684,2530.90947
450,line_0_c8,159,905,2410,316.80378,2534.43024
450,line_0_c8,160,906,2412,317.346835,2538.77468
450,line_0_c8,161,907,2414,317.703262,2541.6261
450,line_0_c8,162,908,2416,318.093973,2544.75178
450,line_0_c8,163,909,2418,318.675602,2549.40482
450,line_0_c8,164,910,2420,318.951311,2551.61049
450,line_0_c8,165,911,2422,319.449145,2555.59316
450,line_0_c8,166,912,2424,319.732366,2557.85893
450,line_0_c8,167,913,2426,320.178491,2561.42793
450,line_0_c8,168,914,2428,320.439375,2563.515
450,line_0_c8,169,915,2430,320.81607,2566.52856
450,line_0_c8,170,916,2432,321.097487,2568.77989
450,line_0_c8,171,917,2434,321.389398,2571.11519
450,line_0_c8,172,918,2436,321.718705,2573.74964
450,line_0_c8,173,919,2438,322.026918,2576.21535
450,line_0_c8,174,920,2440,322.294306,2578.35445
450,line_0_c8,175,921,2442,322.542717,2580.34174
450,line_0_c8,176,922,2444,322.767507,2582.14005
450,line_0_c8,177,923,2446,322.965084,2583.72067
450,line_0_c8,178,924,2448,323.073601,2584.58881
450,line_0_c8,179,925,2450,323.254897,2586.03918
450,line_0_c8,180,926,2452,323.383133,2587.06506
450,line_0_c8,181,927,2454,323.385725,2587.0858
450,line_0_c8,182,928,2456,323.250421,2586.00337
450,line_0_c8,183,929,2458,323.019878,2584.15903
450,line_0_c8,184,930,2460,322.537942,2580.30353
450,line_0_c8,185,931,2462,322.171778,2577.37422
450,line_0_c8,186,932,2464,321.80042,2574.40336
450,line_0_c8,187,933,2466,321.345002,2570.76002
450,line_0_c8,188,934,2468,320.824417,2566.59533
450,line_0_c8,189,935,2470,320.421833,2563.37467
450,line_0_c8,190,936,2472,319.959077,2559.67262
450,line_7_c18,0,1138,2876,274.220371,2193.76297
450,line_7_c18,1,1139,2878,274.372741,2194.98193
450,line_7_c18,2,1140,2880,274.501682,2196.01345
450,line_7_c18,3,1141,2882,274.634184,2197.07347
450,line_7_c18,4,1142,2884,274.874396,2198.99516
450,line_7_c18,5,1143,2886,275.041768,2200.33415
450,line_7_c18,6,1144,2888,275.315252,2202.52202
450,line_7_c18,7,1145,2890,275.520098,2204.16079
450,line_7_c18,8,1146,2892,275.678041,2205.42432
450,line_7_c18,9,1147,2894,275.873408,2206.98726
450,line_7_c18,10,1148,2896,276.092057,2208.73646
450,line_7_c18,11,1149,2898,276.30189,2210.41512
450,line_7_c18,12,1150,2900,276.429943,2211.43955
450,line_7_c18,13,1151,2902,276.712793,2213.70234
450,line_7_c18,14,1152,2904,277.0148,2216.1184
450,line_7_c18,15,1153,2906,277.220715,2217.76572
450,line_7_c18,16,1154,2908,277.547514,2220.38011
450,line_7_c18,17,1155,2910,277.872306,2222.97844
450,line_7_c18,18,1156,2912,278.187786,2225.50229
450,line_7_c18,19,1157,2914,278.599755,2228.79804
450,line_7_c18,20,1158,2916,278.998521,2231.98817
450,line_7_c18,21,1159,2918,279.338293,2234.70635
450,line_7_c18,22,1160,2920,279.731103,2237.84882
450,line_7_c18,23,1161,2922,280.166897,2241.33518
450,line_7_c18,24,1162,2924,280.639252,2245.11402
450,line_7_c18,25,1163,2926,281.029042,2248.23234
450,line_7_c18,26,1164,2928,281.546981,2252.37585
450,line_7_c18,27,1165,2930,282.033698,2256.26959
450,line_7_c18,28,1166,2932,282.554629,2260.43703
450,line_7_c18,29,1167,2934,283.039772,2264.31818
450,line_7_c18,30,1168,2936,283.638809,2269.11047
450,line_7_c18,31,1169,2938,284.191577,2273.53261
450,line_7_c18,32,1170,2940,284.784851,2278.27881
450,line_7_c18,33,1171,2942,285.298306,2282.38645
450,line_7_c18,34,1172,2944,285.896145,2287.16916
450,line_7_c18,35,1173,2946,286.543014,2292.34411
450,line_7_c18,36,1174,2948,287.10052,2296.80416
450,line_7_c18,37,1175,2950,287.789434,2302.31548
450,line_7_c18,38,1176,2952,288.435148,2307.48118
450,line_7_c18,39,1177,2954,289.053504,2312.42803
450,line_7_c18,40,1178,2956,289.672069,2317.37655
450,line_7_c18,41,1179,2958,290.301097,2322.40878
450,line_7_c18,42,1180,2960,290.968464,2327.74771
450,line_7_c18,43,1181,2962,291.62889,2333.03112
450,line_7_c18,44,1182,2964,292.306622,2338.45298
450,line_7_c18,45,1183,2966,293.004093,2344.03274
450,line_7_c18,46,1184,2968,293.69719,2349.57752
450,line_7_c18,47,1185,2970,294.427453,2355.41963
450,line_7_c18,48,1186,2972,295.146751,2361.17401
450,line_7_c18,49,1187,2974,295.852007,2366.81606
450,line_7_c18,50,1188,2976,296.516804,2372.13443
450,line_7_c18,51,1189,2978,297.280459,2378.24367
450,line_7_c18,52,1190,2980,297.953794,2383.63036
450,line_7_c18,53,1191,2982,298.695541,2389.56433
450,line_7_c18,54,1192,2984,299.374351,2394.99481
450,line_7_c18,55,1193,2986,300.111184,2400.88947
450,line_7_c18,56,1194,2988,300.876683,2407.01347
450,line_7_c18,57,1195,2990,301.501435,2412.01148
450,line_7_c18,58,1196,2992,302.218302,2417.74641
450,line_7_c18,59,1197,2994,302.923271,2423.38617
450,line_7_c18,60,1198,2996,303.550811,2428.40649
450,line_7_c18,61,1199,2998,304.237867,2433.90294
450,line_7_c18,62,1200,3000,304.895781,2439.16625
450,line_7_c18,63,1201,3002,305.562235,2444.49788
450,line_7_c18,64,1202,3004,306.25662,2450.05296
450,line_7_c18,65,1203,3006,306.841793,2454.73435
450,line_7_c18,66,1204,3008,307.50616,2460.04928
450,line_7_c18,67,1205,3010,308.098167,2464.78534
450,line_7_c18,68,1206,3012,308.735016,2469.88013
450,line_7_c18,69,1207,3014,309.338125,2474.705
450,line_7_c18,70,1208,3016,309.950474,2479.60379
450,line_7_c18,71,1209,3018,310.572528,2484.58023
450,line_7_c18,72,1210,3020,311.078931,2488.63145
450,line_7_c18,73,1211,3022,311.643023,2493.14419
450,line_7_c18,74,1212,3024,312.181983,2497.45586
450,line_7_c18,75,1213,3026,312.664783,2501.31826
450,line_7_c18,76,1214,3028,313.120417,2504.96334
450,line_7_c18,77,1215,3030,313.704814,2509.63851
450,line_7_c18,78,1216,3032,314.095205,2512.76164
450,line_7_c18,79,1217,3034,314.532611,2516.26089
450,line_7_c18,80,1218,3036,314.950977,2519.60782
450,line_7_c18,81,1219,3038,315.3739,2522.9912
450,line_7_c18,82,1220,3040,315.753464,2526.02771
450,line_7_c18,83,1221,3042,316.075615,2528.60492
450,line_7_c18,84,1222,3044,316.45577,2531.64616
450,line_7_c18,85,1223,3046,316.754572,2534.03658
450,line_7_c18,86,1224,3048,317.029225,2536.2338
450,line_7_c18,87,1225,3050,317.253872,2538.03097
450,line_7_c18,88,1226,3052,317.49453,2539.95624
450,line_7_c18,89,1227,3054,317.747085,2541.97668
450,line_7_c18,90,1228,3056,318.062479,2544.49984
450,line_7_c18,91,1229,3058,318.265719,2546.12576
450,line_7_c18,92,1230,3060,318.282283,2546.25826
450,line_7_c18,93,1231,3062,318.207726,2545.66181
450,line_7_c18,94,1232,3064,318.228311,2545.82649
450,line_7_c18,95,1233,3066,318.300372,2546.40297
450,line_7_c18,96,1234,3068,318.330076,2546.64061
450,line_7_c18,97,1235,3070,318.34313,2546.74504
450,line_7_c18,98,1236,3072,318.348804,2546.79043
450,line_40_c7,3,814,2228,339.772887,2718.18309
450,line_40_c7,4,815,2230,340.077101,2720.61681
450,line_40_c7,5,816,2232,340.474812,2723.7985
450,line_40_c7,6,817,2234,340.724756,2725.79804
450,line_40_c7,7,818,2236,340.985846,2727.88677
450,line_40_c7,8,819,2238,341.238174,2729.90539
450,line_40_c7,9,820,2240,341.370469,2730.96375
450,line_40_c7,10,821,2242,341.601562,2732.8125
450,line_40_c7,11,822,2244,341.757856,2734.06285
450,line_40_c7,12,823,2246,342.036042,2736.28833
450,line_40_c7,13,824,2248,342.252766,2738.02213
450,line_40_c7,14,825,2250,342.430671,2739.44537
450,line_40_c7,15,826,2252,342.771786,2742.17429
450,line_40_c7,16,827,2254,343.020335,2744.16268
450,line_40_c7,17,828,2256,343.255857,2746.04685
450,line_40_c7,18,829,2258,343.569432,2748.55546
450,line_40_c7,19,830,2260,343.930281,2751.44225
450,line_40_c7,20,831,2262,344.232447,2753.85958
450,line_40_c7,21,832,2264,344.590553,2756.72442
450,line_40_c7,22,833,2266,345.00099,2760.00792
450,line_40_c7,23,834,2268,345.443475,2763.5478
450,line_40_c7,24,835,2270,345.918932,2767.35146
450,line_40_c7,25,836,2272,346.357362,2770.85889
450,line_40_c7,26,837,2274,346.796205,2774.36964
450,line_40_c7,27,838,2276,347.181095,2777.44876
450,line_40_c7,28,839,2278,347.667504,2781.34003
450,line_40_c7,29,840,2280,348.165134,2785.32107
450,line_40_c7,30,841,2282,348.705487,2789.6439
450,line_40_c7,31,842,2284,349.18432,2793.47456
450,line_40_c7,32,843,2286,349.759649,2798.07719
450,line_40_c7,33,844,2288,350.335455,2802.68364
450,line_40_c7,34,845,2290,350.88587,2807.08696
450,line_40_c7,35,846,2292,351.418578,2811.34863
450,line_40_c7,36,847,2294,352.018989,2816.15191
450,line_40_c7,37,848,2296,352.50883,2820.07064
450,line_40_c7,38,849,2298,353.058927,2824.47141
450,line_40_c7,39,850,2300,353.730095,2829.84076
450,line_40_c7,40,851,2302,354.273386,2834.18709
450,line_40_c7,41,852,2304,354.856637,2838.85309
450,line_40_c7,42,853,2306,355.473227,2843.78581
450,line_40_c7,43,854,2308,356.134816,2849.07853
450,line_40_c7,44,855,2310,356.641717,2853.13374
450,line_40_c7,45,856,2312,357.327623,2858.62098
450,line_40_c7,46,857,2314,357.970116,2863.76093
450,line_40_c7,47,858,2316,358.464029,2867.71223
450,line_40_c7,48,859,2318,359.123498,2872.98798
450,line_40_c7,49,860,2320,359.703083,2877.62466
450,line_40_c7,50,861,2322,360.285263,2882.2821
450,line_40_c7,51,862,2324,360.918155,2887.34524
450,line_40_c7,52,863,2326,361.470764,2891.76611
450,line_40_c7,53,864,2328,362.161213,2897.28971
450,line_40_c7,54,865,2330,362.824429,2902.59543
450,line_40_c7,55,866,2332,363.296676,2906.37341
450,line_40_c7,56,867,2334,363.966904,2911.73523
450,line_40_c7,57,868,2336,364.44825,2915.586
450,line_40_c7,58,869,2338,364.996646,2919.97317
450,line_40_c7,59,870,2340,365.465242,2923.72194
450,line_40_c7,60,871,2342,366.011307,2928.09046
450,line_40_c7,61,872,2344,366.57888,2932.63104
450,line_40_c7,62,873,2346,367.131012,2937.0481
450,line_40_c7,63,874,2348,367.578637,2940.6291
450,line_40_c7,64,875,2350,368.011031,2944.08825
450,line_40_c7,65,876,2352,368.585344,2948.68275
450,line_40_c7,66,877,2354,368.988174,2951.90539
450,line_40_c7,67,878,2356,369.417948,2955.34358
450,line_40_c7,68,879,2358,369.897842,2959.18274
450,line_40_c7,69,880,2360,370.206154,2961.64923
450,line_40_c7,70,881,2362,370.600801,2964.80641
450,line_40_c7,71,882,2364,370.958251,2967.666
450,line_40_c7,72,883,2366,371.32254,2970.58032
450,line_40_c7,73,884,2368,371.579958,2972.63966
450,line_40_c7,74,885,2370,371.866101,2974.92881
450,line_40_c7,75,886,2372,372.225936,2977.80749
450,line_40_c7,76,887,2374,372.407219,2979.25775
450,line_40_c7,77,888,2376,372.781136,2982.24909
450,line_40_c7,78,889,2378,373.000655,2984.00524
450,line_40_c7,79,890,2380,373.190874,2985.52699
450,line_40_c7,80,891,2382,373.42439,2987.39512
450,line_40_c7,81,892,2384,373.563896,2988.51117
450,line_40_c7,82,893,2386,373.913824,2991.31059
450,line_40_c7,83,894,2388,374.15223,2993.21784
450,line_40_c7,84,895,2390,374.392787,2995.1423
450,line_40_c7,85,896,2392,374.69574,2997.56592
450,line_40_c7,86,897,2394,375.03295,3000.2636
450,line_40_c7,87,898,2396,375.366273,3002.93019
450,line_43_c23,2,1287,3174,163.289015,1306.31212
450,line_43_c23,3,1288,3176,163.291681,1306.33345
450,line_43_c23,4,1289,3178,163.298211,1306.38569
450,line_43_c23,5,1290,3180,163.30385,1306.4308
450,line_43_c23,6,1291,3182,163.311761,1306.49409
450,line_43_c23,7,1292,3184,163.323937,1306.5915
450,line_43_c23,8,1293,3186,163.343541,1306.74833
450,line_43_c23,9,1294,3188,163.366165,1306.92932
450,line_43_c23,10,1295,3190,163.391116,1307.12893
450,line_43_c23,11,1296,3192,163.43376,1307.47008
450,line_43_c23,12,1297,3194,163.481853,1307.85482
450,line_43_c23,13,1298,3196,163.534016,1308.27212
450,line_43_c23,14,1299,3198,163.592512,1308.7401
450,line_43_c23,15,1300,3200,163.657987,1309.26389
450,line_43_c23,16,1301,3202,163.719843,1309.75875
450,line_43_c23,17,1302,3204,163.797476,1310.37981
450,line_43_c23,18,1303,3206,163.866991,1310.93593
450,line_43_c23,19,1304,3208,163.946149,1311.56919
450,line_43_c23,20,1305,3210,164.031627,1312.25301
450,line_43_c23,21,1306,3212,164.124565,1312.99652
450,line_43_c23,22,1307,3214,164.226879,1313.81504
450,line_43_c23,23,1308,3216,164.329,1314.632
450,line_43_c23,24,1309,3218,164.429676,1315.43741
450,line_43_c23,25,1310,3220,164.543817,1316.35053
450,line_43_c23,26,1311,3222,164.680025,1317.4402
450,line_43_c23,27,1312,3224,164.803564,1318.42851
450,line_43_c23,28,1313,3226,164.9354,1319.4832
450,line_43_c23,29,1314,3228,165.068235,1320.54588
450,line_43_c23,30,1315,3230,165.196146,1321.56917
450,line_43_c23,31,1316,3232,165.349369,1322.79495
450,line_43_c23,32,1317,3234,165.483637,1323.86909
450,line_43_c23,33,1318,3236,165.638613,1325.1089
450,line_43_c23,34,1319,3238,165.817887,1326.54309
450,line_43_c23,35,1320,3240,165.974493,1327.79594
450,line_43_c23,36,1321,3242,166.155897,1329.24718
450,line_43_c23,37,1322,3244,166.331712,1330.6537
450,line_43_c23,38,1323,3246,166.507476,1332.05981
450,line_43_c23,39,1324,3248,166.707373,1333.65899
450,line_43_c23,40,1325,3250,166.904283,1335.23427
450,line_43_c23,41,1326,3252,167.117601,1336.94081
450,line_43_c23,42,1327,3254,167.311855,1338.49484
450,line_43_c23,43,1328,3256,167.538448,1340.30758
450,line_43_c23,44,1329,3258,167.746424,1341.97139
450,line_43_c23,45,1330,3260,167.974459,1343.79567
450,line_43_c23,46,1331,3262,168.200196,1345.60157
450,line_43_c23,47,1332,3264,168.436907,1347.49525
450,line_43_c23,48,1333,3266,168.688569,1349.50855
450,line_43_c23,49,1334,3268,168.933168,1351.46535
450,line_43_c23,50,1335,3270,169.198172,1353.58538
450,line_43_c23,51,1336,3272,169.457861,1355.66289
450,line_43_c23,52,1337,3274,169.725115,1357.80092
450,line_43_c23,53,1338,3276,169.999004,1359.99203
450,line_43_c23,54,1339,3278,170.286198,1362.28958
450,line_43_c23,55,1340,3280,170.561718,1364.49375
450,line_43_c23,56,1341,3282,170.86649,1366.93192
450,line_43_c23,57,1342,3284,171.158755,1369.27004
450,line_43_c23,58,1343,3286,171.46688,1371.73504
450,line_43_c23,59,1344,3288,171.772397,1374.17917
450,line_43_c23,60,1345,3290,172.091104,1376.72883
450,line_43_c23,61,1346,3292,172.410723,1379.28579
450,line_43_c23,62,1347,3294,172.755102,1382.04082
450,line_43_c23,63,1348,3296,173.092265,1384.73812
450,line_43_c23,64,1349,3298,173.421119,1387.36896
450,line_43_c23,65,1350,3300,173.782644,1390.26115
450,line_43_c23,66,1351,3302,174.139067,1393.11254
450,line_43_c23,67,1352,3304,174.477621,1395.82097
450,line_43_c23,68,1353,3306,174.855584,1398.84467
450,line_43_c23,69,1354,3308,175.226909,1401.81527
450,line_43_c23,70,1355,3310,175.629866,1405.03893
450,line_43_c23,71,1356,3312,175.998448,1407.98759
450,line_43_c23,72,1357,3314,176.394474,1411.15579
450,line_43_c23,73,1358,3316,176.792094,1414.33675
450,line_43_c23,74,1359,3318,177.230598,1417.84478
450,line_43_c23,75,1360,3320,177.631813,1421.05451
450,line_43_c23,76,1361,3322,178.0735,1424.588
450,line_43_c23,77,1362,3324,178.484376,1427.87501
450,line_43_c23,78,1363,3326,178.913942,1431.31154
450,line_43_c23,79,1364,3328,179.344795,1434.75836
450,line_43_c23,80,1365,3330,179.757172,1438.05738
450,line_43_c23,81,1366,3332,180.194549,1441.55639
450,line_43_c23,82,1367,3334,180.652233,1445.21786
450,line_43_c23,83,1368,3336,181.083119,1448.66495
450,line_43_c23,84,1369,3338,181.601371,1452.81096
450,line_43_c23,85,1370,3340,182.021991,1456.17593
450,line_43_c23,86,1371,3342,182.545268,1460.36215
450,line_43_c23,87,1372,3344,182.997235,1463.97788
450,line_43_c23,88,1373,3346,183.494461,1467.95569
450,line_43_c23,89,1374,3348,183.983014,1471.86411
450,line_43_c23,90,1375,3350,184.44,1475.52
450,line_43_c23,91,1376,3352,184.973265,1479.78612
450,line_43_c23,92,1377,3354,185.455564,1483.64451
450,line_43_c23,93,1378,3356,185.980794,1487.84635
450,line_43_c23,94,1379,3358,186.485761,1491.88609
450,line_43_c23,95,1380,3360,187.041157,1496.32926
450,line_43_c23,96,1381,3362,187.538068,1500.30455
450,line_43_c23,97,1382,3364,188.090964,1504.72771
450,line_43_c23,98,1383,3366,188.593703,1508.74962
450,line_43_c23,99,1384,3368,189.16766,1513.34128
450,line_43_c23,100,1385,3370,189.725223,1517.80178
450,line_43_c23,101,1386,3372,190.243721,1521.94977
450,line_43_c23,102,1387,3374,190.784994,1526.27995
450,line_43_c23,103,1388,3376,191.34203,1530.73624
450,line_43_c23,104,1389,3378,191.897924,1535.18339
450,line_43_c23,105,1390,3380,192.43421,1539.47368
450,line_43_c23,106,1391,3382,193.026726,1544.2138
450,line_43_c23,107,1392,3384,193.610058,1548.88047
450,line_43_c23,108,1393,3386,194.177102,1553.41682
450,line_43_c23,109,1394,3388,194.75791,1558.06328
450,line_43_c23,110,1395,3390,195.298782,1562.39026
450,line_43_c23,111,1396,3392,195.878702,1567.02962
450,line_43_c23,112,1397,3394,196.470329,1571.76263
450,line_43_c23,113,1398,3396,197.050339,1576.40271
450,line_43_c23,114,1399,3398,197.650201,1581.20161
450,line_43_c23,115,1400,3400,198.246177,1585.96942
450,line_43_c23,116,1401,3402,198.829136,1590.63308
450,line_43_c23,117,1402,3404,199.432218,1595.45774
450,line_43_c23,118,1403,3406,200.095458,1600.76367
450,line_43_c23,119,1404,3408,200.700371,1605.60297
450,line_43_c23,120,1405,3410,201.288636,1610.30909
450,line_43_c23,121,1406,3412,201.880509,1615.04407
450,line_43_c23,122,1407,3414,202.49725,1619.978
450,line_43_c23,123,1408,3416,203.149442,1625.19554
450,line_43_c23,124,1409,3418,203.706969,1629.65575
450,line_43_c23,125,1410,3420,204.324661,1634.59729
450,line_43_c23,126,1411,3422,204.997707,1639.98166
450,line_43_c23,127,1412,3424,205.587994,1644.70395
450,line_43_c23,128,1413,3426,206.217246,1649.73797
450,line_43_c23,129,1414,3428,206.864432,1654.91546
450,line_43_c23,130,1415,3430,207.455925,1659.6474
450,line_43_c23,131,1416,3432,208.086747,1664.69398
450,line_43_c23,132,1417,3434,208.745792,1669.96633
450,line_43_c23,133,1418,3436,209.352762,1674.8221
450,line_43_c23,134,1419,3438,210.038621,1680.30897
450,line_43_c23,135,1420,3440,210.671575,1685.3726
450,line_43_c23,136,1421,3442,211.272796,1690.18237
450,line_43_c23,137,1422,3444,211.941607,1695.53285
450,line_43_c23,138,1423,3446,212.61763,1700.94104
450,line_43_c23,139,1424,3448,213.234802,1705.87841
450,line_43_c23,140,1425,3450,213.887674,1711.10139
450,line_43_c23,141,1426,3452,214.577778,1716.62223
450,line_43_c23,142,1427,3454,215.329887,1722.6391
450,line_43_c23,143,1428,3456,215.949666,1727.59733
450,line_43_c23,144,1429,3458,216.555529,1732.44424
450,line_43_c23,145,1430,3460,217.301354,1738.41083
450,line_43_c23,146,1431,3462,217.887458,1743.09966
450,line_43_c23,147,1432,3464,218.63472,1749.07776
450,line_43_c23,148,1433,3466,219.342433,1754.73946
450,line_43_c23,149,1434,3468,220.002407,1760.01926
450,line_43_c23,150,1435,3470,220.645037,1765.16029
450,line_43_c23,151,1436,3472,221.344025,1770.7522
450,line_43_c23,152,1437,3474,222.03704,1776.29632
450,line_43_c23,153,1438,3476,222.769897,1782.15917
450,line_43_c23,154,1439,3478,223.526475,1788.2118
450,line_43_c23,155,1440,3480,224.162699,1793.30159
450,line_43_c23,156,1441,3482,224.900687,1799.2055
450,line_43_c23,157,1442,3484,225.599644,1804.79715
450,line_43_c23,158,1443,3486,226.332154,1810.65723
450,line_43_c23,159,1444,3488,227.091709,1816.73367
450,line_43_c23,160,1445,3490,227.820411,1822.56329
450,line_43_c23,161,1446,3492,228.593335,1828.74668
450,line_43_c23,162,1447,3494,229.350481,1834.80385
450,line_43_c23,163,1448,3496,230.118514,1840.94811
450,line_43_c23,164,1449,3498,230.888525,1847.1082
450,line_43_c23,165,1450,3500,231.672682,1853.38145
450,line_43_c23,166,1451,3502,232.472193,1859.77754
450,line_43_c23,167,1452,3504,233.285184,1866.28147
450,line_43_c23,168,1453,3506,234.055567,1872.44454
450,line_43_c23,169,1454,3508,234.885735,1879.08588
450,line_43_c23,170,1455,3510,235.657389,1885.25911
450,line_43_c23,171,1456,3512,236.472502,1891.78001
450,line_43_c23,172,1457,3514,237.337631,1898.70105
450,line_43_c23,173,1458,3516,238.203358,1905.62686
450,line_43_c23,174,1459,3518,239.057206,1912.45765
450,line_43_c23,175,1460,3520,239.855314,1918.84251
450,line_43_c23,176,1461,3522,240.82036,1926.56288
450,line_43_c23,177,1462,3524,241.623793,1932.99035
450,line_43_c23,178,1463,3526,242.549377,1940.39502
450,line_43_c23,179,1464,3528,243.419896,1947.35917
450,line_43_c23,180,1465,3530,244.349081,1954.79265
450,line_43_c23,181,1466,3532,245.306953,1962.45562
450,line_43_c23,182,1467,3534,246.237794,1969.90235
450,line_43_c23,183,1468,3536,247.129471,1977.03577
450,line_43_c23,184,1469,3538,248.071676,1984.57341
450,line_43_c23,185,1470,3540,249.032739,1992.26192
450,line_43_c23,186,1471,3542,250.061088,2000.4887
450,line_43_c23,187,1472,3544,251.112011,2008.89609
450,line_43_c23,188,1473,3546,252.090352,2016.72281
450,line_43_c23,189,1474,3548,253.086668,2024.69334
450,line_43_c23,190,1475,3550,254.056748,2032.45398
450,line_43_c23,191,1476,3552,255.07099,2040.56792
450,line_43_c23,192,1477,3554,256.113057,2048.90446
450,line_43_c23,193,1478,3556,257.20765,2057.6612
450,line_43_c23,194,1479,3558,258.247736,2065.98189
450,line_43_c23,195,1480,3560,259.308725,2074.4698
450,line_43_c23,196,1481,3562,260.409293,2083.27435
450,line_43_c23,197,1482,3564,261.531717,2092.25374
450,line_43_c23,198,1483,3566,262.687141,2101.49713
450,line_43_c23,199,1484,3568,263.72582,2109.80656
450,line_43_c23,200,1485,3570,264.843367,2118.74694
450,line_43_c23,201,1486,3572,266.099783,2128.79826
450,line_43_c23,202,1487,3574,267.128866,2137.03093
450,line_43_c23,203,1488,3576,268.321444,2146.57156
450,line_43_c23,204,1489,3578,269.500426,2156.0034
450,line_43_c23,205,1490,3580,270.786859,2166.29487
450,line_43_c23,206,1491,3582,271.899101,2175.19281
450,line_43_c23,207,1492,3584,273.1324,2185.0592
450,line_43_c23,208,1493,3586,274.274203,2194.19362
450,line_43_c23,209,1494,3588,275.63892,2205.11136
450,line_43_c23,210,1495,3590,276.833714,2214.66971
450,line_43_c23,211,1496,3592,278.062394,2224.49915
450,line_43_c23,212,1497,3594,279.237367,2233.89894
450,line_43_c23,213,1498,3596,280.51334,2244.10672
450,line_43_c23,214,1499,3598,281.747189,2253.97751
450,line_43_c23,215,1500,3600,283.04063,2264.32504
450,line_43_c23,216,1501,3602,284.302222,2274.41777
450,line_43_c23,217,1502,3604,285.618772,2284.95018
450,line_43_c23,218,1503,3606,286.861086,2294.88869
450,line_43_c23,219,1504,3608,288.244918,2305.95935
450,line_43_c23,220,1505,3610,289.445178,2315.56143
450,line_43_c23,221,1506,3612,290.748345,2325.98676
450,line_43_c23,222,1507,3614,292.0494,2336.3952
450,line_43_c23,223,1508,3616,293.427048,2347.41639
450,line_43_c23,224,1509,3618,294.796905,2358.37524
450,line_43_c23,225,1510,3620,296.081933,2368.65547
450,line_43_c23,226,1511,3622,297.403063,2379.2245
450,line_43_c23,227,1512,3624,298.814016,2390.51212
450,line_43_c23,228,1513,3626,300.107499,2400.85999
450,line_43_c23,229,1514,3628,301.412932,2411.30345
450,line_43_c23,230,1515,3630,302.868833,2422.95066
450,line_43_c23,231,1516,3632,304.233926,2433.87141
450,line_43_c23,232,1517,3634,305.464256,2443.71405
450,line_43_c23,233,1518,3636,306.919881,2455.35905
450,line_43_c23,234,1519,3638,308.263965,2466.11172
450,line_43_c23,235,1520,3640,309.648685,2477.18948
450,line_43_c23,236,1521,3642,311.046456,2488.37165
450,line_43_c23,237,1522,3644,312.293577,2498.34862
450,line_43_c23,238,1523,3646,313.662044,2509.29636
450,line_43_c23,239,1524,3648,315.039263,2520.3141
450,line_43_c23,240,1525,3650,316.436762,2531.49409
450,line_43_c23,241,1526,3652,317.775795,2542.20636
450,line_43_c23,242,1527,3654,319.064302,2552.51441
450,line_43_c23,243,1528,3656,320.327698,2562.62159
450,line_43_c23,244,1529,3658,321.677303,2573.41842
450,line_43_c23,245,1530,3660,323.277144,2586.21715
450,line_43_c23,246,1531,3662,324.494174,2595.95339
450,line_43_c23,247,1532,3664,325.824706,2606.59765
450,line_43_c23,248,1533,3666,327.09327,2616.74616
450,line_43_c23,249,1534,3668,328.376982,2627.01586
450,line_43_c23,250,1535,3670,329.705171,2637.64137
450,line_43_c23,251,1536,3672,331.162138,2649.29711
450,line_43_c23,252,1537,3674,332.479114,2659.83291
450,line_43_c23,253,1538,3676,333.913852,2671.31081
450,line_43_c23,254,1539,3678,335.128983,2681.03186
450,line_43_c23,255,1540,3680,336.435863,2691.48691
450,line_43_c23,256,1541,3682,337.787896,2702.30317
450,line_43_c23,257,1542,3684,338.987843,2711.90275
450,line_43_c23,258,1543,3686,340.244918,2721.95935
450,line_43_c23,259,1544,3688,341.626409,2733.01127
450,line_43_c23,260,1545,3690,342.834718,2742.67775
450,line_43_c23,261,1546,3692,344.092292,2752.73834
450,line_43_c23,262,1547,3694,345.45159,2763.61272
450,line_43_c23,263,1548,3696,346.688837,2773.51069
450,line_43_c23,264,1549,3698,347.87817,2783.02536
450,line_43_c23,265,1550,3700,349.179172,2793.43337
450,line_43_c23,266,1551,3702,350.360003,2802.88002
450,line_43_c23,267,1552,3704,351.562711,2812.50168
450,line_43_c23,268,1553,3706,352.758017,2822.06414
450,line_43_c23,269,1554,3708,354.012718,2832.10174
450,line_43_c23,270,1555,3710,355.244211,2841.95369
450,line_43_c23,271,1556,3712,356.498817,2851.99054
450,line_43_c23,272,1557,3714,357.611188,2860.8895
450,line_43_c23,273,1558,3716,358.759702,2870.07762
450,line_43_c23,274,1559,3718,359.989861,2879.91889
450,line_43_c23,275,1560,3720,361.300823,2890.40659
450,line_43_c23,276,1561,3722,362.501639,2900.01311
450,line_43_c23,277,1562,3724,363.699939,2909.59951
450,line_43_c23,278,1563,3726,364.74163,2917.93304
450,line_43_c23,279,1564,3728,365.723509,2925.78808
450,line_43_c23,280,1565,3730,367.01874,2936.14992
450,line_43_c23,281,1566,3732,368.107764,2944.86211
450,line_43_c23,282,1567,3734,369.294566,2954.35652
450,line_43_c23,283,1568,3736,370.088879,2960.71103
450,line_43_c23,284,1569,3738,371.378635,2971.02908
450,line_43_c23,285,1570,3740,372.612937,2980.90349
450,line_43_c23,286,1571,3742,373.700324,2989.60259
450,line_43_c23,287,1572,3744,374.684433,2997.47547
450,line_43_c23,288,1573,3746,375.71572,3005.72576
450,line_43_c23,289,1574,3748,376.715986,3013.72788
450,line_43_c23,290,1575,3750,377.875381,3023.00305
450,line_43_c23,291,1576,3752,379.079856,3032.63885
450,line_43_c23,292,1577,3754,379.768244,3038.14595
450,line_43_c23,293,1578,3756,380.934981,3047.47984
450,line_43_c23,294,1579,3758,381.705147,3053.64118
450,line_43_c23,295,1580,3760,382.823197,3062.58557
450,line_43_c23,296,1581,3762,384.004641,3072.03713
450,line_43_c23,297,1582,3764,385.076796,3080.61437
450,line_43_c23,298,1583,3766,386.064764,3088.51811
450,line_43_c23,299,1584,3768,386.937161,3095.49729
450,line_43_c23,300,1585,3770,387.978102,3103.82482
450,line_43_c23,301,1586,3772,388.966922,3111.73537
450,line_43_c23,302,1587,3774,389.74005,3117.9204
450,line_43_c23,303,1588,3776,390.846028,3126.76823
450,line_43_c23,304,1589,3778,391.654613,3133.23691
450,line_43_c23,305,1590,3780,392.636663,3141.09331
450,line_43_c23,306,1591,3782,393.496212,3147.96969
450,line_43_c23,307,1592,3784,394.366533,3154.93226
450,line_43_c23,308,1593,3786,395.452592,3163.62074
450,line_43_c23,309,1594,3788,396.375344,3171.00276
450,line_43_c23,310,1595,3790,397.106137,3176.8491
450,line_43_c23,311,1596,3792,397.754163,3182.0333
450,line_43_c23,312,1597,3794,398.699285,3189.59428
450,line_43_c23,313,1598,3796,399.527905,3196.22324
450,line_43_c23,314,1599,3798,400.734426,3205.87541
450,line_43_c23,315,1600,3800,401.457627,3211.66102
450,line_43_c23,316,1601,3802,401.943699,3215.54959
450,line_43_c23,317,1602,3804,402.616195,3220.92956
450,line_43_c23,318,1603,3806,403.709232,3229.67386
450,line_43_c23,319,1604,3808,404.720413,3237.76331
450,line_43_c23,320,1605,3810,405.385595,3243.08476
450,line_43_c23,321,1606,3812,405.962832,3247.70266
450,line_43_c23,322,1607,3814,406.982532,3255.86025
450,line_43_c23,323,1608,3816,407.807213,3262.45771
450,line_43_c23,324,1609,3818,408.390939,3267.12751
450,line_43_c23,325,1610,3820,408.932275,3271.4582
450,line_43_c23,326,1611,3822,409.689422,3277.51537
450,line_43_c23,327,1612,3824,410.200193,3281.60154
450,line_43_c23,328,1613,3826,410.979333,3287.83466
450,line_43_c23,329,1614,3828,411.700414,3293.60331
450,line_43_c23,330,1615,3830,412.344252,3298.75402
450,line_43_c23,331,1616,3832,412.986256,3303.89005
450,line_43_c23,332,1617,3834,413.598986,3308.79188
450,line_43_c23,333,1618,3836,413.906635,3311.25308
450,line_43_c23,334,1619,3838,414.44932,3315.59456
450,line_43_c23,335,1620,3840,415.146068,3321.16855
450,line_43_c23,336,1621,3842,415.513275,3324.1062
450,line_43_c23,337,1622,3844,415.979641,3327.83713
450,line_43_c23,338,1623,3846,416.267442,3330.13954
450,line_43_c23,339,1624,3848,417.597839,3340.78271
450,line_43_c23,340,1625,3850,418.109024,3344.87219
450,line_43_c23,341,1626,3852,418.112613,3344.9009
450,line_43_c23,342,1627,3854,418.773967,3350.19174
450,line_43_c23,343,1628,3856,419.221476,3353.77181
450,line_43_c23,344,1629,3858,419.866967,3358.93573
450,line_43_c23,345,1630,3860,420.044331,3360.35465
450,line_43_c23,346,1631,3862,420.444822,3363.55858
450,line_43_c23,347,1632,3864,420.827257,3366.61805
450,line_43_c23,348,1633,3866,421.157056,3369.25645
450,line_43_c23,349,1634,3868,421.535309,3372.28247
450,line_43_c23,350,1635,3870,422.130898,3377.04719
450,line_43_c23,351,1636,3872,422.825578,3382.60462
450,line_43_c23,352,1637,3874,423.653736,3389.22989
450,line_43_c23,353,1638,3876,424.928888,3399.4311
450,line_43_c23,354,1639,3878,425.592474,3404.73979
450,line_43_c23,355,1640,3880,427.269902,3418.15922
450,line_43_c23,356,1641,3882,428.808399,3430.46719
450,line_43_c23,357,1642,3884,430.268187,3442.1455
450,line_43_c23,358,1643,3886,431.711763,3453.6941
450,line_43_c23,359,1644,3888,433.436994,3467.49595
450,line_43_c23,360,1645,3890,435.712625,3485.701
450,line_43_c23,361,1646,3892,436.139383,3489.11506
450,line_43_c23,362,1647,3894,436.930565,3495.44452
450,line_43_c23,363,1648,3896,436.887108,3495.09686
450,line_43_c23,364,1649,3898,437.137278,3497.09823
450,line_43_c23,365,1650,3900,437.100481,3496.80385
450,line_43_c23,366,1651,3902,437.468584,3499.74867
450,line_43_c23,367,1652,3904,437.021723,3496.17378
450,line_43_c23,368,1653,3906,436.80996,3494.47968
450,line_43_c23,369,1654,3908,436.599507,3492.79606
450,line_43_c23,370,1655,3910,436.261271,3490.09017
450,line_43_c23,371,1656,3912,435.738567,3485.90854
450,line_49_c35,18,1840,4280,343.570173,2748.56138
450,line_49_c35,19,1841,4282,344.753367,2758.02693
450,line_49_c35,20,1842,4284,345.891706,2767.13365
450,line_49_c35,21,1843,4286,347.025878,2776.20702
450,line_49_c35,22,1844,4288,348.201702,2785.61362
450,line_49_c35,23,1845,4290,349.204839,2793.63871
450,line_49_c35,24,1846,4292,350.37742,2803.01936
450,line_49_c35,25,1847,4294,351.329472,2810.63577
450,line_49_c35,26,1848,4296,352.28449,2818.27592
450,line_49_c35,27,1849,4298,353.322124,2826.57699
450,line_49_c35,28,1850,4300,354.206236,2833.64989
450,line_49_c35,29,1851,4302,355.148221,2841.18577
450,line_49_c35,30,1852,4304,355.844125,2846.753
450,line_49_c35,31,1853,4306,356.561388,2852.49111
450,line_49_c35,32,1854,4308,357.128979,2857.03183
450,line_49_c35,33,1855,4310,357.65789,2861.26312
450,line_49_c35,34,1856,4312,358.254234,2866.03387
450,line_49_c35,35,1857,4314,359.006437,2872.0515
450,line_49_c35,36,1858,4316,359.559845,2876.47876
450,line_49_c35,37,1859,4318,360.322295,2882.57836
450,line_49_c35,38,1860,4320,361.072521,2888.58017
450,line_49_c35,39,1861,4322,361.840034,2894.72027
450,line_49_c35,40,1862,4324,362.708861,2901.67089
450,line_49_c35,41,1863,4326,363.547719,2908.38175
450,line_49_c35,42,1864,4328,364.398151,2915.18521
450,line_49_c35,43,1865,4330,365.233436,2921.86749
450,line_49_c35,44,1866,4332,366.122228,2928.97783
450,line_49_c35,45,1867,4334,366.900084,2935.20068
450,line_49_c35,46,1868,4336,367.922544,2943.38036
450,line_49_c35,47,1869,4338,368.811928,2950.49542
450,line_49_c35,48,1870,4340,369.974977,2959.79982
450,line_49_c35,49,1871,4342,371.018314,2968.14652
450,line_49_c35,50,1872,4344,372.032085,2976.25668
450,line_49_c35,51,1873,4346,373.057113,2984.4569
450,line_49_c35,52,1874,4348,374.355258,2994.84207
450,line_49_c35,53,1875,4350,375.42138,3003.37104
450,line_49_c35,54,1876,4352,376.552702,3012.42162
450,line_49_c35,55,1877,4354,377.734685,3021.87748
450,line_49_c35,56,1878,4356,378.837856,3030.70285
450,line_49_c35,57,1879,4358,380.019521,3040.15617
450,line_49_c35,58,1880,4360,381.339125,3050.713
450,line_49_c35,59,1881,4362,382.510386,3060.08309
450,line_49_c35,60,1882,4364,383.741495,3069.93196
450,line_49_c35,61,1883,4366,385.063563,3080.50851
450,line_49_c35,62,1884,4368,386.305571,3090.44457
450,line_49_c35,63,1885,4370,387.646621,3101.17296
450,line_49_c35,64,1886,4372,388.972703,3111.78162
450,line_49_c35,65,1887,4374,390.30711,3122.45688
450,line_49_c35,66,1888,4376,391.607243,3132.85795
450,line_49_c35,67,1889,4378,392.89759,3143.18072
450,line_49_c35,68,1890,4380,394.239667,3153.91734
450,line_49_c35,69,1891,4382,395.603966,3164.83173
450,line_49_c35,70,1892,4384,396.984814,3175.87851
450,line_49_c35,71,1893,4386,398.289,3186.312
450,line_49_c35,72,1894,4388,399.607174,3196.8574
450,line_49_c35,73,1895,4390,400.955266,3207.64213
450,line_49_c35,74,1896,4392,402.347317,3218.77854
450,line_49_c35,75,1897,4394,403.717602,3229.74082
450,line_49_c35,76,1898,4396,405.14665,3241.1732
450,line_49_c35,77,1899,4398,406.492462,3251.93969
450,line_49_c35,78,1900,4400,407.840076,3262.72061
450,line_49_c35,79,1901,4402,409.278933,3274.23146
450,line_49_c35,80,1902,4404,410.575241,3284.60193
450,line_49_c35,81,1903,4406,411.952778,3295.62223
450,line_49_c35,82,1904,4408,413.366578,3306.93262
450,line_49_c35,83,1905,4410,414.666488,3317.3319
450,line_49_c35,84,1906,4412,416.009352,3328.07481
450,line_49_c35,85,1907,4414,417.366813,3338.9345
450,line_49_c35,86,1908,4416,418.774967,3350.19973
450,line_49_c35,87,1909,4418,420.04156,3360.33248
450,line_49_c35,88,1910,4420,421.374184,3370.99348
450,line_49_c35,89,1911,4422,422.705248,3381.64199
450,line_49_c35,90,1912,4424,424.047871,3392.38296
450,line_49_c35,91,1913,4426,425.211694,3401.69355
450,line_49_c35,92,1914,4428,426.543811,3412.35049
450,line_49_c35,93,1915,4430,427.790251,3422.32201
450,line_49_c35,94,1916,4432,429.051542,3432.41234
450,line_49_c35,95,1917,4434,430.199042,3441.59234
450,line_49_c35,96,1918,4436,431.432555,3451.46044
450,line_49_c35,97,1919,4438,432.550064,3460.40051
450,line_49_c35,98,1920,4440,433.711939,3469.69551
450,line_49_c35,99,1921,4442,434.902302,3479.21842
450,line_49_c35,100,1922,4444,436.084017,3488.67214
450,line_49_c35,101,1923,4446,437.161598,3497.29278
450,line_49_c35,102,1924,4448,438.228248,3505.82599
450,line_49_c35,103,1925,4450,439.320542,3514.56434
450,line_49_c35,104,1926,4452,440.345047,3522.76038
450,line_49_c35,105,1927,4454,441.38397,3531.07176
450,line_49_c35,106,1928,4456,442.42937,3539.43496
450,line_49_c35,107,1929,4458,443.473942,3547.79154
450,line_49_c35,108,1930,4460,444.435558,3555.48446
450,line_49_c35,109,1931,4462,445.287433,3562.29946
450,line_49_c35,110,1932,4464,446.175176,3569.40141
450,line_49_c35,111,1933,4466,447.078977,3576.63182
450,line_49_c35,112,1934,4468,447.925599,3583.40479
450,line_49_c35,113,1935,4470,448.80121,3590.40968
450,line_49_c35,114,1936,4472,449.577386,3596.61909
450,line_49_c35,115,1937,4474,450.353318,3602.82655
450,line_49_c35,116,1938,4476,451.127599,3609.02079
450,line_49_c35,117,1939,4478,451.887268,3615.09814
450,line_49_c35,118,1940,4480,452.557337,3620.45869
450,line_49_c35,119,1941,4482,453.210713,3625.6857
450,line_49_c35,120,1942,4484,453.841058,3630.72846
450,line_49_c35,121,1943,4486,454.452648,3635.62118
450,line_49_c35,122,1944,4488,454.957659,3639.66127
450,line_49_c35,123,1945,4490,455.521724,3644.17379
450,line_49_c35,124,1946,4492,456.068172,3648.54537
450,line_49_c35,125,1947,4494,456.522547,3652.18038
450,line_49_c35,126,1948,4496,456.900798,3655.20638
450,line_49_c35,127,1949,4498,457.310583,3658.48466
450,line_49_c35,128,1950,4500,457.698124,3661.58499
450,line_49_c35,129,1951,4502,458.084859,3664.67887
450,line_49_c35,130,1952,4504,458.353443,3666.82754
450,line_49_c35,131,1953,4506,458.628863,3669.0309
450,line_49_c35,132,1954,4508,458.790779,3670.32623
450,line_49_c35,133,1955,4510,458.939234,3671.51387
450,line_49_c35,134,1956,4512,459.052221,3672.41777
450,line_49_c35,135,1957,4514,459.157068,3673.25654
450,line_49_c35,136,1958,4516,459.31733,3674.53864
450,line_49_c35,137,1959,4518,459.559264,3676.47411
450,line_49_c35,138,1960,4520,459.728462,3677.8277
450,line_49_c35,139,1961,4522,460.018148,3680.14519
450,line_57_c25,67,1643,3886,502.623826,4020.99061
450,line_57_c25,68,1644,3888,504.189476,4033.51581
450,line_57_c25,69,1645,3890,505.673494,4045.38795
450,line_57_c25,70,1646,3892,507.038198,4056.30558
450,line_57_c25,71,1647,3894,508.236668,4065.89335
450,line_57_c25,72,1648,3896,509.646765,4077.17412
450,line_57_c25,73,1649,3898,511.233672,4089.86938
450,line_57_c25,74,1650,3900,512.506587,4100.0527
450,line_57_c25,75,1651,3902,513.957522,4111.66018
450,line_57_c25,76,1652,3904,515.180212,4121.4417
450,line_57_c25,77,1653,3906,516.45871,4131.66968
450,line_57_c25,78,1654,3908,517.513673,4140.10939
450,line_57_c25,79,1655,3910,518.887353,4151.09883
450,line_57_c25,80,1656,3912,520.296323,4162.37059
450,line_57_c25,81,1657,3914,521.588158,4172.70526
450,line_57_c25,82,1658,3916,522.86604,4182.92832
450,line_57_c25,83,1659,3918,523.980015,4191.84012
450,line_57_c25,84,1660,3920,525.338724,4202.70979
450,line_57_c25,85,1661,3922,526.491928,4211.93542
450,line_57_c25,86,1662,3924,527.650135,4221.20108
450,line_57_c25,87,1663,3926,528.678466,4229.42773
450,line_57_c25,88,1664,3928,530.028435,4240.22748
450,line_57_c25,89,1665,3930,531.013961,4248.11169
450,line_57_c25,90,1666,3932,532.224622,4257.79698
450,line_57_c25,91,1667,3934,533.307775,4266.4622
450,line_57_c25,92,1668,3936,534.262176,4274.09741
450,line_57_c25,93,1669,3938,535.521059,4284.16847
450,line_57_c25,94,1670,3940,536.406964,4291.25571
450,line_57_c25,95,1671,3942,537.498579,4299.98863
450,line_57_c25,96,1672,3944,538.444067,4307.55253
450,line_57_c25,97,1673,3946,539.445576,4315.56461
450,line_57_c25,98,1674,3948,540.546988,4324.3759
450,line_57_c25,99,1675,3950,541.382641,4331.06113
450,line_57_c25,100,1676,3952,542.506904,4340.05524
450,line_57_c25,101,1677,3954,543.49034,4347.92272
450,line_57_c25,102,1678,3956,544.403724,4355.2298
450,line_57_c25,103,1679,3958,545.473124,4363.78499
450,line_57_c25,104,1680,3960,546.767316,4374.13852
450,line_57_c25,105,1681,3962,548.03921,4384.31368
450,line_57_c25,106,1682,3964,549.241105,4393.92884
450,line_57_c25,107,1683,3966,550.917365,4407.33892
450,line_57_c25,108,1684,3968,552.531806,4420.25445
450,line_57_c25,109,1685,3970,553.871305,4430.97044
450,line_57_c25,110,1686,3972,554.857781,4438.86224
450,line_57_c25,111,1687,3974,555.705969,4445.64775
450,line_57_c25,112,1688,3976,556.499496,4451.99597
450,line_57_c25,113,1689,3978,557.089343,4456.71475
450,line_57_c25,114,1690,3980,558.287348,4466.29878
450,line_57_c25,115,1691,3982,559.207488,4473.6599
450,line_57_c25,116,1692,3984,559.854581,4478.83665
450,line_57_c25,117,1693,3986,560.843031,4486.74425
450,line_57_c25,118,1694,3988,562.265832,4498.12665
450,line_57_c25,119,1695,3990,562.77074,4502.16592
450,line_57_c25,120,1696,3992,563.997411,4511.97929
450,line_57_c25,121,1697,3994,564.731442,4517.85153
450,line_57_c25,122,1698,3996,565.691997,4525.53597
450,line_57_c25,123,1699,3998,566.823564,4534.58851
450,line_57_c25,124,1700,4000,568.050797,4544.40638
450,line_57_c25,125,1701,4002,569.025221,4552.20176
450,line_57_c25,126,1702,4004,570.087595,4560.70076
450,line_57_c25,127,1703,4006,571.189537,4569.51629
450,line_57_c25,128,1704,4008,572.236896,4577.89517
450,line_57_c25,129,1705,4010,573.250211,4586.00169
450,line_57_c25,130,1706,4012,574.126227,4593.00982
450,line_57_c25,131,1707,4014,575.179221,4601.43377
450,line_57_c25,132,1708,4016,576.326458,4610.61167
450,line_57_c25,133,1709,4018,577.262664,4618.10131
450,line_57_c25,134,1710,4020,578.50969,4628.07752
450,line_57_c25,135,1711,4022,579.500166,4636.00132
450,line_57_c25,136,1712,4024,580.574591,4644.59673
450,line_57_c25,137,1713,4026,581.666763,4653.3341
450,line_57_c25,138,1714,4028,582.877787,4663.0223
450,line_57_c25,139,1715,4030,583.920758,4671.36606
450,line_57_c25,140,1716,4032,585.333697,4682.66957
450,line_57_c25,141,1717,4034,586.233866,4689.87093
450,line_57_c25,142,1718,4036,587.474733,4699.79786
450,line_57_c25,143,1719,4038,588.594105,4708.75284
450,line_57_c25,144,1720,4040,589.546174,4716.36939
450,line_57_c25,145,1721,4042,590.85653,4726.85224
450,line_57_c25,146,1722,4044,591.937744,4735.50195
450,line_57_c25,147,1723,4046,592.991699,4743.9336
450,line_57_c25,148,1724,4048,594.103743,4752.82994
450,line_57_c25,149,1725,4050,595.154413,4761.2353
450,line_57_c25,150,1726,4052,596.300841,4770.40673
450,line_57_c25,151,1727,4054,597.428722,4779.42978
450,line_57_c25,152,1728,4056,598.680346,4789.44277
450,line_57_c25,153,1729,4058,599.791353,4798.33082
450,line_57_c25,154,1730,4060,600.938792,4807.51034
450,line_57_c25,155,1731,4062,601.820711,4814.56569
450,line_57_c25,156,1732,4064,603.070837,4824.5667
450,line_57_c25,157,1733,4066,604.142001,4833.13601
450,line_57_c25,158,1734,4068,605.38085,4843.0468
450,line_57_c25,159,1735,4070,606.515303,4852.12242
450,line_57_c25,160,1736,4072,607.635108,4861.08086
450,line_57_c25,161,1737,4074,608.787079,4870.29663
450,line_57_c25,162,1738,4076,609.856107,4878.84886
450,line_57_c25,163,1739,4078,611.117728,4888.94182
450,line_57_c25,164,1740,4080,612.280027,4898.24022
450,line_57_c25,165,1741,4082,613.269843,4906.15875
450,line_57_c25,166,1742,4084,614.505148,4916.04119
450,line_57_c25,167,1743,4086,615.464802,4923.71842
450,line_57_c25,168,1744,4088,616.536346,4932.29077
450,line_57_c25,169,1745,4090,617.663259,4941.30608
450,line_57_c25,170,1746,4092,618.839595,4950.71676
450,line_57_c25,171,1747,4094,619.940069,4959.52055
450,line_57_c25,172,1748,4096,621.069017,4968.55214
450,line_57_c25,173,1749,4098,622.171197,4977.36958
450,line_57_c25,174,1750,4100,623.257015,4986.05612
450,line_57_c25,175,1751,4102,624.258836,4994.07069
450,line_57_c25,176,1752,4104,625.402839,5003.22271
450,line_57_c25,177,1753,4106,626.403783,5011.23026
450,line_57_c25,178,1754,4108,627.550791,5020.40632
450,line_57_c25,179,1755,4110,628.572569,5028.58055
450,line_57_c25,180,1756,4112,629.657412,5037.2593
450,line_57_c25,181,1757,4114,630.726511,5045.81209
450,line_57_c25,182,1758,4116,631.903384,5055.22707
450,line_57_c25,183,1759,4118,632.770296,5062.16237
450,line_57_c25,184,1760,4120,633.740553,5069.92442
450,line_57_c25,185,1761,4122,634.934636,5079.47709
450,line_57_c25,186,1762,4124,635.972966,5087.78372
450,line_57_c25,187,1763,4126,636.99657,5095.97256
450,line_57_c25,188,1764,4128,638.047401,5104.37921
450,line_57_c25,189,1765,4130,639.03645,5112.2916
450,line_57_c25,190,1766,4132,640.098158,5120.78526
450,line_57_c25,191,1767,4134,641.03995,5128.3196
450,line_57_c25,192,1768,4136,642.134084,5137.07267
450,line_57_c25,193,1769,4138,643.097373,5144.77898
450,line_57_c25,194,1770,4140,644.206469,5153.65175
450,line_57_c25,195,1771,4142,645.119192,5160.95354
450,line_57_c25,196,1772,4144,645.799493,5166.39595
450,line_57_c25,197,1773,4146,647.053295,5176.42636
450,line_57_c25,198,1774,4148,648.168793,5185.35034
450,line_57_c25,199,1775,4150,649.015661,5192.12529
450,line_57_c25,200,1776,4152,650.001013,5200.00811
450,line_57_c25,201,1777,4154,650.942421,5207.53937
450,line_57_c25,202,1778,4156,651.94413,5215.55304
450,line_57_c25,203,1779,4158,652.995965,5223.96772
450,line_57_c25,204,1780,4160,653.821845,5230.57476
450,line_57_c25,205,1781,4162,654.736118,5237.88894
450,line_57_c25,206,1782,4164,655.835418,5246.68334
450,line_57_c25,207,1783,4166,656.679604,5253.43683
450,line_57_c25,208,1784,4168,657.638771,5261.11016
450,line_57_c25,209,1785,4170,658.60371,5268.82968
450,line_57_c25,210,1786,4172,659.434166,5275.47333
450,line_57_c25,211,1787,4174,660.330088,5282.64071
450,line_57_c25,212,1788,4176,661.183119,5289.46496
450,line_57_c25,213,1789,4178,662.012377,5296.09902
450,line_57_c25,214,1790,4180,662.953145,5303.62516
450,line_57_c25,215,1791,4182,663.986777,5311.89422
450,line_57_c25,216,1792,4184,664.865898,5318.92718
450,line_57_c25,217,1793,4186,665.792905,5326.34324
450,line_57_c25,218,1794,4188,666.713247,5333.70598
450,line_57_c25,219,1795,4190,667.517446,5340.13957
450,line_57_c25,220,1796,4192,668.456434,5347.65147
450,line_57_c25,221,1797,4194,669.172614,5353.38091
450,line_57_c25,222,1798,4196,670.125883,5361.00707
450,line_57_c25,223,1799,4198,670.971965,5367.77572
450,line_57_c25,224,1800,4200,671.910559,5375.28447
450,line_57_c25,225,1801,4202,672.752393,5382.01914
450,line_57_c25,226,1802,4204,673.712445,5389.69956
450,line_57_c25,227,1803,4206,674.491533,5395.93227
450,line_57_c25,228,1804,4208,675.321416,5402.57133
450,line_57_c25,229,1805,4210,676.149978,5409.19982
450,line_57_c25,230,1806,4212,677.100685,5416.80548
450,line_57_c25,231,1807,4214,677.915226,5423.32181
450,line_57_c25,232,1808,4216,678.898019,5431.18415
450,line_57_c25,233,1809,4218,679.62043,5436.96344
450,line_57_c25,234,1810,4220,680.454019,5443.63215
450,line_57_c25,235,1811,4222,681.400505,5451.20404
450,line_57_c25,236,1812,4224,682.065716,5456.52573
450,line_57_c25,237,1813,4226,682.976543,5463.81235
450,line_57_c25,238,1814,4228,683.728835,5469.83068
450,line_57_c25,239,1815,4230,684.413404,5475.30723
450,line_57_c25,240,1816,4232,685.208833,5481.67066
450,line_57_c25,241,1817,4234,686.014624,5488.11699
450,line_57_c25,242,1818,4236,686.852934,5494.82347
450,line_57_c25,243,1819,4238,687.736969,5501.89575
450,line_57_c25,244,1820,4240,688.505286,5508.04229
450,line_57_c25,245,1821,4242,689.193844,5513.55075
450,line_57_c25,246,1822,4244,690.045403,5520.36322
450,line_57_c25,247,1823,4246,690.916114,5527.32892
450,line_57_c25,248,1824,4248,691.660636,5533.28509
450,line_57_c25,249,1825,4250,692.544239,5540.35391
450,line_57_c25,250,1826,4252,693.233077,5545.86461
450,line_57_c25,251,1827,4254,693.95993,5551.67944
450,line_57_c25,252,1828,4256,694.681802,5557.45442
450,line_57_c25,253,1829,4258,695.412777,5563.30221
450,line_57_c25,254,1830,4260,696.118793,5568.95034
450,line_57_c25,255,1831,4262,696.841815,5574.73452
450,line_57_c25,256,1832,4264,697.545786,5580.36629
450,line_57_c25,257,1833,4266,698.291304,5586.33043
450,line_57_c25,258,1834,4268,698.824053,5590.59242
450,line_57_c25,259,1835,4270,699.583503,5596.66803
450,line_57_c25,260,1836,4272,700.270788,5602.1663
450,line_57_c25,261,1837,4274,701.077181,5608.61745
450,line_57_c25,262,1838,4276,701.746901,5613.97521
450,line_57_c25,263,1839,4278,702.436647,5619.49318
450,line_57_c25,264,1840,4280,703.048796,5624.39036
450,line_57_c25,265,1841,4282,703.757436,5630.05949
450,line_57_c25,266,1842,4284,704.321366,5634.57093
450,line_57_c25,267,1843,4286,704.975846,5639.80677
450,line_57_c25,268,1844,4288,705.609145,5644.87316
450,line_57_c25,269,1845,4290,706.253346,5650.02677
450,line_57_c25,270,1846,4292,706.766926,5654.13541
450,line_57_c25,271,1847,4294,707.413099,5659.30479
450,line_57_c25,272,1848,4296,707.98873,5663.90984
450,line_57_c25,273,1849,4298,708.70655,5669.6524
450,line_57_c25,274,1850,4300,709.214982,5673.71986
450,line_57_c25,275,1851,4302,709.799403,5678.39522
450,line_57_c25,276,1852,4304,710.407601,5683.26081
450,line_57_c25,277,1853,4306,710.950093,5687.60074
450,line_57_c25,278,1854,4308,711.522619,5692.18095
450,line_57_c25,279,1855,4310,712.077234,5696.61787
450,line_57_c25,280,1856,4312,712.621035,5700.96828
450,line_57_c25,281,1857,4314,713.076948,5704.61558
450,line_57_c25,282,1858,4316,713.59684,5708.77472
450,line_57_c25,283,1859,4318,714.037448,5712.29959
450,line_57_c25,284,1860,4320,714.58724,5716.69792
450,line_57_c25,285,1861,4322,715.030254,5720.24203
450,line_57_c25,286,1862,4324,715.590888,5724.7271
450,line_57_c25,287,1863,4326,715.986914,5727.89531
450,line_57_c25,288,1864,4328,716.597865,5732.78292
450,line_57_c25,289,1865,4330,717.065178,5736.52142
450,line_57_c25,290,1866,4332,717.531229,5740.24983
450,line_57_c25,291,1867,4334,717.944537,5743.5563
450,line_57_c25,292,1868,4336,718.369259,5746.95407
450,line_57_c25,293,1869,4338,718.631597,5749.05278
450,line_57_c25,294,1870,4340,719.125028,5753.00022
450,line_57_c25,295,1871,4342,719.514051,5756.11241
450,line_57_c25,296,1872,4344,719.915881,5759.32705
450,line_57_c25,297,1873,4346,720.337147,5762.69717
450,line_57_c25,298,1874,4348,720.758221,5766.06577
450,line_57_c25,299,1875,4350,721.062346,5768.49877
450,line_57_c25,300,1876,4352,721.386843,5771.09474
450,line_57_c25,301,1877,4354,721.790777,5774.32621
450,line_57_c25,302,1878,4356,722.098055,5776.78444
450,line_57_c25,303,1879,4358,722.478543,5779.82835
450,line_57_c25,304,1880,4360,722.703013,5781.62411
450,line_57_c25,305,1881,4362,723.067793,5784.54234
450,line_57_c25,306,1882,4364,723.282446,5786.25957
450,line_57_c25,307,1883,4366,723.57706,5788.61648
450,line_57_c25,308,1884,4368,723.874826,5790.99861
450,line_57_c25,309,1885,4370,724.184487,5793.47589
450,line_57_c25,310,1886,4372,724.410547,5795.28438
450,line_57_c25,311,1887,4374,724.707852,5797.66282
450,line_57_c25,312,1888,4376,724.903443,5799.22754
450,line_57_c25,313,1889,4378,725.133779,5801.07023
450,line_57_c25,314,1890,4380,725.422755,5803.38204
450,line_57_c25,315,1891,4382,725.645023,5805.16018
450,line_57_c25,316,1892,4384,725.913801,5807.31041
450,line_57_c25,317,1893,4386,726.008902,5808.07122
450,line_57_c25,318,1894,4388,726.263969,5810.11175
450,line_57_c25,319,1895,4390,726.417968,5811.34374
450,line_57_c25,320,1896,4392,726.688673,5813.50938
450,line_57_c25,321,1897,4394,726.777226,5814.21781
450,line_57_c25,322,1898,4396,726.929836,5815.43869
450,line_57_c25,323,1899,4398,727.160169,5817.28135
450,line_57_c25,324,1900,4400,727.26459,5818.11672
450,line_57_c25,325,1901,4402,727.403021,5819.22417
450,line_57_c25,326,1902,4404,727.576304,5820.61043
450,line_57_c25,327,1903,4406,727.6689,5821.3512
450,line_57_c25,328,1904,4408,727.820418,5822.56335
450,line_57_c25,329,1905,4410,727.91292,5823.30336
450,line_57_c25,330,1906,4412,727.973854,5823.79083
450,line_57_c25,331,1907,4414,728.057889,5824.46311
450,line_57_c25,332,1908,4416,728.12182,5824.97456
450,line_57_c25,333,1909,4418,728.121961,5824.97569
450,line_57_c25,334,1910,4420,728.119061,5824.95249
450,line_57_c25,335,1911,4422,728.063589,5824.50872
450,line_57_c25,336,1912,4424,728.000249,5824.00199
450,line_57_c25,337,1913,4426,727.905385,5823.24308
450,line_57_c25,338,1914,4428,727.787514,5822.30011
450,line_57_c25,339,1915,4430,727.672592,5821.38073
450,line_57_c25,340,1916,4432,727.553602,5820.42881
450,line_57_c25,341,1917,4434,727.383035,5819.06428
450,line_57_c25,342,1918,4436,727.257109,5818.05687
450,line_57_c25,343,1919,4438,727.090705,5816.72564
450,line_57_c25,344,1920,4440,726.927033,5815.41626
450,line_57_c25,345,1921,4442,726.768258,5814.14606
450,line_57_c25,346,1922,4444,726.608918,5812.87134
450,line_57_c25,347,1923,4446,726.444806,5811.55845
450,line_57_c25,348,1924,4448,726.237826,5809.90261
450,line_57_c25,349,1925,4450,726.059977,5808.47982
450,line_57_c25,350,1926,4452,725.892857,5807.14286
450,line_57_c25,351,1927,4454,725.715636,5805.72509
450,line_57_c25,352,1928,4456,725.578246,5804.62597
450,line_57_c25,353,1929,4458,725.436164,5803.48931
450,line_57_c25,354,1930,4460,725.256748,5802.05398
450,line_57_c25,355,1931,4462,725.11887,5800.95096
450,line_57_c25,356,1932,4464,725.005872,5800.04698
450,line_57_c25,357,1933,4466,724.850736,5798.80589
450,line_57_c25,358,1934,4468,724.747989,5797.98391
450,line_61_c20,4,1510,3620,220.831862,1766.6549
450,line_61_c20,5,1511,3622,221.134184,1769.07348
450,line_61_c20,6,1512,3624,221.669769,1773.35815
450,line_61_c20,7,1513,3626,222.264027,1778.11221
450,line_61_c20,8,1514,3628,223.155223,1785.24179
450,line_61_c20,9,1515,3630,223.688916,1789.51132
450,line_61_c20,10,1516,3632,224.310594,1794.48476
450,line_61_c20,11,1517,3634,224.852109,1798.81687
450,line_61_c20,12,1518,3636,225.206169,1801.64935
450,line_61_c20,13,1519,3638,225.323377,1802.58701
450,line_61_c20,14,1520,3640,225.45084,1803.60672
450,line_61_c20,15,1521,3642,225.742478,1805.93983
450,line_61_c20,16,1522,3644,225.678731,1805.42985
450,line_61_c20,17,1523,3646,225.962045,1807.69636
450,line_61_c20,18,1524,3648,226.188643,1809.50914
450,line_61_c20,19,1525,3650,226.358467,1810.86773
450,line_61_c20,20,1526,3652,226.170501,1809.36401
450,line_61_c20,21,1527,3654,226.617828,1812.94262
450,line_61_c20,22,1528,3656,226.717008,1813.73607
450,line_61_c20,23,1529,3658,226.954784,1815.63827
450,line_61_c20,24,1530,3660,227.333064,1818.66451
450,line_61_c20,25,1531,3662,227.454603,1819.63683
450,line_61_c20,26,1532,3664,227.664566,1821.31653
450,line_61_c20,27,1533,3666,228.007804,1824.06243
450,line_61_c20,28,1534,3668,228.263623,1826.10898
450,line_61_c20,29,1535,3670,228.545917,1828.36733
450,line_61_c20,30,1536,3672,228.554111,1828.43289
450,line_61_c20,31,1537,3674,229.028241,1832.22593
450,line_61_c20,32,1538,3676,229.139509,1833.11607
450,line_61_c20,33,1539,3678,229.444659,1835.55727
450,line_61_c20,34,1540,3680,229.75613,1838.04904
450,line_61_c20,35,1541,3682,230.100269,1840.80215
450,line_61_c20,36,1542,3684,230.424827,1843.39862
450,line_61_c20,37,1543,3686,230.710275,1845.6822
450,line_61_c20,38,1544,3688,231.45783,1851.66264
450,line_61_c20,39,1545,3690,231.712474,1853.69979
450,line_61_c20,40,1546,3692,232.027825,1856.2226
450,line_61_c20,41,1547,3694,232.270636,1858.16509
450,line_61_c20,42,1548,3696,232.631541,1861.05233
450,line_61_c20,43,1549,3698,232.82206,1862.57648
450,line_61_c20,44,1550,3700,233.239676,1865.91741
450,line_61_c20,45,1551,3702,233.602491,1868.81993
450,line_61_c20,46,1552,3704,234.071772,1872.57417
450,line_61_c20,47,1553,3706,234.574497,1876.59598
450,line_61_c20,48,1554,3708,234.866039,1878.92831
450,line_61_c20,49,1555,3710,235.382313,1883.05851
450,line_61_c20,50,1556,3712,235.820595,1886.56476
450,line_61_c20,51,1557,3714,236.343523,1890.74818
450,line_61_c20,52,1558,3716,236.520241,1892.16193
450,line_61_c20,53,1559,3718,237.120196,1896.96157
450,line_61_c20,54,1560,3720,237.464842,1899.71874
450,line_61_c20,55,1561,3722,237.733706,1901.86965
450,line_61_c20,56,1562,3724,238.177418,1905.41935
450,line_61_c20,57,1563,3726,238.873827,1910.99061
450,line_61_c20,58,1564,3728,239.303102,1914.42482
450,line_61_c20,59,1565,3730,239.611638,1916.89311
450,line_61_c20,60,1566,3732,240.308531,1922.46825
450,line_61_c20,61,1567,3734,240.664411,1925.31529
450,line_61_c20,62,1568,3736,241.026771,1928.21417
450,line_61_c20,63,1569,3738,241.516117,1932.12893
450,line_61_c20,64,1570,3740,242.021078,1936.16862
450,line_61_c20,65,1571,3742,242.424789,1939.39831
450,line_61_c20,66,1572,3744,243.063647,1944.50918
450,line_61_c20,67,1573,3746,243.424152,1947.39322
450,line_61_c20,68,1574,3748,243.922561,1951.38049
450,line_61_c20,69,1575,3750,244.525497,1956.20398
450,line_61_c20,70,1576,3752,245.184519,1961.47615
450,line_61_c20,71,1577,3754,245.602319,1964.81855
450,line_61_c20,72,1578,3756,246.223768,1969.79015
450,line_61_c20,73,1579,3758,246.561556,1972.49245
450,line_61_c20,74,1580,3760,247.233909,1977.87127
450,line_61_c20,75,1581,3762,247.631631,1981.05305
450,line_61_c20,76,1582,3764,248.435476,1987.48381
450,line_61_c20,77,1583,3766,248.952945,1991.62356
450,line_61_c20,78,1584,3768,249.5698,1996.5584
450,line_61_c20,79,1585,3770,250.252033,2002.01627
450,line_61_c20,80,1586,3772,250.802321,2006.41857
450,line_61_c20,81,1587,3774,251.255673,2010.04539
450,line_61_c20,82,1588,3776,251.610386,2012.88309
450,line_61_c20,83,1589,3778,252.338203,2018.70562
450,line_61_c20,84,1590,3780,253.03813,2024.30504
450,line_61_c20,85,1591,3782,253.652987,2029.2239
450,line_61_c20,86,1592,3784,254.384687,2035.0775
450,line_61_c20,87,1593,3786,254.782121,2038.25697
450,line_61_c20,88,1594,3788,255.673451,2045.38761
450,line_61_c20,89,1595,3790,255.960711,2047.68569
450,line_61_c20,90,1596,3792,256.795076,2054.36061
450,line_61_c20,91,1597,3794,257.43324,2059.46592
450,line_61_c20,92,1598,3796,257.911654,2063.29323
450,line_61_c20,93,1599,3798,258.649943,2069.19954
450,line_61_c20,94,1600,3800,259.274747,2074.19798
450,line_61_c20,95,1601,3802,260.273771,2082.19017
450,line_61_c20,96,1602,3804,261.150797,2089.20638
450,line_61_c20,97,1603,3806,261.608975,2092.8718
450,line_61_c20,98,1604,3808,262.109038,2096.87231
450,line_61_c20,99,1605,3810,262.989978,2103.91982
450,line_61_c20,100,1606,3812,263.750415,2110.00332
450,line_61_c20,101,1607,3814,264.601566,2116.81253
450,line_61_c20,102,1608,3816,265.314439,2122.51551
450,line_61_c20,103,1609,3818,265.920542,2127.36433
450,line_61_c20,104,1610,3820,266.647906,2133.18325
450,line_61_c20,105,1611,3822,267.471989,2139.77592
450,line_61_c20,106,1612,3824,268.483868,2147.87094
450,line_61_c20,107,1613,3826,269.293945,2154.35156
450,line_61_c20,108,1614,3828,270.212276,2161.69821
450,line_61_c20,109,1615,3830,270.735046,2165.88037
450,line_61_c20,110,1616,3832,271.90242,2175.21936
450,line_61_c20,111,1617,3834,272.709554,2181.67643
450,line_61_c20,112,1618,3836,273.33408,2186.67264
450,line_61_c20,113,1619,3838,274.354451,2194.83561
450,line_61_c20,114,1620,3840,275.254398,2202.03518
450,line_61_c20,115,1621,3842,275.988608,2207.90886
450,line_61_c20,116,1622,3844,276.899172,2215.19338
450,line_61_c20,117,1623,3846,277.991473,2223.93178
450,line_61_c20,118,1624,3848,278.70444,2229.63552
450,line_61_c20,119,1625,3850,279.70507,2237.64056
450,line_61_c20,120,1626,3852,280.689203,2245.51362
450,line_61_c20,121,1627,3854,281.612255,2252.89804
450,line_61_c20,122,1628,3856,282.642152,2261.13722
450,line_61_c20,123,1629,3858,283.588514,2268.70811
450,line_61_c20,124,1630,3860,284.548805,2276.39044
450,line_61_c20,125,1631,3862,285.687161,2285.49728
450,line_61_c20,126,1632,3864,286.560818,2292.48655
450,line_61_c20,127,1633,3866,287.583389,2300.66711
450,line_61_c20,128,1634,3868,288.701127,2309.60901
450,line_61_c20,129,1635,3870,289.72813,2317.82504
450,line_61_c20,130,1636,3872,290.773208,2326.18566
450,line_61_c20,131,1637,3874,291.903697,2335.22958
450,line_61_c20,132,1638,3876,292.986739,2343.89391
450,line_61_c20,133,1639,3878,294.115021,2352.92017
450,line_61_c20,134,1640,3880,295.121326,2360.97061
450,line_61_c20,135,1641,3882,296.273522,2370.18817
450,line_61_c20,136,1642,3884,297.399297,2379.19438
450,line_61_c20,137,1643,3886,298.561564,2388.49251
450,line_61_c20,138,1644,3888,299.664755,2397.31804
450,line_61_c20,139,1645,3890,300.817373,2406.53899
450,line_61_c20,140,1646,3892,301.935263,2415.4821
450,line_61_c20,141,1647,3894,303.10568,2424.84544
450,line_61_c20,142,1648,3896,304.409524,2435.27619
450,line_61_c20,143,1649,3898,305.69862,2445.58896
450,line_61_c20,144,1650,3900,306.713057,2453.70446
450,line_61_c20,145,1651,3902,307.9534,2463.6272
450,line_61_c20,146,1652,3904,309.11305,2472.9044
450,line_61_c20,147,1653,3906,310.319489,2482.55591
450,line_61_c20,148,1654,3908,311.558134,2492.46507
450,line_61_c20,149,1655,3910,312.814867,2502.51893
450,line_61_c20,150,1656,3912,314.02019,2512.16152
450,line_61_c20,151,1657,3914,315.316095,2522.52876
450,line_61_c20,152,1658,3916,316.563703,2532.50962
450,line_61_c20,153,1659,3918,317.782253,2542.25802
450,line_61_c20,154,1660,3920,319.109969,2552.87975
450,line_61_c20,155,1661,3922,320.34675,2562.774
450,line_61_c20,156,1662,3924,321.60215,2572.8172
450,line_61_c20,157,1663,3926,322.950091,2583.60073
450,line_61_c20,158,1664,3928,324.160529,2593.28423
450,line_61_c20,159,1665,3930,325.490872,2603.92698
450,line_61_c20,160,1666,3932,326.74775,2613.982
450,line_61_c20,161,1667,3934,328.046849,2624.37479
450,line_61_c20,162,1668,3936,329.367379,2634.93903
450,line_61_c20,163,1669,3938,330.738049,2645.90439
450,line_61_c20,164,1670,3940,332.010689,2656.08552
450,line_61_c20,165,1671,3942,333.42367,2667.38936
450,line_61_c20,166,1672,3944,334.634731,2677.07785
450,line_61_c20,167,1673,3946,336.023581,2688.18864
450,line_61_c20,168,1674,3948,337.288506,2698.30805
450,line_61_c20,169,1675,3950,338.511619,2708.09295
450,line_61_c20,170,1676,3952,340.015623,2720.12498
450,line_61_c20,171,1677,3954,341.171558,2729.37247
450,line_61_c20,172,1678,3956,342.636537,2741.0923
450,line_61_c20,173,1679,3958,343.86166,2750.89328
450,line_61_c20,174,1680,3960,345.133354,2761.06683
450,line_61_c20,175,1681,3962,346.510217,2772.08174
450,line_61_c20,176,1682,3964,347.769203,2782.15363
450,line_61_c20,177,1683,3966,349.005627,2792.04502
450,line_61_c20,178,1684,3968,350.371136,2802.96909
450,line_61_c20,179,1685,3970,351.778698,2814.22959
450,line_61_c20,180,1686,3972,353.067443,2824.53955
450,line_61_c20,181,1687,3974,354.428447,2835.42757
450,line_61_c20,182,1688,3976,355.753289,2846.02631
450,line_61_c20,183,1689,3978,357.20895,2857.6716
450,line_61_c20,184,1690,3980,358.306756,2866.45405
450,line_61_c20,185,1691,3982,359.584415,2876.67532
450,line_61_c20,186,1692,3984,360.802251,2886.41801
450,line_61_c20,187,1693,3986,362.30124,2898.40992
450,line_61_c20,188,1694,3988,363.376458,2907.01166
450,line_61_c20,189,1695,3990,364.631894,2917.05515
450,line_61_c20,190,1696,3992,365.868127,2926.94501
450,line_61_c20,191,1697,3994,367.219271,2937.75417
450,line_61_c20,192,1698,3996,368.464654,2947.71723
450,line_61_c20,193,1699,3998,369.603921,2956.83137
450,line_61_c20,194,1700,4000,370.91143,2967.29144
450,line_61_c20,195,1701,4002,372.156822,2977.25458
450,line_61_c20,196,1702,4004,373.416158,2987.32926
450,line_61_c20,197,1703,4006,374.611258,2996.89006
450,line_61_c20,198,1704,4008,375.8977,3007.1816
450,line_61_c20,199,1705,4010,376.931357,3015.45086
450,line_61_c20,200,1706,4012,377.979386,3023.83509
450,line_61_c20,201,1707,4014,379.095151,3032.76121
450,line_61_c20,202,1708,4016,380.346487,3042.7719
450,line_61_c20,203,1709,4018,381.4334,3051.4672
450,line_61_c20,204,1710,4020,382.452282,3059.61826
450,line_61_c20,205,1711,4022,383.512389,3068.09911
450,line_61_c20,206,1712,4024,384.786742,3078.29393
450,line_61_c20,207,1713,4026,385.766294,3086.13035
450,line_61_c20,208,1714,4028,386.690235,3093.52188
450,line_61_c20,209,1715,4030,387.788503,3102.30802
450,line_61_c20,210,1716,4032,388.662791,3109.30233
450,line_61_c20,211,1717,4034,389.74249,3117.93992
450,line_61_c20,212,1718,4036,390.93274,3127.46192
450,line_61_c20,213,1719,4038,391.853032,3134.82426
450,line_61_c20,214,1720,4040,392.61232,3140.89856
450,line_61_c20,215,1721,4042,393.411448,3147.29158
450,line_61_c20,216,1722,4044,394.253578,3154.02863
450,line_61_c20,217,1723,4046,395.491678,3163.93343
450,line_61_c20,218,1724,4048,396.143765,3169.15012
450,line_61_c20,219,1725,4050,396.795577,3174.36462
450,line_61_c20,220,1726,4052,397.612455,3180.89964
450,line_61_c20,221,1727,4054,398.294911,3186.35929
450,line_61_c20,222,1728,4056,399.05781,3192.46248
450,line_61_c20,223,1729,4058,399.816184,3198.52947
450,line_61_c20,224,1730,4060,400.548776,3204.39021
450,line_61_c20,225,1731,4062,401.334421,3210.67537
450,line_61_c20,226,1732,4064,401.931264,3215.45011
450,line_61_c20,227,1733,4066,402.335783,3218.68626
450,line_61_c20,228,1734,4068,403.083622,3224.66898
450,line_61_c20,229,1735,4070,403.581755,3228.65404
450,line_61_c20,230,1736,4072,404.368695,3234.94956
450,line_61_c20,231,1737,4074,405.055598,3240.44478
450,line_61_c20,232,1738,4076,406.161778,3249.29422
450,line_61_c20,233,1739,4078,407.201267,3257.61014
450,line_61_c20,234,1740,4080,408.43781,3267.50248
450,line_61_c20,235,1741,4082,409.893974,3279.15179
450,line_61_c20,236,1742,4084,411.567162,3292.53729
450,line_61_c20,237,1743,4086,413.064464,3304.51571
450,line_61_c20,238,1744,4088,414.763834,3318.11068
450,line_61_c20,239,1745,4090,416.39822,3331.18576
450,line_61_c20,240,1746,4092,417.83339,3342.66712
450,line_61_c20,241,1747,4094,419.702344,3357.61875
450,line_61_c20,242,1748,4096,421.278492,3370.22793
450,line_61_c20,243,1749,4098,422.97647,3383.81176
450,line_61_c20,244,1750,4100,424.533225,3396.2658
450,line_61_c20,245,1751,4102,426.233124,3409.86499
450,line_61_c20,246,1752,4104,427.97602,3423.80816
450,line_77_c14,47,858,2316,230.713278,1845.70623
450,line_77_c14,48,859,2318,230.632162,1845.0573
450,line_77_c14,49,860,2320,230.548079,1844.38463
450,line_77_c14,50,861,2322,230.485766,1843.88613
450,line_77_c14,51,862,2324,230.424441,1843.39553
450,line_77_c14,52,863,2326,230.366711,1842.93369
450,line_77_c14,53,864,2328,230.308623,1842.46899
450,line_77_c14,54,865,2330,230.220278,1841.76222
450,line_77_c14,55,866,2332,230.194702,1841.55762
450,line_77_c14,56,867,2334,230.164179,1841.31343
450,line_77_c14,57,868,2336,230.13927,1841.11416
450,line_77_c14,58,869,2338,230.182091,1841.45672
450,line_77_c14,59,870,2340,230.261845,1842.09476
450,line_77_c14,60,871,2342,230.352191,1842.81753
450,line_77_c14,61,872,2344,230.434419,1843.47535
450,line_77_c14,62,873,2346,230.56677,1844.53416
450,line_77_c14,63,874,2348,230.6587,1845.2696
450,line_77_c14,64,875,2350,230.719377,1845.75501
450,line_77_c14,65,876,2352,230.845236,1846.76189
450,line_77_c14,66,877,2354,230.97507,1847.80056
450,line_77_c14,67,878,2356,231.065508,1848.52406
450,line_77_c14,68,879,2358,231.195498,1849.56398
450,line_77_c14,69,880,2360,231.381947,1851.05558
450,line_77_c14,70,881,2362,231.507304,1852.05843
450,line_77_c14,71,882,2364,231.693627,1853.54901
450,line_77_c14,72,883,2366,231.831048,1854.64839
450,line_77_c14,73,884,2368,231.975472,1855.80377
450,line_77_c14,74,885,2370,232.113451,1856.90761
450,line_77_c14,75,886,2372,232.320392,1858.56314
450,line_77_c14,76,887,2374,232.438436,1859.50748
450,line_77_c14,77,888,2376,232.672379,1861.37904
450,line_77_c14,78,889,2378,232.856939,1862.85551
450,line_77_c14,79,890,2380,233.026336,1864.21069
450,line_77_c14,80,891,2382,233.286563,1866.29251
450,line_77_c14,81,892,2384,233.447377,1867.57902
450,line_77_c14,82,893,2386,233.683855,1869.47084
450,line_77_c14,83,894,2388,233.876624,1871.013
450,line_77_c14,84,895,2390,234.118313,1872.94651
450,line_77_c14,85,896,2392,234.34633,1874.77064
450,line_77_c14,86,897,2394,234.64148,1877.13184
450,line_77_c14,87,898,2396,234.940563,1879.52451
450,line_77_c14,88,899,2398,235.184342,1881.47474
450,line_77_c14,89,900,2400,235.456649,1883.65319
450,line_77_c14,90,901,2402,235.735564,1885.88451
450,line_77_c14,91,902,2404,236.021092,1888.16873
450,line_77_c14,92,903,2406,236.266471,1890.13177
450,line_77_c14,93,904,2408,236.62944,1893.03552
450,line_77_c14,94,905,2410,236.900114,1895.20091
450,line_77_c14,95,906,2412,237.160334,1897.28267
450,line_77_c14,96,907,2414,237.552635,1900.42108
450,line_77_c14,97,908,2416,237.930194,1903.44155
450,line_77_c14,98,909,2418,238.232623,1905.86098
450,line_77_c14,99,910,2420,238.553394,1908.42715
450,line_77_c14,100,911,2422,238.960991,1911.68793
450,line_77_c14,101,912,2424,239.366283,1914.93026
450,line_77_c14,102,913,2426,239.784205,1918.27364
450,line_77_c14,103,914,2428,240.123215,1920.98572
450,line_77_c14,104,915,2430,240.48582,1923.88656
450,line_77_c14,105,916,2432,240.895818,1927.16654
450,line_77_c14,106,917,2434,241.317288,1930.5383
450,line_77_c14,107,918,2436,241.754458,1934.03567
450,line_77_c14,108,919,2438,242.178899,1937.43119
450,line_77_c14,109,920,2440,242.677693,1941.42155
450,line_77_c14,110,921,2442,243.129293,1945.03434
450,line_77_c14,111,922,2444,243.623734,1948.98987
450,line_77_c14,112,923,2446,244.111607,1952.89286
450,line_77_c14,113,924,2448,244.590289,1956.72232
450,line_77_c14,114,925,2450,245.168524,1961.34819
450,line_77_c14,115,926,2452,245.648603,1965.18882
450,line_77_c14,116,927,2454,246.129779,1969.03823
450,line_77_c14,117,928,2456,246.682002,1973.45601
450,line_77_c14,118,929,2458,247.114978,1976.91983
450,line_77_c14,119,930,2460,247.704477,1981.63581
450,line_77_c14,120,931,2462,248.283057,1986.26445
450,line_77_c14,121,932,2464,248.837821,1990.70257
450,line_77_c14,122,933,2466,249.447875,1995.583
450,line_77_c14,123,934,2468,250.014912,2000.11929
450,line_77_c14,124,935,2470,250.619323,2004.95459
450,line_77_c14,125,936,2472,251.2234,2009.7872
450,line_77_c14,126,937,2474,251.934246,2015.47396
450,line_77_c14,127,938,2476,252.576622,2020.61298
450,line_77_c14,128,939,2478,253.257326,2026.05861
450,line_77_c14,129,940,2480,253.882737,2031.0619
450,line_77_c14,130,941,2482,254.625866,2037.00693
450,line_77_c14,131,942,2484,255.250319,2042.00255
450,line_77_c14,132,943,2486,256.095654,2048.76523
450,line_77_c14,133,944,2488,256.71983,2053.75864
450,line_77_c14,134,945,2490,257.440491,2059.52393
450,line_77_c14,135,946,2492,258.258808,2066.07046
450,line_77_c14,136,947,2494,258.864573,2070.91659
450,line_77_c14,137,948,2496,259.656026,2077.24821
450,line_77_c14,138,949,2498,260.366329,2082.93063
450,line_77_c14,139,950,2500,261.196145,2089.56916
450,line_77_c14,140,951,2502,261.915232,2095.32185
450,line_77_c14,141,952,2504,262.736586,2101.89269
450,line_77_c14,142,953,2506,263.530683,2108.24547
450,line_77_c14,143,954,2508,264.26488,2114.11904
450,line_77_c14,144,955,2510,265.225705,2121.80564
450,line_77_c14,145,956,2512,266.100396,2128.80317
450,line_77_c14,146,957,2514,266.799503,2134.39602
450,line_77_c14,147,958,2516,267.750417,2142.00334
450,line_77_c14,148,959,2518,268.547813,2148.3825
450,line_77_c14,149,960,2520,269.40827,2155.26616
450,line_77_c14,150,961,2522,270.231998,2161.85599
450,line_77_c14,151,962,2524,271.135786,2169.08629
450,line_77_c14,152,963,2526,272.028568,2176.22855
450,line_77_c14,153,964,2528,272.917053,2183.33642
450,line_77_c14,154,965,2530,273.83143,2190.65144
450,line_77_c14,155,966,2532,274.769524,2198.15619
450,line_77_c14,156,967,2534,275.637144,2205.09716
450,line_77_c14,157,968,2536,276.69931,2213.59448
450,line_77_c14,158,969,2538,277.543091,2220.34472
450,line_77_c14,159,970,2540,278.347414,2226.77931
450,line_77_c14,160,971,2542,279.319594,2234.55675
450,line_77_c14,161,972,2544,280.357076,2242.8566
450,line_77_c14,162,973,2546,281.257878,2250.06302
450,line_77_c14,163,974,2548,282.135933,2257.08746
450,line_77_c14,164,975,2550,283.173496,2265.38797
450,line_77_c14,165,976,2552,284.131134,2273.04907
450,line_77_c14,166,977,2554,285.066238,2280.5299
450,line_77_c14,167,978,2556,286.100764,2288.80612
450,line_77_c14,168,979,2558,287.115743,2296.92594
450,line_77_c14,169,980,2560,288.091844,2304.73475
450,line_77_c14,170,981,2562,289.049614,2312.39691
450,line_77_c14,171,982,2564,289.907284,2319.25827
450,line_77_c14,172,983,2566,290.913796,2327.31036
450,line_77_c14,173,984,2568,291.883972,2335.07177
450,line_77_c14,174,985,2570,292.854544,2342.83636
450,line_77_c14,175,986,2572,293.83982,2350.71856
450,line_77_c14,176,987,2574,294.870885,2358.96708
450,line_77_c14,177,988,2576,295.754196,2366.03357
450,line_77_c14,178,989,2578,296.82636,2374.61088
450,line_77_c14,179,990,2580,297.782425,2382.2594
450,line_77_c14,180,991,2582,298.7711,2390.1688
450,line_77_c14,181,992,2584,299.741764,2397.93411
450,line_77_c14,182,993,2586,300.693938,2405.55151
450,line_77_c14,183,994,2588,301.693521,2413.54817
450,line_77_c14,184,995,2590,302.611375,2420.891
450,line_77_c14,185,996,2592,303.522054,2428.17643
450,line_77_c14,186,997,2594,304.581638,2436.65311
450,line_77_c14,187,998,2596,305.651913,2445.21531
450,line_77_c14,188,999,2598,306.515385,2452.12308
450,line_77_c14,189,1000,2600,307.578544,2460.62836
450,line_77_c14,190,1001,2602,308.537959,2468.30367
450,line_77_c14,191,1002,2604,309.478692,2475.82954
450,line_77_c14,192,1003,2606,310.273177,2482.18542
450,line_77_c14,193,1004,2608,311.236497,2489.89198
450,line_77_c14,194,1005,2610,312.206679,2497.65343
450,line_77_c14,195,1006,2612,313.150739,2505.20591
450,line_77_c14,196,1007,2614,314.119221,2512.95377
450,line_77_c14,197,1008,2616,315.125537,2521.00429
450,line_77_c14,198,1009,2618,316.044314,2528.35452
450,line_77_c14,199,1010,2620,316.967691,2535.74153
450,line_77_c14,200,1011,2622,317.809932,2542.47946
450,line_77_c14,201,1012,2624,318.883372,2551.06697
450,line_77_c14,202,1013,2626,319.729167,2557.83334
450,line_77_c14,203,1014,2628,320.665585,2565.32468
450,line_77_c14,204,1015,2630,321.532978,2572.26383
450,line_77_c14,205,1016,2632,322.409501,2579.27601
450,line_77_c14,206,1017,2634,323.282831,2586.26265
450,line_77_c14,207,1018,2636,324.183717,2593.46974
450,line_77_c14,208,1019,2638,325.139789,2601.11831
450,line_77_c14,209,1020,2640,326.016405,2608.13124
450,line_77_c14,210,1021,2642,326.835085,2614.68068
450,line_77_c14,211,1022,2644,327.853198,2622.82558
450,line_77_c14,212,1023,2646,328.668094,2629.34475
450,line_77_c14,213,1024,2648,329.546977,2636.37582
450,line_77_c14,214,1025,2650,330.505822,2644.04658
450,line_77_c14,215,1026,2652,331.340804,2650.72643
450,line_77_c14,216,1027,2654,332.204242,2657.63394
450,line_77_c14,217,1028,2656,333.124321,2664.99457
450,line_77_c14,218,1029,2658,333.978282,2671.82626
450,line_77_c14,219,1030,2660,334.839263,2678.71411
450,line_77_c14,220,1031,2662,335.663011,2685.30408
450,line_77_c14,221,1032,2664,336.660584,2693.28467
450,line_77_c14,222,1033,2666,337.456607,2699.65285
450,line_77_c14,223,1034,2668,338.315528,2706.52422
450,line_77_c14,224,1035,2670,339.228356,2713.82685
450,line_77_c14,225,1036,2672,339.982921,2719.86336
450,line_77_c14,226,1037,2674,340.887853,2727.10282
450,line_77_c14,227,1038,2676,341.731962,2733.85569
450,line_77_c14,228,1039,2678,342.514945,2740.11956
450,line_77_c14,229,1040,2680,343.469685,2747.75748
450,line_77_c14,230,1041,2682,344.346287,2754.7703
450,line_77_c14,231,1042,2684,345.148765,2761.19012
450,line_77_c14,232,1043,2686,345.972521,2767.78017
450,line_77_c14,233,1044,2688,346.897336,2775.17869
450,line_77_c14,234,1045,2690,347.690827,2781.52661
450,line_77_c14,235,1046,2692,348.650637,2789.20509
450,line_77_c14,236,1047,2694,349.378165,2795.02532
450,line_77_c14,237,1048,2696,350.248936,2801.99149
450,line_77_c14,238,1049,2698,351.115292,2808.92234
450,line_77_c14,239,1050,2700,351.995242,2815.96193
450,line_77_c14,240,1051,2702,352.824697,2822.59758
450,line_77_c14,241,1052,2704,353.727729,2829.82184
450,line_77_c14,242,1053,2706,354.650605,2837.20484
450,line_77_c14,243,1054,2708,355.520034,2844.16027
450,line_77_c14,244,1055,2710,356.389903,2851.11922
450,line_77_c14,245,1056,2712,357.246577,2857.97262
450,line_77_c14,246,1057,2714,358.139209,2865.11367
450,line_77_c14,247,1058,2716,358.980415,2871.84332
450,line_77_c14,248,1059,2718,359.827716,2878.62173
450,line_77_c14,249,1060,2720,360.710012,2885.6801
450,line_77_c14,250,1061,2722,361.605082,2892.84066
450,line_77_c14,251,1062,2724,362.533793,2900.27034
450,line_77_c14,252,1063,2726,363.462486,2907.69989
450,line_77_c14,253,1064,2728,364.303931,2914.43145
450,line_77_c14,254,1065,2730,365.256505,2922.05204
450,line_77_c14,255,1066,2732,366.127746,2929.02197
450,line_77_c14,256,1067,2734,366.982501,2935.86001
450,line_77_c14,257,1068,2736,368.002492,2944.01993
450,line_77_c14,258,1069,2738,368.774245,2950.19396
450,line_77_c14,259,1070,2740,369.77301,2958.18408
450,line_77_c14,260,1071,2742,370.579811,2964.63848
450,line_77_c14,261,1072,2744,371.585336,2972.68269
450,line_77_c14,262,1073,2746,372.508172,2980.06538
450,line_77_c14,263,1074,2748,373.338683,2986.70946
450,line_77_c14,264,1075,2750,374.413022,2995.30418
450,line_77_c14,265,1076,2752,375.284506,3002.27605
450,line_77_c14,266,1077,2754,376.211391,3009.69113
450,line_77_c14,267,1078,2756,377.141055,3017.12844
450,line_77_c14,268,1079,2758,377.965009,3023.72007
450,line_77_c14,269,1080,2760,378.929609,3031.43687
450,line_77_c14,270,1081,2762,379.937422,3039.49937
450,line_77_c14,271,1082,2764,380.831055,3046.64844
450,line_77_c14,272,1083,2766,381.75456,3054.03648
450,line_77_c14,273,1084,2768,382.669675,3061.3574
450,line_77_c14,274,1085,2770,383.640073,3069.12059
450,line_77_c14,275,1086,2772,384.628144,3077.02515
450,line_77_c14,276,1087,2774,385.567249,3084.53799
450,line_77_c14,277,1088,2776,386.509696,3092.07757
450,line_77_c14,278,1089,2778,387.361601,3098.89281
450,line_77_c14,279,1090,2780,388.368371,3106.94697
450,line_77_c14,280,1091,2782,389.246431,3113.97145
450,line_77_c14,281,1092,2784,390.207647,3121.66117
450,line_77_c14,282,1093,2786,391.103496,3128.82797
450,line_77_c14,283,1094,2788,392.088472,3136.70778
450,line_77_c14,284,1095,2790,393.06162,3144.49296
450,line_77_c14,285,1096,2792,393.941698,3151.53358
450,line_77_c14,286,1097,2794,394.967271,3159.73817
450,line_77_c14,287,1098,2796,395.890722,3167.12578
450,line_77_c14,288,1099,2798,396.754713,3174.0377
450,line_77_c14,289,1100,2800,397.614598,3180.91678
450,line_77_c14,290,1101,2802,398.599866,3188.79893
450,line_77_c14,291,1102,2804,399.461671,3195.69337
450,line_77_c14,292,1103,2806,400.397238,3203.1779
450,line_77_c14,293,1104,2808,401.267293,3210.13835
450,line_77_c14,294,1105,2810,402.087838,3216.7027
450,line_77_c14,295,1106,2812,403.00376,3224.03008
450,line_77_c14,296,1107,2814,403.859304,3230.87443
450,line_77_c14,297,1108,2816,404.753947,3238.03158
450,line_77_c14,298,1109,2818,405.684208,3245.47366
450,line_77_c14,299,1110,2820,406.54423,3252.35384
450,line_77_c14,300,1111,2822,407.345235,3258.76188
450,line_77_c14,301,1112,2824,408.215812,3265.72649
450,line_77_c14,302,1113,2826,409.091256,3272.73005
450,line_77_c14,303,1114,2828,409.925097,3279.40078
450,line_77_c14,304,1115,2830,410.787569,3286.30056
450,line_77_c14,305,1116,2832,411.573372,3292.58698
450,line_77_c14,306,1117,2834,412.401598,3299.21278
450,line_77_c14,307,1118,2836,413.231528,3305.85222
450,line_77_c14,308,1119,2838,414.02673,3312.21384
450,line_77_c14,309,1120,2840,414.848571,3318.78857
450,line_77_c14,310,1121,2842,415.62231,3324.97848
450,line_77_c14,311,1122,2844,416.358692,3330.86954
450,line_77_c14,312,1123,2846,417.027382,3336.21906
450,line_77_c14,313,1124,2848,417.815756,3342.52604
450,line_77_c14,314,1125,2850,418.527684,3348.22147
450,line_77_c14,315,1126,2852,419.302168,3354.41734
450,line_77_c14,316,1127,2854,419.973631,3359.78905
450,line_77_c14,317,1128,2856,420.669288,3365.3543
450,line_77_c14,318,1129,2858,421.377569,3371.02056
450,line_77_c14,319,1130,2860,422.098309,3376.78647
450,line_77_c14,320,1131,2862,422.789635,3382.31708
450,line_77_c14,321,1132,2864,423.430931,3387.44744
450,line_77_c14,322,1133,2866,423.988911,3391.91129
450,line_77_c14,323,1134,2868,424.626528,3397.01222
450,line_77_c14,324,1135,2870,425.281096,3402.24877
450,line_77_c14,325,1136,2872,425.900354,3407.20283
450,line_77_c14,326,1137,2874,426.486766,3411.89413
450,line_77_c14,327,1138,2876,427.079096,3416.63277
450,line_77_c14,328,1139,2878,427.676109,3421.40887
450,line_77_c14,329,1140,2880,428.274748,3426.19798
450,line_77_c14,330,1141,2882,428.818713,3430.54971
450,line_77_c14,331,1142,2884,429.329222,3434.63378
450,line_77_c14,332,1143,2886,429.801269,3438.41015
450,line_77_c14,333,1144,2888,430.341471,3442.73177
450,line_77_c14,334,1145,2890,430.803962,3446.43169
450,line_77_c14,335,1146,2892,431.294787,3450.3583
450,line_77_c14,336,1147,2894,431.779772,3454.23818
450,line_77_c14,337,1148,2896,432.280883,3458.24707
450,line_77_c14,338,1149,2898,432.732083,3461.85667
450,line_77_c14,339,1150,2900,433.21525,3465.722
450,line_77_c14,340,1151,2902,433.631599,3469.05279
450,line_77_c14,341,1152,2904,434.044407,3472.35526
450,line_77_c14,342,1153,2906,434.4115,3475.292
450,line_77_c14,343,1154,2908,434.805567,3478.44454
450,line_77_c14,344,1155,2910,435.184822,3481.47858
450,line_77_c14,345,1156,2912,435.576808,3484.61446
450,line_77_c14,346,1157,2914,435.938418,3487.50734
450,line_77_c14,347,1158,2916,436.26506,3490.12048
450,line_77_c14,348,1159,2918,436.654898,3493.23919
450,line_77_c14,349,1160,2920,436.987312,3495.8985
450,line_77_c14,350,1161,2922,437.308945,3498.47156
450,line_77_c14,351,1162,2924,437.613339,3500.90671
450,line_77_c14,352,1163,2926,437.908359,3503.26687
450,line_77_c14,353,1164,2928,438.149604,3505.19683
450,line_77_c14,354,1165,2930,438.421115,3507.36892
450,line_77_c14,355,1166,2932,438.684181,3509.47344
450,line_77_c14,356,1167,2934,438.955596,3511.64477
450,line_77_c14,357,1168,2936,439.200318,3513.60254
450,line_77_c14,358,1169,2938,439.464981,3515.71985
450,line_77_c14,359,1170,2940,439.669771,3517.35817
450,line_77_c14,360,1171,2942,439.89892,3519.19136
450,line_77_c14,361,1172,2944,440.112448,3520.89958
450,line_77_c14,362,1173,2946,440.283003,3522.26402
450,line_77_c14,363,1174,2948,440.466545,3523.73236
450,line_77_c14,364,1175,2950,440.649615,3525.19692
450,line_77_c14,365,1176,2952,440.829445,3526.63556
450,line_77_c14,366,1177,2954,441.002824,3528.02259
450,line_77_c14,367,1178,2956,441.146084,3529.16867
450,line_77_c14,368,1179,2958,441.309283,3530.47427
450,line_77_c14,369,1180,2960,441.438593,3531.50874
450,line_77_c14,370,1181,2962,441.57281,3532.58248
450,line_77_c14,371,1182,2964,441.693612,3533.54889
450,line_77_c14,372,1183,2966,441.807351,3534.45881
450,line_77_c14,373,1184,2968,441.907178,3535.25743
450,line_77_c14,374,1185,2970,442.002239,3536.01791
450,line_77_c14,375,1186,2972,442.088869,3536.71095
450,line_77_c14,376,1187,2974,442.17081,3537.36648
450,line_77_c14,377,1188,2976,442.224395,3537.79516
450,line_77_c14,378,1189,2978,442.317581,3538.54065
450,line_77_c14,379,1190,2980,442.343766,3538.75013
450,line_77_c14,380,1191,2982,442.341591,3538.73273
450,line_77_c14,381,1192,2984,442.32964,3538.63712
450,line_77_c14,382,1193,2986,442.359566,3538.87653
450,line_77_c14,383,1194,2988,442.351128,3538.80902
450,line_77_c14,384,1195,2990,442.35482,3538.83856
450,line_77_c14,385,1196,2992,442.400369,3539.20295
450,line_77_c14,386,1197,2994,442.410577,3539.28461
450,line_79_c34,18,1652,3904,187.834339,1502.67471
450,line_79_c34,19,1653,3906,188.434586,1507.47669
450,line_79_c34,20,1654,3908,188.806149,1510.44919
450,line_79_c34,21,1655,3910,189.231878,1513.85503
450,line_79_c34,22,1656,3912,189.491667,1515.93334
450,line_79_c34,23,1657,3914,189.768193,1518.14554
450,line_79_c34,24,1658,3916,189.997398,1519.97919
450,line_79_c34,25,1659,3918,190.258687,1522.06949
450,line_79_c34,26,1660,3920,190.437166,1523.49733
450,line_79_c34,27,1661,3922,190.678961,1525.43168
450,line_79_c34,28,1662,3924,190.784388,1526.2751
450,line_79_c34,29,1663,3926,190.949709,1527.59767
450,line_79_c34,30,1664,3928,191.109672,1528.87737
450,line_79_c34,31,1665,3930,191.295273,1530.36218
450,line_79_c34,32,1666,3932,191.509371,1532.07497
450,line_79_c34,33,1667,3934,191.741356,1533.93085
450,line_79_c34,34,1668,3936,191.973036,1535.78429
450,line_79_c34,35,1669,3938,192.253472,1538.02778
450,line_79_c34,36,1670,3940,192.498969,1539.99175
450,line_79_c34,37,1671,3942,192.744964,1541.95971
450,line_79_c34,38,1672,3944,193.092299,1544.73839
450,line_79_c34,39,1673,3946,193.37531,1547.00248
450,line_79_c34,40,1674,3948,193.703475,1549.6278
450,line_79_c34,41,1675,3950,194.062112,1552.49689
450,line_79_c34,42,1676,3952,194.373108,1554.98487
450,line_79_c34,43,1677,3954,194.736916,1557.89533
450,line_79_c34,44,1678,3956,195.107922,1560.86337
450,line_79_c34,45,1679,3958,195.505919,1564.04735
450,line_79_c34,46,1680,3960,195.910722,1567.28578
450,line_79_c34,47,1681,3962,196.361303,1570.89043
450,line_79_c34,48,1682,3964,196.793643,1574.34915
450,line_79_c34,49,1683,3966,197.219341,1577.75472
450,line_79_c34,50,1684,3968,197.690357,1581.52286
450,line_79_c34,51,1685,3970,198.15003,1585.20024
450,line_79_c34,52,1686,3972,198.653956,1589.23165
450,line_79_c34,53,1687,3974,199.189486,1593.51589
450,line_79_c34,54,1688,3976,199.703991,1597.63193
450,line_79_c34,55,1689,3978,200.247169,1601.97735
450,line_79_c34,56,1690,3980,200.809626,1606.47701
450,line_79_c34,57,1691,3982,201.340325,1610.7226
450,line_79_c34,58,1692,3984,201.886493,1615.09194
450,line_79_c34,59,1693,3986,202.467504,1619.74003
450,line_79_c34,60,1694,3988,203.1007,1624.8056
450,line_79_c34,61,1695,3990,203.704102,1629.63282
450,line_79_c34,62,1696,3992,204.350765,1634.80612
450,line_79_c34,63,1697,3994,205.005483,1640.04387
450,line_79_c34,64,1698,3996,205.627291,1645.01833
450,line_79_c34,65,1699,3998,206.281802,1650.25441
450,line_79_c34,66,1700,4000,206.954963,1655.63971
450,line_79_c34,67,1701,4002,207.675548,1661.40439
450,line_79_c34,68,1702,4004,208.378052,1667.02442
450,line_79_c34,69,1703,4006,209.114486,1672.91589
450,line_79_c34,70,1704,4008,209.856663,1678.85331
450,line_79_c34,71,1705,4010,210.555644,1684.44515
450,line_79_c34,72,1706,4012,211.329812,1690.6385
450,line_79_c34,73,1707,4014,212.085793,1696.68635
450,line_79_c34,74,1708,4016,212.877808,1703.02247
450,line_79_c34,75,1709,4018,213.653246,1709.22597
450,line_79_c34,76,1710,4020,214.516421,1716.13137
450,line_79_c34,77,1711,4022,215.277435,1722.21948
450,line_79_c34,78,1712,4024,216.129642,1729.03714
450,line_79_c34,79,1713,4026,216.973631,1735.78905
450,line_79_c34,80,1714,4028,217.795704,1742.36564
450,line_79_c34,81,1715,4030,218.726274,1749.81019
450,line_79_c34,82,1716,4032,219.645305,1757.16244
450,line_79_c34,83,1717,4034,220.595132,1764.76106
450,line_79_c34,84,1718,4036,221.410567,1771.28453
450,line_79_c34,85,1719,4038,222.299423,1778.39538
450,line_79_c34,86,1720,4040,223.346598,1786.77278
450,line_79_c34,87,1721,4042,224.244962,1793.95969
450,line_79_c34,88,1722,4044,225.224053,1801.79242
450,line_79_c34,89,1723,4046,226.189132,1809.51306
450,line_79_c34,90,1724,4048,227.117644,1816.94116
450,line_79_c34,91,1725,4050,228.126289,1825.01032
450,line_79_c34,92,1726,4052,229.167164,1833.33731
450,line_79_c34,93,1727,4054,230.202382,1841.61906
450,line_79_c34,94,1728,4056,231.321988,1850.5759
450,line_79_c34,95,1729,4058,232.353595,1858.82876
450,line_79_c34,96,1730,4060,233.479463,1867.8357
450,line_79_c34,97,1731,4062,234.581586,1876.65269
450,line_79_c34,98,1732,4064,235.656925,1885.2554
450,line_79_c34,99,1733,4066,236.702298,1893.61838
450,line_79_c34,100,1734,4068,237.978394,1903.82715
450,line_79_c34,101,1735,4070,239.149113,1913.1929
450,line_79_c34,102,1736,4072,240.232404,1921.85923
450,line_79_c34,103,1737,4074,241.445473,1931.56378
450,line_79_c34,104,1738,4076,242.611501,1940.89201
450,line_79_c34,105,1739,4078,243.83899,1950.71192
450,line_79_c34,106,1740,4080,245.019894,1960.15915
450,line_79_c34,107,1741,4082,246.2375,1969.9
450,line_79_c34,108,1742,4084,247.643926,1981.15141
450,line_79_c34,109,1743,4086,248.736907,1989.89526
450,line_79_c34,110,1744,4088,250.134431,2001.07545
450,line_79_c34,111,1745,4090,251.428381,2011.42705
450,line_79_c34,112,1746,4092,252.66942,2021.35536
450,line_79_c34,113,1747,4094,254.057137,2032.4571
450,line_79_c34,114,1748,4096,255.4325,2043.46
450,line_79_c34,115,1749,4098,256.771699,2054.17359
450,line_79_c34,116,1750,4100,258.315317,2066.52254
450,line_79_c34,117,1751,4102,259.537191,2076.29753
450,line_79_c34,118,1752,4104,261.148718,2089.18975
450,line_79_c34,119,1753,4106,262.409542,2099.27634
450,line_79_c34,120,1754,4108,263.830587,2110.6447
450,line_79_c34,121,1755,4110,265.410077,2123.28061
450,line_79_c34,122,1756,4112,266.846256,2134.77005
450,line_79_c34,123,1757,4114,268.362632,2146.90106
450,line_79_c34,124,1758,4116,269.826389,2158.61111
450,line_79_c34,125,1759,4118,271.426668,2171.41334
450,line_79_c34,126,1760,4120,272.92756,2183.42048
450,line_79_c34,127,1761,4122,274.442187,2195.5375
450,line_79_c34,128,1762,4124,276.034062,2208.2725
450,line_79_c34,129,1763,4126,277.720346,2221.76277
450,line_79_c34,130,1764,4128,279.460988,2235.6879
450,line_79_c34,131,1765,4130,281.000583,2248.00466
450,line_79_c34,132,1766,4132,282.74992,2261.99936
450,line_79_c34,133,1767,4134,284.169708,2273.35766
450,line_79_c34,134,1768,4136,285.984596,2287.87677
450,line_79_c34,135,1769,4138,287.677612,2301.42089
450,line_79_c34,136,1770,4140,289.396569,2315.17255
450,line_79_c34,137,1771,4142,291.113195,2328.90556
450,line_79_c34,138,1772,4144,292.793225,2342.3458
450,line_79_c34,139,1773,4146,294.534158,2356.27326
450,line_79_c34,140,1774,4148,296.222053,2369.77642
450,line_79_c34,141,1775,4150,297.96448,2383.71584
450,line_79_c34,142,1776,4152,299.861647,2398.89318
450,line_79_c34,143,1777,4154,301.669533,2413.35627
450,line_79_c34,144,1778,4156,303.427447,2427.41958
450,line_79_c34,145,1779,4158,305.323955,2442.59164
450,line_79_c34,146,1780,4160,307.117451,2456.9396
450,line_79_c34,147,1781,4162,308.959639,2471.67711
450,line_79_c34,148,1782,4164,310.818137,2486.5451
450,line_79_c34,149,1783,4166,312.847889,2502.78311
450,line_79_c34,150,1784,4168,314.410994,2515.28795
450,line_79_c34,151,1785,4170,316.40473,2531.23784
450,line_79_c34,152,1786,4172,318.34464,2546.75712
450,line_79_c34,153,1787,4174,320.105348,2560.84278
450,line_79_c34,154,1788,4176,322.237855,2577.90284
450,line_79_c34,155,1789,4178,323.935651,2591.48521
450,line_79_c34,156,1790,4180,325.903112,2607.22489
450,line_79_c34,157,1791,4182,327.70622,2621.64976
450,line_79_c34,158,1792,4184,329.647804,2637.18243
450,line_79_c34,159,1793,4186,331.602401,2652.81921
450,line_79_c34,160,1794,4188,333.598345,2668.78676
450,line_79_c34,161,1795,4190,335.386612,2683.0929
450,line_79_c34,162,1796,4192,337.422414,2699.37931
450,line_79_c34,163,1797,4194,339.349498,2714.79598
450,line_79_c34,164,1798,4196,341.358267,2730.86614
450,line_79_c34,165,1799,4198,343.384053,2747.07242
450,line_79_c34,166,1800,4200,345.302376,2762.41901
450,line_79_c34,167,1801,4202,346.930299,2775.4424
450,line_79_c34,168,1802,4204,348.908849,2791.27079
450,line_79_c34,169,1803,4206,350.7515,2806.012
450,line_79_c34,170,1804,4208,352.762337,2822.0987
450,line_79_c34,171,1805,4210,354.724641,2837.79712
450,line_79_c34,172,1806,4212,356.520208,2852.16167
450,line_79_c34,173,1807,4214,358.256488,2866.05191
450,line_79_c34,174,1808,4216,360.2823,2882.2584
450,line_79_c34,175,1809,4218,362.332819,2898.66255
450,line_79_c34,176,1810,4220,364.077178,2912.61742
450,line_79_c34,177,1811,4222,365.975563,2927.80451
450,line_79_c34,178,1812,4224,367.714598,2941.71678
450,line_79_c34,179,1813,4226,369.396819,2955.17455
450,line_79_c34,180,1814,4228,371.331929,2970.65543
450,line_79_c34,181,1815,4230,373.080576,2984.64461
450,line_79_c34,182,1816,4232,375.174985,3001.39988
450,line_79_c34,183,1817,4234,376.758616,3014.06893
450,line_79_c34,184,1818,4236,378.551842,3028.41473
450,line_79_c34,185,1819,4238,380.298587,3042.3887
450,line_79_c34,186,1820,4240,382.080728,3056.64582
450,line_79_c34,187,1821,4242,383.792881,3070.34305
450,line_79_c34,188,1822,4244,385.426541,3083.41233
450,line_79_c34,189,1823,4246,387.009458,3096.07567
450,line_79_c34,190,1824,4248,388.528445,3108.22756
450,line_79_c34,191,1825,4250,390.229163,3121.8333
450,line_79_c34,192,1826,4252,392.021752,3136.17401
450,line_79_c34,193,1827,4254,393.694977,3149.55981
450,line_79_c34,194,1828,4256,395.15337,3161.22696
450,line_79_c34,195,1829,4258,396.870326,3174.96261
450,line_79_c34,196,1830,4260,398.252827,3186.02262
450,line_79_c34,197,1831,4262,399.898788,3199.1903
450,line_79_c34,198,1832,4264,401.43334,3211.46672
450,line_79_c34,199,1833,4266,402.815748,3222.52598
450,line_79_c34,200,1834,4268,404.062677,3232.50141
450,line_79_c34,201,1835,4270,405.718126,3245.74501
450,line_79_c34,202,1836,4272,407.059048,3256.47238
450,line_79_c34,203,1837,4274,408.473974,3267.79179
450,line_79_c34,204,1838,4276,409.747511,3277.98009
450,line_79_c34,205,1839,4278,411.117927,3288.94342
450,line_79_c34,206,1840,4280,412.158435,3297.26748
450,line_79_c34,207,1841,4282,413.472788,3307.7823
450,line_79_c34,208,1842,4284,414.767877,3318.14302
450,line_79_c34,209,1843,4286,416.049475,3328.3958
450,line_79_c34,210,1844,4288,417.233259,3337.86607
450,line_79_c34,211,1845,4290,418.400538,3347.20431
450,line_79_c34,212,1846,4292,419.559761,3356.47809
450,line_79_c34,213,1847,4294,420.706083,3365.64867
450,line_79_c34,214,1848,4296,421.874195,3374.99356
450,line_79_c34,215,1849,4298,422.954902,3383.63921
450,line_79_c34,216,1850,4300,423.876205,3391.00964
450,line_79_c34,217,1851,4302,424.827085,3398.61668
450,line_79_c34,218,1852,4304,425.883797,3407.07038
450,line_79_c34,219,1853,4306,426.975134,3415.80107
450,line_79_c34,220,1854,4308,427.855241,3422.84193
450,line_79_c34,221,1855,4310,428.797355,3430.37884
450,line_79_c34,222,1856,4312,429.676333,3437.41066
450,line_79_c34,223,1857,4314,430.46197,3443.69576
450,line_79_c34,224,1858,4316,431.34479,3450.75832
450,line_79_c34,225,1859,4318,432.110346,3456.88277
450,line_79_c34,226,1860,4320,432.914076,3463.31261
450,line_79_c34,227,1861,4322,433.591291,3468.73033
450,line_79_c34,228,1862,4324,434.415573,3475.32458
450,line_79_c34,229,1863,4326,435.131226,3481.04981
450,line_79_c34,230,1864,4328,435.799718,3486.39775
450,line_79_c34,231,1865,4330,436.477818,3491.82254
450,line_79_c34,232,1866,4332,437.118618,3496.94894
450,line_79_c34,233,1867,4334,437.749288,3501.99431
450,line_79_c34,234,1868,4336,438.253184,3506.02547
450,line_79_c34,235,1869,4338,438.905872,3511.24697
450,line_79_c34,236,1870,4340,439.406861,3515.25489
450,line_79_c34,237,1871,4342,439.993895,3519.95116
450,line_79_c34,238,1872,4344,440.465225,3523.7218
450,line_79_c34,239,1873,4346,440.921297,3527.37037
450,line_79_c34,240,1874,4348,441.327821,3530.62257
450,line_79_c34,241,1875,4350,441.892546,3535.14037
450,line_79_c34,242,1876,4352,442.319029,3538.55223
450,line_79_c34,243,1877,4354,442.687545,3541.50036
450,line_79_c34,244,1878,4356,443.037725,3544.3018
450,line_79_c34,245,1879,4358,443.370037,3546.9603
450,line_79_c34,246,1880,4360,443.721716,3549.77373
450,line_79_c34,247,1881,4362,443.949833,3551.59867
450,line_79_c34,248,1882,4364,444.269271,3554.15417
450,line_79_c34,249,1883,4366,444.516913,3556.1353
450,line_79_c34,250,1884,4368,444.754597,3558.03678
450,line_79_c34,251,1885,4370,445.049301,3560.39441
450,line_79_c34,252,1886,4372,445.244807,3561.95845
450,line_79_c34,253,1887,4374,445.391411,3563.13128
450,line_79_c34,254,1888,4376,445.520104,3564.16083
450,line_79_c34,255,1889,4378,445.785308,3566.28246
450,line_79_c34,256,1890,4380,445.852309,3566.81847
450,line_79_c34,257,1891,4382,446.013307,3568.10646
450,line_79_c34,258,1892,4384,446.052014,3568.41611
450,line_79_c34,259,1893,4386,445.770198,3566.16158
450,line_79_c34,260,1894,4388,445.88193,3567.05544
450,line_79_c34,261,1895,4390,446.231068,3569.84855
450,line_89_c6,8,556,1712,342.206037,2737.6483
450,line_89_c6,9,557,1714,342.237485,2737.89988
450,line_89_c6,10,558,1716,342.252831,2738.02265
450,line_89_c6,11,559,1718,342.271615,2738.17292
450,line_89_c6,12,560,1720,342.295563,2738.3645
450,line_89_c6,13,561,1722,342.318096,2738.54477
450,line_89_c6,14,562,1724,342.351468,2738.81174
450,line_89_c6,15,563,1726,342.38362,2739.06896
450,line_89_c6,16,564,1728,342.426461,2739.41169
450,line_89_c6,17,565,1730,342.476787,2739.8143
450,line_89_c6,18,566,1732,342.520018,2740.16015
450,line_89_c6,19,567,1734,342.561871,2740.49496
450,line_89_c6,20,568,1736,342.597152,2740.77722
450,line_89_c6,21,569,1738,342.647209,2741.17767
450,line_89_c6,22,570,1740,342.687867,2741.50294
450,line_89_c6,23,571,1742,342.746881,2741.97505
450,line_89_c6,24,572,1744,342.801108,2742.40886
450,line_89_c6,25,573,1746,342.86982,2742.95856
450,line_89_c6,26,574,1748,342.927665,2743.42132
450,line_89_c6,27,575,1750,342.998437,2743.9875
450,line_89_c6,28,576,1752,343.075764,2744.60611
450,line_89_c6,29,577,1754,343.149627,2745.19702
450,line_89_c6,30,578,1756,343.2261,2745.8088
450,line_89_c6,31,579,1758,343.314259,2746.51407
450,line_89_c6,32,580,1760,343.404588,2747.2367
450,line_89_c6,33,581,1762,343.499944,2747.99955
450,line_89_c6,34,582,1764,343.601962,2748.8157
450,line_89_c6,35,583,1766,343.711839,2749.69471
450,line_89_c6,36,584,1768,343.823281,2750.58625
450,line_89_c6,37,585,1770,343.956387,2751.6511
450,line_89_c6,38,586,1772,344.073924,2752.59139
450,line_89_c6,39,587,1774,344.191826,2753.53461
450,line_89_c6,40,588,1776,344.314461,2754.51569
450,line_89_c6,41,589,1778,344.440521,2755.52417
450,line_89_c6,42,590,1780,344.583243,2756.66595
450,line_89_c6,43,591,1782,344.726541,2757.81233
450,line_89_c6,44,592,1784,344.87848,2759.02784
450,line_89_c6,45,593,1786,345.035886,2760.28708
450,line_89_c6,46,594,1788,345.203479,2761.62783
450,line_89_c6,47,595,1790,345.379175,2763.0334
450,line_89_c6,48,596,1792,345.56532,2764.52256
450,line_89_c6,49,597,1794,345.731427,2765.85141
450,line_89_c6,50,598,1796,345.91172,2767.29376
450,line_89_c6,51,599,1798,346.095645,2768.76516
450,line_89_c6,52,600,1800,346.294193,2770.35355
450,line_89_c6,53,601,1802,346.477172,2771.81737
450,line_89_c6,54,602,1804,346.676218,2773.40975
450,line_89_c6,55,603,1806,346.886414,2775.09131
450,line_89_c6,56,604,1808,347.10228,2776.81824
450,line_89_c6,57,605,1810,347.323841,2778.59073
450,line_89_c6,58,606,1812,347.545341,2780.36273
450,line_89_c6,59,607,1814,347.778226,2782.2258
450,line_89_c6,60,608,1816,348.015488,2784.1239
450,line_89_c6,61,609,1818,348.274933,2786.19946
450,line_89_c6,62,610,1820,348.535997,2788.28798
450,line_89_c6,63,611,1822,348.793341,2790.34672
450,line_89_c6,64,612,1824,349.048105,2792.38484
450,line_89_c6,65,613,1826,349.31104,2794.48832
450,line_89_c6,66,614,1828,349.585467,2796.68374
450,line_89_c6,67,615,1830,349.882318,2799.05854
450,line_89_c6,68,616,1832,350.145903,2801.16723
450,line_89_c6,69,617,1834,350.466645,2803.73316
450,line_89_c6,70,618,1836,350.763974,2806.11179
450,line_89_c6,71,619,1838,351.070133,2808.56107
450,line_89_c6,72,620,1840,351.396699,2811.17359
450,line_89_c6,73,621,1842,351.665626,2813.32501
450,line_89_c6,74,622,1844,352.002811,2816.02249
450,line_89_c6,75,623,1846,352.340763,2818.72611
450,line_89_c6,76,624,1848,352.671835,2821.37468
450,line_89_c6,77,625,1850,353.017278,2824.13822
450,line_89_c6,78,626,1852,353.320602,2826.56481
450,line_89_c6,79,627,1854,353.646838,2829.1747
450,line_89_c6,80,628,1856,354.024336,2832.19469
450,line_89_c6,81,629,1858,354.386771,2835.09417
450,line_89_c6,82,630,1860,354.737945,2837.90356
450,line_89_c6,83,631,1862,355.119265,2840.95412
450,line_89_c6,84,632,1864,355.48282,2843.86256
450,line_89_c6,85,633,1866,355.863707,2846.90965
450,line_89_c6,86,634,1868,356.290449,2850.3236
450,line_89_c6,87,635,1870,356.631297,2853.05037
450,line_89_c6,88,636,1872,357.05508,2856.44064
450,line_89_c6,89,637,1874,357.47047,2859.76376
450,line_89_c6,90,638,1876,357.823829,2862.59063
450,line_89_c6,91,639,1878,358.240324,2865.92259
450,line_89_c6,92,640,1880,358.613881,2868.91105
450,line_89_c6,93,641,1882,359.063697,2872.50958
450,line_89_c6,94,642,1884,359.491858,2875.93486
450,line_89_c6,95,643,1886,359.924042,2879.39234
450,line_89_c6,96,644,1888,360.376652,2883.01322
450,line_89_c6,97,645,1890,360.797418,2886.37934
450,line_89_c6,98,646,1892,361.24745,2889.9796
450,line_89_c6,99,647,1894,361.688736,2893.50989
450,line_89_c6,100,648,1896,362.118978,2896.95183
450,line_89_c6,101,649,1898,362.531386,2900.25109
450,line_89_c6,102,650,1900,363.016631,2904.13304
450,line_89_c6,103,651,1902,363.470113,2907.76091
450,line_89_c6,104,652,1904,363.892862,2911.1429
450,line_89_c6,105,653,1906,364.348428,2914.78743
450,line_89_c6,106,654,1908,364.817564,2918.54051
450,line_89_c6,107,655,1910,365.294775,2922.3582
450,line_89_c6,108,656,1912,365.773977,2926.19181
450,line_89_c6,109,657,1914,366.249641,2929.99713
450,line_89_c6,110,658,1916,366.736456,2933.89165
450,line_89_c6,111,659,1918,367.219296,2937.75437
450,line_89_c6,112,660,1920,367.705905,2941.64724
450,line_89_c6,113,661,1922,368.172137,2945.3771
450,line_89_c6,114,662,1924,368.638744,2949.10995
450,line_89_c6,115,663,1926,369.158422,2953.26738
450,line_89_c6,116,664,1928,369.631957,2957.05566
450,line_89_c6,117,665,1930,370.186601,2961.49281
450,line_89_c6,118,666,1932,370.663677,2965.30941
450,line_89_c6,119,667,1934,371.196073,2969.56858
450,line_89_c6,120,668,1936,371.69531,2973.56248
450,line_89_c6,121,669,1938,372.177916,2977.42332
450,line_89_c6,122,670,1940,372.727109,2981.81687
450,line_89_c6,123,671,1942,373.238948,2985.91159
450,line_89_c6,124,672,1944,373.7489,2989.9912
450,line_89_c6,125,673,1946,374.258984,2994.07187
450,line_89_c6,126,674,1948,374.80394,2998.43152
450,line_89_c6,127,675,1950,375.273517,3002.18814
450,line_89_c6,128,676,1952,375.808225,3006.4658
450,line_89_c6,129,677,1954,376.341847,3010.73478
450,line_89_c6,130,678,1956,376.833373,3014.66699
450,line_89_c6,131,679,1958,377.332192,3018.65753
450,line_89_c6,132,680,1960,377.865511,3022.92409
450,line_89_c6,133,681,1962,378.414866,3027.31893
450,line_89_c6,134,682,1964,378.94227,3031.53816
450,line_89_c6,135,683,1966,379.518841,3036.15073
450,line_89_c6,136,684,1968,380.02919,3040.23352
450,line_89_c6,137,685,1970,380.574828,3044.59862
450,line_89_c6,138,686,1972,381.111647,3048.89318
450,line_89_c6,139,687,1974,381.698866,3053.59093
450,line_89_c6,140,688,1976,382.232464,3057.85971
450,line_89_c6,141,689,1978,382.797198,3062.37759
450,line_89_c6,142,690,1980,383.330427,3066.64342
450,line_89_c6,143,691,1982,383.901989,3071.21591
450,line_89_c6,144,692,1984,384.403792,3075.23033
450,line_89_c6,145,693,1986,384.972574,3079.78059
450,line_89_c6,146,694,1988,385.541511,3084.33209
450,line_89_c6,147,695,1990,386.120513,3088.9641
450,line_89_c6,148,696,1992,386.612914,3092.90331
450,line_89_c6,149,697,1994,387.217786,3097.74229
450,line_89_c6,150,698,1996,387.846982,3102.77585
450,line_89_c6,151,699,1998,388.383034,3107.06427
450,line_89_c6,152,700,2000,388.941811,3111.53449
450,line_89_c6,153,701,2002,389.537455,3116.29964
450,line_89_c6,154,702,2004,390.102195,3120.81756
450,line_89_c6,155,703,2006,390.644455,3125.15564
450,line_89_c6,156,704,2008,391.220766,3129.76613
450,line_89_c6,157,705,2010,391.801845,3134.41476
450,line_89_c6,158,706,2012,392.421211,3139.36969
450,line_89_c6,159,707,2014,393.015833,3144.12666
450,line_89_c6,160,708,2016,393.595283,3148.76226
450,line_89_c6,161,709,2018,394.165556,3153.32445
450,line_89_c6,162,710,2020,394.785943,3158.28754
450,line_89_c6,163,711,2022,395.372286,3162.97829
450,line_89_c6,164,712,2024,396.007669,3168.06135
450,line_89_c6,165,713,2026,396.620229,3172.96183
450,line_89_c6,166,714,2028,397.221117,3177.76893
450,line_89_c6,167,715,2030,397.858973,3182.87179
450,line_89_c6,168,716,2032,398.451369,3187.61096
450,line_89_c6,169,717,2034,399.126469,3193.01175
450,line_89_c6,170,718,2036,399.767519,3198.14015
450,line_89_c6,171,719,2038,400.409983,3203.27986
450,line_89_c6,172,720,2040,401.022367,3208.17893
450,line_89_c6,173,721,2042,401.680209,3213.44167
450,line_89_c6,174,722,2044,402.367525,3218.9402
450,line_89_c6,175,723,2046,402.981136,3223.84908
450,line_89_c6,176,724,2048,403.686238,3229.48991
450,line_89_c6,177,725,2050,404.376053,3235.00842
450,line_89_c6,178,726,2052,404.995258,3239.96206
450,line_89_c6,179,727,2054,405.648981,3245.19185
450,line_89_c6,180,728,2056,406.352029,3250.81623
450,line_89_c6,181,729,2058,407.045214,3256.36171
450,line_89_c6,182,730,2060,407.732867,3261.86294
450,line_89_c6,183,731,2062,408.352172,3266.81737
450,line_89_c6,184,732,2064,409.038845,3272.31076
450,line_89_c6,185,733,2066,409.781429,3278.25143
450,line_89_c6,186,734,2068,410.469315,3283.75452
450,line_89_c6,187,735,2070,411.201032,3289.60825
450,line_89_c6,188,736,2072,411.935958,3295.48766
450,line_89_c6,189,737,2074,412.726617,3301.81294
450,line_89_c6,190,738,2076,413.414325,3307.3146
450,line_89_c6,191,739,2078,414.210152,3313.68121
450,line_89_c6,192,740,2080,414.966616,3319.73293
450,line_89_c6,193,741,2082,415.70567,3325.64536
450,line_89_c6,194,742,2084,416.377159,3331.01727
450,line_89_c6,195,743,2086,417.211052,3337.68841
450,line_89_c6,196,744,2088,417.890878,3343.12702
450,line_89_c6,197,745,2090,418.655081,3349.24064
450,line_89_c6,198,746,2092,419.481191,3355.84953
450,line_89_c6,199,747,2094,420.297395,3362.37916
450,line_89_c6,200,748,2096,421.102215,3368.81772
450,line_89_c6,201,749,2098,421.869763,3374.95811
450,line_89_c6,202,750,2100,422.684617,3381.47694
450,line_89_c6,203,751,2102,423.526205,3388.20964
450,line_89_c6,204,752,2104,424.2686,3394.1488
450,line_89_c6,205,753,2106,425.161069,3401.28855
450,line_89_c6,206,754,2108,425.907835,3407.26268
450,line_89_c6,207,755,2110,426.789407,3414.31525
450,line_89_c6,208,756,2112,427.560107,3420.48086
450,line_89_c6,209,757,2114,428.442925,3427.5434
450,line_89_c6,210,758,2116,429.271718,3434.17375
450,line_89_c6,211,759,2118,430.101003,3440.80802
450,line_89_c6,212,760,2120,431.03057,3448.24456
450,line_89_c6,213,761,2122,431.824204,3454.59363
450,line_89_c6,214,762,2124,432.737786,3461.90228
450,line_89_c6,215,763,2126,433.62271,3468.98168
450,line_89_c6,216,764,2128,434.458521,3475.66817
450,line_89_c6,217,765,2130,435.377536,3483.02029
450,line_89_c6,218,766,2132,436.259233,3490.07386
450,line_89_c6,219,767,2134,437.145801,3497.16641
450,line_89_c6,220,768,2136,438.062961,3504.50369
450,line_89_c6,221,769,2138,439.025997,3512.20798
450,line_89_c6,222,770,2140,439.887144,3519.09715
450,line_89_c6,223,771,2142,440.733328,3525.86662
450,line_89_c6,224,772,2144,441.745729,3533.96583
450,line_89_c6,225,773,2146,442.700311,3541.60249
450,line_89_c6,226,774,2148,443.641463,3549.13171
450,line_89_c6,227,775,2150,444.517462,3556.1397
450,line_89_c6,228,776,2152,445.483363,3563.86691
450,line_89_c6,229,777,2154,446.4151,3571.3208
450,line_89_c6,230,778,2156,447.313547,3578.50837
450,line_89_c6,231,779,2158,448.225215,3585.80172
450,line_89_c6,232,780,2160,449.208186,3593.66549
450,line_89_c6,233,781,2162,450.127972,3601.02378
450,line_89_c6,234,782,2164,451.002736,3608.02189
450,line_89_c6,235,783,2166,451.898104,3615.18483
450,line_89_c6,236,784,2168,452.896808,3623.17446
450,line_89_c6,237,785,2170,453.801837,3630.4147
450,line_89_c6,238,786,2172,454.797566,3638.38053
450,line_89_c6,239,787,2174,455.751154,3646.00923
450,line_89_c6,240,788,2176,456.721418,3653.77134
450,line_89_c6,241,789,2178,457.757736,3662.06189
450,line_89_c6,242,790,2180,458.707762,3669.6621
450,line_89_c6,243,791,2182,459.651988,3677.21591
450,line_89_c6,244,792,2184,460.558905,3684.47124
450,line_89_c6,245,793,2186,461.471198,3691.76958
450,line_89_c6,246,794,2188,462.466372,3699.73097
450,line_89_c6,247,795,2190,463.44691,3707.57528
450,line_89_c6,248,796,2192,464.38834,3715.10672
450,line_89_c6,249,797,2194,465.335543,3722.68434
450,line_89_c6,250,798,2196,466.295634,3730.36507
450,line_89_c6,251,799,2198,467.271076,3738.16861
450,line_89_c6,252,800,2200,468.253512,3746.02809
450,line_89_c6,253,801,2202,469.210013,3753.68011
450,line_89_c6,254,802,2204,470.10148,3760.81184
450,line_89_c6,255,803,2206,471.106521,3768.85217
450,line_89_c6,256,804,2208,472.078204,3776.62563
450,line_89_c6,257,805,2210,473.043466,3784.34772
450,line_89_c6,258,806,2212,473.982237,3791.8579
450,line_89_c6,259,807,2214,474.846901,3798.77521
450,line_89_c6,260,808,2216,475.777596,3806.22077
450,line_89_c6,261,809,2218,476.742386,3813.93909
450,line_89_c6,262,810,2220,477.621519,3820.97215
450,line_89_c6,263,811,2222,478.608643,3828.86914
450,line_89_c6,264,812,2224,479.529009,3836.23208
450,line_89_c6,265,813,2226,480.509613,3844.07691
450,line_89_c6,266,814,2228,481.449045,3851.59236
450,line_89_c6,267,815,2230,482.326589,3858.61271
450,line_89_c6,268,816,2232,483.280315,3866.24252
450,line_89_c6,269,817,2234,484.189726,3873.5178
450,line_89_c6,270,818,2236,485.14175,3881.134
450,line_89_c6,271,819,2238,486.073467,3888.58773
450,line_89_c6,272,820,2240,486.964738,3895.7179
450,line_89_c6,273,821,2242,487.932135,3903.45708
450,line_89_c6,274,822,2244,488.816913,3910.5353
450,line_89_c6,275,823,2246,489.762392,3918.09914
450,line_89_c6,276,824,2248,490.643086,3925.14468
450,line_89_c6,277,825,2250,491.561769,3932.49415
450,line_89_c6,278,826,2252,492.534297,3940.27437
450,line_89_c6,279,827,2254,493.413762,3947.31009
450,line_89_c6,280,828,2256,494.311369,3954.49095
450,line_89_c6,281,829,2258,495.203449,3961.62759
450,line_89_c6,282,830,2260,496.075782,3968.60625
450,line_89_c6,283,831,2262,496.887819,3975.10256
450,line_89_c6,284,832,2264,497.851113,3982.8089
450,line_89_c6,285,833,2266,498.760892,3990.08714
450,line_89_c6,286,834,2268,499.501633,3996.01307
450,line_89_c6,287,835,2270,500.389338,4003.1147
450,line_89_c6,288,836,2272,501.257616,4010.06092
450,line_89_c6,289,837,2274,502.127944,4017.02355
450,line_89_c6,290,838,2276,503.011578,4024.09262
450,line_89_c6,291,839,2278,503.860209,4030.88167
450,line_89_c6,292,840,2280,504.748142,4037.98513
450,line_89_c6,293,841,2282,505.626754,4045.01404
450,line_89_c6,294,842,2284,506.480138,4051.8411
450,line_89_c6,295,843,2286,507.301674,4058.41339
450,line_89_c6,296,844,2288,508.13401,4065.07208
450,line_89_c6,297,845,2290,509.041302,4072.33042
450,line_89_c6,298,846,2292,509.866453,4078.93163
450,line_89_c6,299,847,2294,510.671609,4085.37287
450,line_89_c6,300,848,2296,511.455039,4091.64031
450,line_89_c6,301,849,2298,512.320695,4098.56556
450,line_89_c6,302,850,2300,513.128463,4105.0277
450,line_89_c6,303,851,2302,513.991034,4111.92827
450,line_89_c6,304,852,2304,514.773762,4118.1901
450,line_89_c6,305,853,2306,515.617881,4124.94305
450,line_89_c6,306,854,2308,516.459172,4131.67338
450,line_89_c6,307,855,2310,517.215895,4137.72716
450,line_89_c6,308,856,2312,518.050135,4144.40108
450,line_89_c6,309,857,2314,518.773721,4150.18977
450,line_89_c6,310,858,2316,519.620917,4156.96733
450,line_89_c6,311,859,2318,520.384355,4163.07484
450,line_89_c6,312,860,2320,521.070907,4168.56726
450,line_89_c6,313,861,2322,521.879314,4175.03451
450,line_89_c6,314,862,2324,522.68414,4181.47312
450,line_89_c6,315,863,2326,523.433309,4187.46647
450,line_89_c6,316,864,2328,524.180515,4193.44412
450,line_89_c6,317,865,2330,524.949999,4199.59999
450,line_89_c6,318,866,2332,525.704028,4205.63223
450,line_89_c6,319,867,2334,526.495546,4211.96437
450,line_89_c6,320,868,2336,527.235267,4217.88214
450,line_89_c6,321,869,2338,527.923604,4223.38883
450,line_89_c6,322,870,2340,528.738346,4229.90677
450,line_89_c6,323,871,2342,529.408704,4235.26963
450,line_89_c6,324,872,2344,530.127515,4241.02012
450,line_89_c6,325,873,2346,530.910056,4247.28045
450,line_89_c6,326,874,2348,531.582679,4252.66143
450,line_89_c6,327,875,2350,532.26516,4258.12128
450,line_89_c6,328,876,2352,533.000244,4264.00195
450,line_89_c6,329,877,2354,533.696623,4269.57299
450,line_89_c6,330,878,2356,534.406034,4275.24827
450,line_89_c6,331,879,2358,535.087149,4280.69719
450,line_89_c6,332,880,2360,535.70743,4285.65944
450,line_89_c6,333,881,2362,536.420801,4291.36641
450,line_89_c6,334,882,2364,537.071754,4296.57403
450,line_89_c6,335,883,2366,537.714012,4301.7121
450,line_89_c6,336,884,2368,538.328628,4306.62902
450,line_89_c6,337,885,2370,539.012812,4312.1025
450,line_89_c6,338,886,2372,539.594675,4316.7574
450,line_89_c6,339,887,2374,540.19002,4321.52016
450,line_89_c6,340,888,2376,540.768303,4326.14642
450,line_89_c6,341,889,2378,541.403417,4331.22734
450,line_89_c6,342,890,2380,542.01913,4336.15304
450,line_89_c6,343,891,2382,542.614832,4340.91866
450,line_89_c6,344,892,2384,543.243995,4345.95196
450,line_89_c6,345,893,2386,543.820811,4350.56649
450,line_89_c6,346,894,2388,544.393522,4355.14818
450,line_89_c6,347,895,2390,544.969503,4359.75603
450,line_89_c6,348,896,2392,545.453374,4363.62699
450,line_89_c6,349,897,2394,546.037691,4368.30153
450,line_89_c6,350,898,2396,546.572325,4372.5786
450,line_89_c6,351,899,2398,547.124385,4376.99508
450,line_89_c6,352,900,2400,547.576204,4380.60964
450,line_89_c6,353,901,2402,548.045614,4384.36491
450,line_89_c6,354,902,2404,548.607596,4388.86076
450,line_89_c6,355,903,2406,549.05692,4392.45536
450,line_89_c6,356,904,2408,549.57804,4396.62432
450,line_89_c6,357,905,2410,550.048746,4400.38997
450,line_89_c6,358,906,2412,550.555354,4404.44283
450,line_89_c6,359,907,2414,551.012006,4408.09605
450,line_89_c6,360,908,2416,551.443881,4411.55105
450,line_89_c6,361,909,2418,551.843957,4414.75165
450,line_89_c6,362,910,2420,552.266058,4418.12847
450,line_89_c6,363,911,2422,552.715489,4421.72391
450,line_89_c6,364,912,2424,553.1175,4424.94
450,line_89_c6,365,913,2426,553.502049,4428.01639
450,line_89_c6,366,914,2428,553.907821,4431.26257
450,line_89_c6,367,915,2430,554.277517,4434.22014
450,line_89_c6,368,916,2432,554.650967,4437.20774
450,line_89_c6,369,917,2434,555.02068,4440.16544
450,line_89_c6,370,918,2436,555.380178,4443.04142
450,line_89_c6,371,919,2438,555.769731,4446.15785
450,line_89_c6,372,920,2440,556.077768,4448.62215
450,line_89_c6,373,921,2442,556.398837,4451.1907
450,line_89_c6,374,922,2444,556.705088,4453.6407
450,line_89_c6,375,923,2446,557.046555,4456.37244
450,line_89_c6,376,924,2448,557.340416,4458.72333
450,line_89_c6,377,925,2450,557.658592,4461.26874
450,line_89_c6,378,926,2452,557.939891,4463.51913
450,line_89_c6,379,927,2454,558.228305,4465.82644
450,line_89_c6,380,928,2456,558.561695,4468.49356
450,line_89_c6,381,929,2458,558.80996,4470.47968
450,line_89_c6,382,930,2460,559.087618,4472.70094
450,line_89_c6,383,931,2462,559.322854,4474.58283
450,line_89_c6,384,932,2464,559.597752,4476.78202
450,line_89_c6,385,933,2466,559.762213,4478.0977
450,line_89_c6,386,934,2468,560.024385,4480.19508
450,line_89_c6,387,935,2470,560.247339,4481.97871
450,line_89_c6,388,936,2472,560.416741,4483.33393
450,line_89_c6,389,937,2474,560.618281,4484.94625
450,line_89_c6,390,938,2476,560.8679,4486.9432
450,line_89_c6,391,939,2478,561.028556,4488.22845
450,line_89_c6,392,940,2480,561.228852,4489.83082
450,line_89_c6,393,941,2482,561.391565,4491.13252
450,line_89_c6,394,942,2484,561.542994,4492.34396
450,line_89_c6,395,943,2486,561.686299,4493.49039
450,line_89_c6,396,944,2488,561.874319,4494.99455
450,line_89_c6,397,945,2490,562.00603,4496.04824
450,line_89_c6,398,946,2492,562.154076,4497.23261
450,line_89_c6,399,947,2494,562.323077,4498.58462
450,line_89_c6,400,948,2496,562.451914,4499.61531
450,line_89_c6,401,949,2498,562.592292,4500.73834
450,line_89_c6,402,950,2500,562.681462,4501.45169
450,line_89_c6,403,951,2502,562.844207,4502.75365
450,line_89_c6,404,952,2504,562.918796,4503.35037
450,line_89_c6,405,953,2506,563.061486,4504.49189
450,line_89_c6,406,954,2508,563.132081,4505.05665
450,line_89_c6,407,955,2510,563.231617,4505.85294
450,line_89_c6,408,956,2512,563.363571,4506.90857
450,line_89_c6,409,957,2514,563.415905,4507.32724
450,line_89_c6,410,958,2516,563.534892,4508.27913
450,line_89_c6,411,959,2518,563.579894,4508.63915
450,line_89_c6,412,960,2520,563.692084,4509.53667
450,line_89_c6,413,961,2522,563.764478,4510.11582
450,line_89_c6,414,962,2524,563.874643,4510.99714
450,line_89_c6,415,963,2526,563.910581,4511.28465
450,line_89_c6,416,964,2528,563.995213,4511.96171
450,line_89_c6,417,965,2530,564.050111,4512.40088
450,line_89_c6,418,966,2532,564.103772,4512.83017
450,line_89_c6,419,967,2534,564.155537,4513.2443
450,line_89_c6,420,968,2536,564.196488,4513.5719
450,line_89_c6,421,969,2538,564.274734,4514.19787
450,line_89_c6,422,970,2540,564.278447,4514.22757
450,line_89_c6,423,971,2542,564.348108,4514.78487
450,line_89_c6,424,972,2544,564.345336,4514.76268
450,line_89_c6,425,973,2546,564.3778,4515.0224
450,line_89_c6,426,974,2548,564.292805,4514.34244
450,line_89_c6,427,975,2550,564.194248,4513.55398
450,line_89_c6,428,976,2552,564.076744,4512.61396
450,line_89_c6,429,977,2554,563.943964,4511.55171
450,line_89_c6,430,978,2556,563.842742,4510.74194
450,line_89_c6,431,979,2558,563.629217,4509.03374
450,line_89_c6,432,980,2560,563.443772,4507.55017
450,line_89_c6,433,981,2562,563.237765,4505.90212
450,line_89_c6,434,982,2564,563.055948,4504.44758
450,line_89_c24,45,1173,2946,165.357224,1322.85779
450,line_89_c24,46,1174,2948,165.139026,1321.11221
450,line_89_c24,47,1175,2950,164.660771,1317.28617
450,line_89_c24,48,1176,2952,164.04653,1312.37224
450,line_89_c24,49,1177,2954,163.623202,1308.98561
450,line_89_c24,50,1178,2956,162.921067,1303.36853
450,line_89_c24,51,1179,2958,162.557492,1300.45994
450,line_89_c24,52,1180,2960,162.212027,1297.69621
450,line_89_c24,53,1181,2962,162.36033,1298.88264
450,line_89_c24,54,1182,2964,162.515917,1300.12733
450,line_89_c24,55,1183,2966,162.492693,1299.94154
450,line_89_c24,56,1184,2968,162.487865,1299.90292
450,line_89_c24,57,1185,2970,162.304494,1298.43595
450,line_89_c24,58,1186,2972,162.44534,1299.56272
450,line_89_c24,59,1187,2974,162.579484,1300.63587
450,line_89_c24,60,1188,2976,162.554755,1300.43804
450,line_89_c24,61,1189,2978,162.521512,1300.1721
450,line_89_c24,62,1190,2980,162.341486,1298.73188
450,line_89_c24,63,1191,2982,162.312424,1298.49939
450,line_89_c24,64,1192,2984,162.435635,1299.48508
450,line_89_c24,65,1193,2986,162.107328,1296.85862
450,line_89_c24,66,1194,2988,162.066768,1296.53414
450,line_89_c24,67,1195,2990,162.043607,1296.34886
450,line_89_c24,68,1196,2992,162.014241,1296.11393
450,line_89_c24,69,1197,2994,162.123664,1296.98931
450,line_89_c24,70,1198,2996,162.095139,1296.76111
450,line_89_c24,71,1199,2998,161.911659,1295.29327
450,line_89_c24,72,1200,3000,161.899725,1295.1978
450,line_89_c24,73,1201,3002,162.014273,1296.11418
450,line_89_c24,74,1202,3004,161.812496,1294.49997
450,line_89_c24,75,1203,3006,161.790472,1294.32377
450,line_89_c24,76,1204,3008,161.911986,1295.29589
450,line_89_c24,77,1205,3010,161.721588,1293.77271
450,line_89_c24,78,1206,3012,162.00866,1296.06928
450,line_89_c24,79,1207,3014,161.830507,1294.64405
450,line_89_c24,80,1208,3016,162.083115,1296.66492
450,line_89_c24,81,1209,3018,161.776052,1294.20841
450,line_89_c24,82,1210,3020,161.904467,1295.23574
450,line_89_c24,83,1211,3022,161.86899,1294.95192
450,line_89_c24,84,1212,3024,161.862425,1294.8994
450,line_89_c24,85,1213,3026,161.975891,1295.80713
450,line_89_c24,86,1214,3028,161.828304,1294.62643
450,line_89_c24,87,1215,3030,161.685067,1293.48054
450,line_89_c24,88,1216,3032,161.686879,1293.49503
450,line_89_c24,89,1217,3034,161.824604,1294.59683
450,line_89_c24,90,1218,3036,161.823661,1294.58929
450,line_89_c24,91,1219,3038,161.839477,1294.71582
450,line_89_c24,92,1220,3040,161.847865,1294.78292
450,line_89_c24,93,1221,3042,161.997041,1295.97633
450,line_89_c24,94,1222,3044,161.873549,1294.98839
450,line_89_c24,95,1223,3046,161.87981,1295.03848
450,line_89_c24,96,1224,3048,161.78452,1294.27616
450,line_89_c24,97,1225,3050,161.966552,1295.73242
450,line_89_c24,98,1226,3052,162.045698,1296.36558
450,line_89_c24,99,1227,3054,162.004638,1296.0371
450,line_89_c24,100,1228,3056,162.159164,1297.27331
450,line_89_c24,101,1229,3058,162.26284,1298.10272
450,line_89_c24,102,1230,3060,162.368272,1298.94618
450,line_89_c24,103,1231,3062,162.540642,1300.32513
450,line_89_c24,104,1232,3064,162.419207,1299.35366
450,line_89_c24,105,1233,3066,162.67037,1301.36296
450,line_89_c24,106,1234,3068,162.747894,1301.98315
450,line_89_c24,107,1235,3070,162.890617,1303.12493
450,line_89_c24,108,1236,3072,163.091029,1304.72824
450,line_89_c24,109,1237,3074,163.246572,1305.97258
450,line_89_c24,110,1238,3076,163.385391,1307.08313
450,line_89_c24,111,1239,3078,163.580171,1308.64137
450,line_89_c24,112,1240,3080,163.556255,1308.45004
450,line_89_c24,113,1241,3082,163.885937,1311.0875
450,line_89_c24,114,1242,3084,164.290027,1314.32022
450,line_89_c24,115,1243,3086,164.3935,1315.148
450,line_89_c24,116,1244,3088,164.831121,1318.64897
450,line_89_c24,117,1245,3090,165.19952,1321.59616
450,line_89_c24,118,1246,3092,165.37099,1322.96792
450,line_89_c24,119,1247,3094,165.676308,1325.41047
450,line_89_c24,120,1248,3096,166.132096,1329.05677
450,line_89_c24,121,1249,3098,166.505112,1332.04089
450,line_89_c24,122,1250,3100,166.682422,1333.45938
450,line_89_c24,123,1251,3102,167.058836,1336.47069
450,line_89_c24,124,1252,3104,167.599351,1340.79481
450,line_89_c24,125,1253,3106,168.070654,1344.56523
450,line_89_c24,126,1254,3108,168.317077,1346.53661
450,line_89_c24,127,1255,3110,168.943254,1351.54603
450,line_89_c24,128,1256,3112,169.40447,1355.23576
450,line_89_c24,129,1257,3114,170.020618,1360.16495
450,line_89_c24,130,1258,3116,170.579761,1364.63809
450,line_89_c24,131,1259,3118,171.117368,1368.93894
450,line_89_c24,132,1260,3120,171.821052,1374.56841
450,line_89_c24,133,1261,3122,172.365224,1378.92179
450,line_89_c24,134,1262,3124,173.06415,1384.5132
450,line_89_c24,135,1263,3126,173.753378,1390.02702
450,line_89_c24,136,1264,3128,174.445802,1395.56642
450,line_89_c24,137,1265,3130,175.264646,1402.11717
450,line_89_c24,138,1266,3132,175.837835,1406.70268
450,line_89_c24,139,1267,3134,176.579683,1412.63746
450,line_89_c24,140,1268,3136,177.472742,1419.78194
450,line_89_c24,141,1269,3138,178.419081,1427.35265
450,line_89_c24,142,1270,3140,179.120565,1432.96452
450,line_89_c24,143,1271,3142,179.9969,1439.9752
450,line_89_c24,144,1272,3144,180.890263,1447.1221
450,line_89_c24,145,1273,3146,181.948758,1455.59006
450,line_89_c24,146,1274,3148,182.928125,1463.425
450,line_89_c24,147,1275,3150,183.927056,1471.41645
450,line_89_c24,148,1276,3152,185.019605,1480.15684
450,line_89_c24,149,1277,3154,186.066302,1488.53042
450,line_89_c24,150,1278,3156,187.035897,1496.28718
450,line_89_c24,151,1279,3158,188.049063,1504.39251
450,line_89_c24,152,1280,3160,189.141414,1513.13131
450,line_89_c24,153,1281,3162,190.362672,1522.90138
450,line_89_c24,154,1282,3164,191.489497,1531.91597
450,line_89_c24,155,1283,3166,192.745668,1541.96535
450,line_89_c24,156,1284,3168,193.949617,1551.59693
450,line_89_c24,157,1285,3170,195.318424,1562.54739
450,line_89_c24,158,1286,3172,196.791517,1574.33213
450,line_89_c24,159,1287,3174,198.134208,1585.07367
450,line_89_c24,160,1288,3176,199.400442,1595.20353
450,line_89_c24,161,1289,3178,200.845404,1606.76323
450,line_89_c24,162,1290,3180,202.219388,1617.7551
450,line_89_c24,163,1291,3182,203.521186,1628.16949
450,line_89_c24,164,1292,3184,205.202546,1641.62037
450,line_89_c24,165,1293,3186,206.532762,1652.26209
450,line_89_c24,166,1294,3188,208.106342,1664.85074
450,line_89_c24,167,1295,3190,209.703908,1677.63127
450,line_89_c24,168,1296,3192,211.389787,1691.1183
450,line_89_c24,169,1297,3194,212.769107,1702.15285
450,line_89_c24,170,1298,3196,214.458744,1715.66995
450,line_89_c24,171,1299,3198,216.096992,1728.77594
450,line_89_c24,172,1300,3200,217.838979,1742.71183
450,line_89_c24,173,1301,3202,219.301566,1754.41253
450,line_89_c24,174,1302,3204,220.996186,1767.96949
450,line_89_c24,175,1303,3206,222.8146,1782.5168
450,line_89_c24,176,1304,3208,224.485009,1795.88008
450,line_89_c24,177,1305,3210,226.428952,1811.43162
450,line_89_c24,178,1306,3212,228.228125,1825.825
450,line_89_c24,179,1307,3214,230.03429,1840.27432
450,line_89_c24,180,1308,3216,231.95858,1855.66864
450,line_89_c24,181,1309,3218,233.812739,1870.50191
450,line_89_c24,182,1310,3220,235.597909,1884.78327
450,line_89_c24,183,1311,3222,237.387471,1899.09977
450,line_89_c24,184,1312,3224,239.218611,1913.74889
450,line_89_c24,185,1313,3226,241.444251,1931.55401
450,line_89_c24,186,1314,3228,243.464443,1947.71555
450,line_89_c24,187,1315,3230,245.333477,1962.66781
450,line_89_c24,188,1316,3232,247.344663,1978.7573
450,line_89_c24,189,1317,3234,249.163754,1993.31003
450,line_89_c24,190,1318,3236,251.196053,2009.56843
450,line_89_c24,191,1319,3238,253.202238,2025.6179
450,line_89_c24,192,1320,3240,255.386449,2043.09159
450,line_89_c24,193,1321,3242,257.491278,2059.93022
450,line_89_c24,194,1322,3244,259.542043,2076.33635
450,line_89_c24,195,1323,3246,261.721893,2093.77515
450,line_89_c24,196,1324,3248,263.888542,2111.10834
450,line_89_c24,197,1325,3250,266.053905,2128.43124
450,line_89_c24,198,1326,3252,267.855867,2142.84694
450,line_89_c24,199,1327,3254,270.23399,2161.87192
450,line_89_c24,200,1328,3256,272.235366,2177.88293
450,line_89_c24,201,1329,3258,274.388671,2195.10937
450,line_89_c24,202,1330,3260,276.402609,2211.22087
450,line_89_c24,203,1331,3262,278.845639,2230.76511
450,line_89_c24,204,1332,3264,281.243537,2249.9483
450,line_89_c24,205,1333,3266,283.228507,2265.82806
450,line_89_c24,206,1334,3268,285.268362,2282.1469
450,line_89_c24,207,1335,3270,287.623304,2300.98643
450,line_89_c24,208,1336,3272,289.880948,2319.04759
450,line_89_c24,209,1337,3274,292.159196,2337.27357
450,line_89_c24,210,1338,3276,294.454903,2355.63922
450,line_89_c24,211,1339,3278,296.505553,2372.04442
450,line_89_c24,212,1340,3280,298.910164,2391.28132
450,line_89_c24,213,1341,3282,301.108312,2408.86649
450,line_89_c24,214,1342,3284,303.32442,2426.59536
450,line_89_c24,215,1343,3286,305.634838,2445.0787
450,line_89_c24,216,1344,3288,307.842998,2462.74398
450,line_89_c24,217,1345,3290,310.149206,2481.19365
450,line_89_c24,218,1346,3292,312.496547,2499.97238
450,line_89_c24,219,1347,3294,314.777171,2518.21737
450,line_89_c24,220,1348,3296,317.15859,2537.26872
450,line_89_c24,221,1349,3298,319.558959,2556.47167
450,line_89_c24,222,1350,3300,321.671243,2573.36995
450,line_89_c24,223,1351,3302,324.132069,2593.05655
450,line_89_c24,224,1352,3304,326.50908,2612.07264
450,line_89_c24,225,1353,3306,328.733485,2629.86788
450,line_89_c24,226,1354,3308,330.997497,2647.97998
450,line_89_c24,227,1355,3310,333.367389,2666.93911
450,line_89_c24,228,1356,3312,335.783978,2686.27183
450,line_89_c24,229,1357,3314,337.856417,2702.85134
450,line_89_c24,230,1358,3316,340.371163,2722.9693
450,line_89_c24,231,1359,3318,342.637318,2741.09855
450,line_89_c24,232,1360,3320,345.014796,2760.11837
450,line_89_c24,233,1361,3322,347.318129,2778.54503
450,line_89_c24,234,1362,3324,349.608231,2796.86585
450,line_89_c24,235,1363,3326,351.806473,2814.45179
450,line_89_c24,236,1364,3328,354.09158,2832.73264
450,line_89_c24,237,1365,3330,356.393429,2851.14743
450,line_89_c24,238,1366,3332,358.595998,2868.76799
450,line_89_c24,239,1367,3334,361.07835,2888.6268
450,line_89_c24,240,1368,3336,363.153263,2905.2261
450,line_89_c24,241,1369,3338,365.320283,2922.56227
450,line_89_c24,242,1370,3340,367.628418,2941.02734
450,line_89_c24,243,1371,3342,370.087233,2960.69786
450,line_89_c24,244,1372,3344,372.320846,2978.56676
450,line_89_c24,245,1373,3346,374.370416,2994.96333
450,line_89_c24,246,1374,3348,376.804223,3014.43378
450,line_89_c24,247,1375,3350,378.887831,3031.10265
450,line_89_c24,248,1376,3352,381.186653,3049.49323
450,line_89_c24,249,1377,3354,383.498075,3067.9846
450,line_89_c24,250,1378,3356,385.557081,3084.45665
450,line_89_c24,251,1379,3358,387.772035,3102.17628
450,line_89_c24,252,1380,3360,390.033158,3120.26526
450,line_89_c24,253,1381,3362,392.148509,3137.18807
450,line_89_c24,254,1382,3364,394.302472,3154.41978
450,line_89_c24,255,1383,3366,396.576134,3172.60907
450,line_89_c24,256,1384,3368,398.594412,3188.7553
450,line_89_c24,257,1385,3370,400.752598,3206.02078
450,line_89_c24,258,1386,3372,402.835961,3222.68769
450,line_89_c24,259,1387,3374,404.774229,3238.19383
450,line_89_c24,260,1388,3376,407.076444,3256.61155
450,line_89_c24,261,1389,3378,409.108953,3272.87162
450,line_89_c24,262,1390,3380,411.094336,3288.75469
450,line_89_c24,263,1391,3382,413.169274,3305.3542
450,line_89_c24,264,1392,3384,415.239019,3321.91215
450,line_89_c24,265,1393,3386,417.463966,3339.71173
450,line_89_c24,266,1394,3388,419.214156,3353.71325
450,line_89_c24,267,1395,3390,421.489908,3371.91927
450,line_89_c24,268,1396,3392,423.173747,3385.38997
450,line_89_c24,269,1397,3394,425.116113,3400.92891
450,line_89_c24,270,1398,3396,426.968038,3415.7443
450,line_89_c24,271,1399,3398,428.980617,3431.84494
450,line_89_c24,272,1400,3400,431.129029,3449.03223
450,line_89_c24,273,1401,3402,432.812604,3462.50083
450,line_89_c24,274,1402,3404,434.649472,3477.19578
450,line_89_c24,275,1403,3406,436.322575,3490.5806
450,line_89_c24,276,1404,3408,438.411591,3507.29273
450,line_89_c24,277,1405,3410,440.265123,3522.12098
450,line_89_c24,278,1406,3412,441.887306,3535.09845
450,line_89_c24,279,1407,3414,443.782868,3550.26295
450,line_89_c24,280,1408,3416,445.333797,3562.67038
450,line_89_c24,281,1409,3418,447.173682,3577.38946
450,line_89_c24,282,1410,3420,449.090928,3592.72742
450,line_89_c24,283,1411,3422,451.035462,3608.2837
450,line_89_c24,284,1412,3424,452.709426,3621.67541
450,line_89_c24,285,1413,3426,454.311585,3634.49268
450,line_89_c24,286,1414,3428,456.186839,3649.49472
450,line_89_c24,287,1415,3430,457.730897,3661.84718
450,line_89_c24,288,1416,3432,459.438327,3675.50662
450,line_89_c24,289,1417,3434,461.180675,3689.4454
450,line_89_c24,290,1418,3436,462.940692,3703.52554
450,line_89_c24,291,1419,3438,464.426773,3715.41418
450,line_89_c24,292,1420,3440,466.152945,3729.22356
450,line_89_c24,293,1421,3442,467.505741,3740.04593
450,line_89_c24,294,1422,3444,469.395849,3755.16679
450,line_89_c24,295,1423,3446,470.969656,3767.75725
450,line_89_c24,296,1424,3448,472.334641,3778.67713
450,line_89_c24,297,1425,3450,473.898659,3791.18928
450,line_89_c24,298,1426,3452,475.568499,3804.54799
450,line_89_c24,299,1427,3454,476.915104,3815.32083
450,line_89_c24,300,1428,3456,478.423418,3827.38734
450,line_89_c24,301,1429,3458,480.089678,3840.71742
450,line_89_c24,302,1430,3460,481.399841,3851.19873
450,line_89_c24,303,1431,3462,482.870319,3862.96255
450,line_89_c24,304,1432,3464,484.497783,3875.98226
450,line_89_c24,305,1433,3466,485.979809,3887.83847
450,line_89_c24,306,1434,3468,487.372592,3898.98074
450,line_89_c24,307,1435,3470,488.849114,3910.79291
450,line_89_c24,308,1436,3472,490.041915,3920.33532
450,line_89_c24,309,1437,3474,491.639278,3933.11423
450,line_89_c24,310,1438,3476,493.129355,3945.03484
450,line_89_c24,311,1439,3478,494.395224,3955.1618
450,line_89_c24,312,1440,3480,496.203306,3969.62644
450,line_89_c24,313,1441,3482,497.508009,3980.06407
450,line_89_c24,314,1442,3484,498.909468,3991.27574
450,line_89_c24,315,1443,3486,500.373058,4002.98446
450,line_89_c24,316,1444,3488,501.359105,4010.87284
450,line_89_c24,317,1445,3490,502.803446,4022.42756
450,line_89_c24,318,1446,3492,504.467244,4035.73795
450,line_89_c24,319,1447,3494,505.735504,4045.88403
450,line_89_c24,320,1448,3496,507.051468,4056.41174
450,line_89_c24,321,1449,3498,508.376129,4067.00904
450,line_89_c24,322,1450,3500,509.848608,4078.78887
450,line_89_c24,323,1451,3502,510.942141,4087.53713
450,line_89_c24,324,1452,3504,512.58223,4100.65784
450,line_89_c24,325,1453,3506,513.615087,4108.9207
450,line_89_c24,326,1454,3508,515.3881,4123.1048
450,line_89_c24,327,1455,3510,516.57884,4132.63072
450,line_89_c24,328,1456,3512,517.961324,4143.69059
450,line_89_c24,329,1457,3514,519.310525,4154.4842
450,line_89_c24,330,1458,3516,520.798606,4166.38885
450,line_89_c24,331,1459,3518,522.135205,4177.08164
450,line_89_c24,332,1460,3520,523.59827,4188.78616
450,line_89_c24,333,1461,3522,525.117183,4200.93746
450,line_89_c24,334,1462,3524,526.487936,4211.90349
450,line_89_c24,335,1463,3526,527.846727,4222.77381
450,line_89_c24,336,1464,3528,529.046866,4232.37493
450,line_89_c24,337,1465,3530,530.630106,4245.04085
450,line_89_c24,338,1466,3532,531.9543,4255.6344
450,line_89_c24,339,1467,3534,533.121791,4264.97433
450,line_89_c24,340,1468,3536,534.445608,4275.56486
450,line_89_c24,341,1469,3538,535.821056,4286.56845
450,line_89_c24,342,1470,3540,537.493884,4299.95107
450,line_89_c24,343,1471,3542,538.902726,4311.22181
450,line_89_c24,344,1472,3544,540.259821,4322.07856
450,line_89_c24,345,1473,3546,541.589938,4332.7195
450,line_89_c24,346,1474,3548,543.121742,4344.97394
450,line_89_c24,347,1475,3550,544.750676,4358.00541
450,line_89_c24,348,1476,3552,546.111733,4368.89387
450,line_89_c24,349,1477,3554,547.688488,4381.5079
450,line_89_c24,350,1478,3556,549.311623,4394.49298
450,line_89_c24,351,1479,3558,550.37427,4402.99416
450,line_89_c24,352,1480,3560,551.823586,4414.58869
450,line_89_c24,353,1481,3562,553.890482,4431.12385
450,line_89_c24,354,1482,3564,555.296289,4442.37031
450,line_89_c24,355,1483,3566,556.554276,4452.4342
450,line_89_c24,356,1484,3568,558.180086,4465.44069
450,line_89_c24,357,1485,3570,559.38138,4475.05104
450,line_89_c24,358,1486,3572,560.623936,4484.99148
450,line_89_c24,359,1487,3574,562.211521,4497.69217
450,line_89_c24,360,1488,3576,564.012581,4512.10065
450,line_89_c24,361,1489,3578,565.754289,4526.03431
450,line_89_c24,362,1490,3580,567.121808,4536.97446
450,line_89_c24,363,1491,3582,568.254659,4546.03727
450,line_89_c24,364,1492,3584,569.578197,4556.62557
450,line_89_c24,365,1493,3586,571.487747,4571.90197
450,line_89_c24,366,1494,3588,572.773186,4582.18549
450,line_89_c24,367,1495,3590,574.402311,4595.21849
450,line_89_c24,368,1496,3592,575.722056,4605.77644
450,line_89_c24,369,1497,3594,577.569897,4620.55918
450,line_89_c24,370,1498,3596,578.950122,4631.60097
450,line_89_c24,371,1499,3598,580.239961,4641.91968
450,line_89_c24,372,1500,3600,581.90623,4655.24984
450,line_89_c24,373,1501,3602,583.552541,4668.42032
450,line_89_c24,374,1502,3604,585.01634,4680.13072
450,line_89_c24,375,1503,3606,586.418991,4691.35193
450,line_89_c24,376,1504,3608,587.940812,4703.52649
450,line_89_c24,377,1505,3610,589.489155,4715.91324
450,line_89_c24,378,1506,3612,590.95319,4727.62552
450,line_89_c24,379,1507,3614,592.362941,4738.90353
450,line_89_c24,380,1508,3616,593.797722,4750.38178
450,line_89_c24,381,1509,3618,595.317174,4762.53739
450,line_89_c24,382,1510,3620,596.587723,4772.70178
450,line_89_c24,383,1511,3622,598.243184,4785.94547
450,line_89_c24,384,1512,3624,599.898932,4799.19145
450,line_89_c24,385,1513,3626,601.056331,4808.45065
450,line_89_c24,386,1514,3628,602.556994,4820.45595
450,line_89_c24,387,1515,3630,603.769749,4830.15799
450,line_89_c24,388,1516,3632,605.364053,4842.91242
450,line_89_c24,389,1517,3634,606.77778,4854.22224
450,line_89_c24,390,1518,3636,608.232246,4865.85797
450,line_89_c24,391,1519,3638,609.527803,4876.22243
450,line_89_c24,392,1520,3640,611.013938,4888.1115
450,line_89_c24,393,1521,3642,612.227782,4897.82225
450,line_89_c24,394,1522,3644,613.805642,4910.44513
450,line_89_c24,395,1523,3646,615.14121,4921.12968
450,line_89_c24,396,1524,3648,616.421288,4931.3703
450,line_89_c24,397,1525,3650,617.771119,4942.16895
450,line_89_c24,398,1526,3652,619.150364,4953.20291
450,line_89_c24,399,1527,3654,620.413452,4963.30762
450,line_89_c24,400,1528,3656,621.952839,4975.62271
450,line_89_c24,401,1529,3658,623.168413,4985.34731
450,line_89_c24,402,1530,3660,624.245619,4993.96495
450,line_89_c24,403,1531,3662,625.583556,5004.66845
450,line_89_c24,404,1532,3664,626.742543,5013.94034
450,line_89_c24,405,1533,3666,628.140359,5025.12287
450,line_89_c24,406,1534,3668,629.190888,5033.5271
450,line_89_c24,407,1535,3670,630.333114,5042.66491
450,line_89_c24,408,1536,3672,631.625597,5053.00477
450,line_89_c24,409,1537,3674,633.036215,5064.28972
450,line_89_c24,410,1538,3676,634.178043,5073.42434
450,line_89_c24,411,1539,3678,635.316435,5082.53148
450,line_89_c24,412,1540,3680,636.267659,5090.14127
450,line_89_c24,413,1541,3682,637.597858,5100.78286
450,line_89_c24,414,1542,3684,638.735057,5109.88045
450,line_89_c24,415,1543,3686,639.763297,5118.10638
450,line_89_c24,416,1544,3688,640.8867,5127.0936
450,line_89_c24,417,1545,3690,642.015941,5136.12753
450,line_89_c24,418,1546,3692,643.120159,5144.96127
450,line_89_c24,419,1547,3694,644.098239,5152.78591
450,line_89_c24,420,1548,3696,645.158234,5161.26587
450,line_89_c24,421,1549,3698,646.102406,5168.81925
450,line_89_c24,422,1550,3700,647.197334,5177.57867
450,line_89_c24,423,1551,3702,648.108668,5184.86935
450,line_89_c24,424,1552,3704,649.167982,5193.34385
450,line_89_c24,425,1553,3706,650.082102,5200.65681
450,line_89_c24,426,1554,3708,651.103932,5208.83145
450,line_89_c24,427,1555,3710,652.026347,5216.21078
450,line_89_c24,428,1556,3712,652.955039,5223.64031
450,line_89_c24,429,1557,3714,653.888928,5231.11142
450,line_89_c24,430,1558,3716,654.726629,5237.81303
450,line_89_c24,431,1559,3718,655.715972,5245.72777
450,line_89_c24,432,1560,3720,656.569259,5252.55407
450,line_89_c24,433,1561,3722,657.361426,5258.89141
450,line_89_c24,434,1562,3724,658.255147,5266.04117
450,line_89_c24,435,1563,3726,659.057132,5272.45705
450,line_89_c24,436,1564,3728,659.826805,5278.61444
450,line_89_c24,437,1565,3730,660.548908,5284.39126
450,line_89_c24,438,1566,3732,661.444867,5291.55893
450,line_89_c24,439,1567,3734,662.152161,5297.21729
450,line_89_c24,440,1568,3736,663.075714,5304.60571
450,line_89_c24,441,1569,3738,663.685647,5309.48517
450,line_89_c24,442,1570,3740,664.52034,5316.16272
450,line_89_c24,443,1571,3742,665.174141,5321.39313
450,line_89_c24,444,1572,3744,665.779479,5326.23583
450,line_89_c24,445,1573,3746,666.559564,5332.47651
450,line_89_c24,446,1574,3748,667.112274,5336.8982
450,line_89_c24,447,1575,3750,667.809668,5342.47735
450,line_89_c24,448,1576,3752,668.698291,5349.58633
450,line_89_c24,449,1577,3754,669.209821,5353.67857
450,line_89_c24,450,1578,3756,669.691352,5357.53082
450,line_89_c24,451,1579,3758,670.310059,5362.48047
450,line_89_c24,452,1580,3760,670.767886,5366.14309
450,line_89_c24,453,1581,3762,671.358879,5370.87103
450,line_89_c24,454,1582,3764,672.000404,5376.00323
450,line_89_c24,455,1583,3766,672.496995,5379.97596
450,line_89_c24,456,1584,3768,673.193533,5385.54827
450,line_89_c24,457,1585,3770,673.578433,5388.62746
450,line_89_c24,458,1586,3772,674.081206,5392.64965
450,line_89_c24,459,1587,3774,674.552116,5396.41693
450,line_89_c24,460,1588,3776,674.966107,5399.72886
450,line_89_c24,461,1589,3778,675.480942,5403.84754
450,line_89_c24,462,1590,3780,676.031112,5408.24889
450,line_89_c24,463,1591,3782,676.296291,5410.37033
450,line_89_c24,464,1592,3784,676.978978,5415.83182
450,line_89_c24,465,1593,3786,677.329574,5418.63659
450,line_89_c24,466,1594,3788,677.60788,5420.86304
450,line_89_c24,467,1595,3790,677.985255,5423.88204
450,line_89_c24,468,1596,3792,678.28221,5426.25768
450,line_89_c24,469,1597,3794,678.691644,5429.53315
450,line_89_c24,470,1598,3796,678.954751,5431.63801
450,line_89_c24,471,1599,3798,679.340818,5434.72654
450,line_89_c24,472,1600,3800,679.770474,5438.16379
450,line_89_c24,473,1601,3802,680.084309,5440.67447
450,line_89_c24,474,1602,3804,680.459981,5443.67985
450,line_89_c24,475,1603,3806,680.728779,5445.83023
450,line_89_c24,476,1604,3808,680.852299,5446.81839
450,line_89_c24,477,1605,3810,681.128196,5449.02557
450,line_89_c24,478,1606,3812,681.368681,5450.94945
450,line_89_c24,479,1607,3814,681.740928,5453.92742
450,line_89_c24,480,1608,3816,681.830727,5454.64582
450,line_89_c24,481,1609,3818,682.028118,5456.22494
450,line_89_c24,482,1610,3820,682.24932,5457.99456
450,line_89_c24,483,1611,3822,682.478757,5459.83006
450,line_89_c24,484,1612,3824,682.621704,5460.97364
450,line_89_c24,485,1613,3826,682.746634,5461.97307
450,line_89_c24,486,1614,3828,682.982265,5463.85812
450,line_89_c24,487,1615,3830,683.086137,5464.6891
450,line_89_c24,488,1616,3832,683.200234,5465.60187
450,line_89_c24,489,1617,3834,683.364531,5466.91624
450,line_89_c24,490,1618,3836,683.531612,5468.2529
450,line_89_c24,491,1619,3838,683.615954,5468.92763
450,line_89_c24,492,1620,3840,683.714459,5469.71567
450,line_89_c24,493,1621,3842,683.830957,5470.64766
450,line_89_c24,494,1622,3844,683.945059,5471.56047
450,line_89_c24,495,1623,3846,684.022467,5472.17973
450,line_89_c24,496,1624,3848,684.089578,5472.71662
450,line_89_c24,497,1625,3850,684.216684,5473.73347
450,line_89_c24,498,1626,3852,684.307473,5474.45978
450,line_89_c24,499,1627,3854,684.360335,5474.88268
450,line_89_c24,500,1628,3856,684.431407,5475.45126
450,line_89_c24,501,1629,3858,684.537329,5476.29864
450,line_89_c24,502,1630,3860,684.721041,5477.76833
450,line_89_c24,503,1631,3862,684.655931,5477.24745
450,line_89_c24,504,1632,3864,684.829054,5478.63243
450,line_89_c24,505,1633,3866,684.857749,5478.86199
450,line_89_c24,506,1634,3868,684.944433,5479.55546
450,line_89_c24,507,1635,3870,684.845499,5478.76399
450,line_89_c24,508,1636,3872,685.031827,5480.25461
450,line_89_c24,509,1637,3874,684.947523,5479.58019
450,line_89_c24,510,1638,3876,685.2347,5481.8776
450,line_89_c24,511,1639,3878,685.109718,5480.87774
450,line_89_c24,512,1640,3880,685.028647,5480.22918
450,line_89_c24,513,1641,3882,685.206834,5481.65467
450,line_89_c24,514,1642,3884,685.118512,5480.9481
450,line_89_c24,515,1643,3886,685.127158,5481.01727
450,line_89_c24,516,1644,3888,685.177192,5481.41753
450,line_89_c24,517,1645,3890,685.21564,5481.72512
450,line_89_c24,518,1646,3892,685.229071,5481.83257
450,line_89_c24,519,1647,3894,685.268201,5482.14561
450,line_89_c24,520,1648,3896,685.236246,5481.88996
450,line_89_c24,521,1649,3898,685.267806,5482.14245
450,line_89_c24,522,1650,3900,685.075619,5480.60495
450,line_89_c24,523,1651,3902,685.064176,5480.51341
450,line_89_c24,524,1652,3904,684.789839,5478.31871
450,line_89_c24,525,1653,3906,684.567885,5476.54308
450,line_89_c24,526,1654,3908,684.168115,5473.34492
450,line_89_c24,527,1655,3910,683.94788,5471.58304
450,line_89_c24,528,1656,3912,683.469953,5467.75962
450,line_89_c24,529,1657,3914,683.121919,5464.97535
450,line_89_c24,530,1658,3916,682.497001,5459.97601
450,line_89_c24,531,1659,3918,682.083227,5456.66582
450,line_89_c24,532,1660,3920,681.792929,5454.34344
450,line_89_c24,533,1661,3922,681.344388,5450.75511
450,line_89_c24,534,1662,3924,681.162718,5449.30175
450,line_89_c24,535,1663,3926,680.988311,5447.90649
450,line_89_c24,536,1664,3928,680.742005,5445.93604
450,line_89_c24,537,1665,3930,680.589706,5444.71765
450,line_89_c24,538,1666,3932,680.37912,5443.03296
450,line_89_c24,539,1667,3934,680.339399,5442.71519
450,line_89_c24,540,1668,3936,680.407706,5443.26165
450,line_89_c24,541,1669,3938,680.469396,5443.75517
450,line_89_c24,542,1670,3940,680.667946,5445.34357
450,line_89_c24,543,1671,3942,680.863684,5446.90947
450,line_89_c24,544,1672,3944,681.042078,5448.33663
450,line_89_c24,545,1673,3946,681.275399,5450.20319
450,line_89_c24,546,1674,3948,681.55352,5452.42816
450,line_89_c24,547,1675,3950,681.749046,5453.99237
450,line_89_c24,548,1676,3952,682.097613,5456.78091
450,line_89_c24,549,1677,3954,682.396605,5459.17284
450,line_89_c24,550,1678,3956,682.577552,5460.62042
450,line_89_c24,551,1679,3958,682.807361,5462.45889
450,line_89_c24,552,1680,3960,683.118863,5464.9509
450,line_89_c24,553,1681,3962,683.47848,5467.82784
450,line_89_c24,554,1682,3964,683.812121,5470.49697
450,line_89_c24,555,1683,3966,684.136019,5473.08816
450,line_89_c24,556,1684,3968,684.27547,5474.20376
450,line_97_c10,46,1025,2650,177.915326,1423.32261
450,line_97_c10,47,1026,2652,178.373537,1426.98829
450,line_97_c10,48,1027,2654,178.806325,1430.4506
450,line_97_c10,49,1028,2656,179.30733,1434.45864
450,line_97_c10,50,1029,2658,179.827169,1438.61735
450,line_97_c10,51,1030,2660,180.455976,1443.64781
450,line_97_c10,52,1031,2662,181.043793,1448.35034
450,line_97_c10,53,1032,2664,181.586478,1452.69183
450,line_97_c10,54,1033,2666,182.234861,1457.87889
450,line_97_c10,55,1034,2668,182.76087,1462.08696
450,line_97_c10,56,1035,2670,183.503535,1468.02828
450,line_97_c10,57,1036,2672,184.2238,1473.7904
450,line_97_c10,58,1037,2674,184.792411,1478.33928
450,line_97_c10,59,1038,2676,185.454896,1483.63916
450,line_97_c10,60,1039,2678,186.161178,1489.28943
450,line_97_c10,61,1040,2680,186.920274,1495.36219
450,line_97_c10,62,1041,2682,187.5007,1500.0056
450,line_97_c10,63,1042,2684,188.266052,1506.12841
450,line_97_c10,64,1043,2686,188.952981,1511.62385
450,line_97_c10,65,1044,2688,189.411993,1515.29595
450,line_97_c10,66,1045,2690,190.031174,1520.24939
450,line_97_c10,67,1046,2692,190.758428,1526.06743
450,line_97_c10,68,1047,2694,191.399136,1531.19309
450,line_97_c10,69,1048,2696,192.18102,1537.44816
450,line_97_c10,70,1049,2698,192.646702,1541.17362
450,line_97_c10,71,1050,2700,193.414465,1547.31572
450,line_97_c10,72,1051,2702,194.143008,1553.14406
450,line_97_c10,73,1052,2704,194.907608,1559.26086
450,line_97_c10,74,1053,2706,195.725209,1565.80167
450,line_97_c10,75,1054,2708,196.641937,1573.1355
450,line_97_c10,76,1055,2710,197.528131,1580.22505
450,line_97_c10,77,1056,2712,198.513835,1588.11068
450,line_97_c10,78,1057,2714,199.409896,1595.27917
450,line_97_c10,79,1058,2716,200.444314,1603.55452
450,line_97_c10,80,1059,2718,201.482631,1611.86104
450,line_97_c10,81,1060,2720,202.569064,1620.55251
450,line_97_c10,82,1061,2722,203.523789,1628.19031
450,line_97_c10,83,1062,2724,204.594697,1636.75757
450,line_97_c10,84,1063,2726,205.868333,1646.94667
450,line_97_c10,85,1064,2728,206.91429,1655.31432
450,line_97_c10,86,1065,2730,208.284059,1666.27247
450,line_97_c10,87,1066,2732,209.501845,1676.01476
450,line_97_c10,88,1067,2734,210.697387,1685.5791
450,line_97_c10,89,1068,2736,212.103222,1696.82578
450,line_97_c10,90,1069,2738,213.475396,1707.80317
450,line_97_c10,91,1070,2740,214.742377,1717.93902
450,line_97_c10,92,1071,2742,216.14878,1729.19024
450,line_97_c10,93,1072,2744,217.61171,1740.89368
450,line_97_c10,94,1073,2746,219.065024,1752.52019
450,line_97_c10,95,1074,2748,220.327656,1762.62125
450,line_97_c10,96,1075,2750,221.694947,1773.55957
450,line_97_c10,97,1076,2752,223.3546,1786.8368
450,line_97_c10,98,1077,2754,224.810475,1798.4838
450,line_97_c10,99,1078,2756,226.39522,1811.16176
450,line_97_c10,100,1079,2758,228.062555,1824.50044
450,line_97_c10,101,1080,2760,229.608326,1836.86661
450,line_97_c10,102,1081,2762,231.229487,1849.8359
450,line_97_c10,103,1082,2764,232.898819,1863.19055
450,line_97_c10,104,1083,2766,234.54021,1876.32168
450,line_97_c10,105,1084,2768,236.393299,1891.14639
450,line_97_c10,106,1085,2770,238.119647,1904.95718
450,line_97_c10,107,1086,2772,239.7455,1917.964
450,line_97_c10,108,1087,2774,241.693357,1933.54685
450,line_97_c10,109,1088,2776,243.147104,1945.17683
450,line_97_c10,110,1089,2778,245.062187,1960.4975
450,line_97_c10,111,1090,2780,246.843678,1974.74943
450,line_97_c10,112,1091,2782,248.699033,1989.59226
450,line_97_c10,113,1092,2784,250.498181,2003.98545
450,line_97_c10,114,1093,2786,252.502927,2020.02341
450,line_97_c10,115,1094,2788,254.377213,2035.01771
450,line_97_c10,116,1095,2790,256.256983,2050.05586
450,line_97_c10,117,1096,2792,258.309516,2066.47613
450,line_97_c10,118,1097,2794,260.200889,2081.60711
450,line_97_c10,119,1098,2796,262.291918,2098.33534
450,line_97_c10,120,1099,2798,264.080639,2112.64511
450,line_97_c10,121,1100,2800,266.164338,2129.3147
450,line_97_c10,122,1101,2802,268.220558,2145.76447
450,line_97_c10,123,1102,2804,270.127345,2161.01876
450,line_97_c10,124,1103,2806,271.939456,2175.51565
450,line_97_c10,125,1104,2808,273.903856,2191.23085
450,line_97_c10,126,1105,2810,275.993033,2207.94426
450,line_97_c10,127,1106,2812,278.117168,2224.93735
450,line_97_c10,128,1107,2814,280.134432,2241.07546
450,line_97_c10,129,1108,2816,282.111877,2256.89501
450,line_97_c10,130,1109,2818,284.218171,2273.74537
450,line_97_c10,131,1110,2820,286.255214,2290.04172
450,line_97_c10,132,1111,2822,288.231643,2305.85314
450,line_97_c10,133,1112,2824,290.308232,2322.46585
450,line_97_c10,134,1113,2826,292.331978,2338.65582
450,line_97_c10,135,1114,2828,294.649195,2357.19356
450,line_97_c10,136,1115,2830,296.707188,2373.6575
450,line_97_c10,137,1116,2832,298.764362,2390.1149
450,line_97_c10,138,1117,2834,300.726273,2405.81018
450,line_97_c10,139,1118,2836,302.604483,2420.83586
450,line_97_c10,140,1119,2838,304.671803,2437.37443
450,line_97_c10,141,1120,2840,306.78108,2454.24864
450,line_97_c10,142,1121,2842,308.761164,2470.08931
450,line_97_c10,143,1122,2844,310.811597,2486.49277
450,line_97_c10,144,1123,2846,312.826416,2502.61133
450,line_97_c10,145,1124,2848,314.850918,2518.80734
450,line_97_c10,146,1125,2850,316.975153,2535.80122
450,line_97_c10,147,1126,2852,319.035601,2552.28481
450,line_97_c10,148,1127,2854,320.976815,2567.81452
450,line_97_c10,149,1128,2856,322.971868,2583.77494
450,line_97_c10,150,1129,2858,324.926692,2599.41353
450,line_97_c10,151,1130,2860,327.015071,2616.12057
450,line_97_c10,152,1131,2862,329.006987,2632.05589
450,line_97_c10,153,1132,2864,330.640221,2645.12177
450,line_97_c10,154,1133,2866,332.597436,2660.77949
450,line_97_c10,155,1134,2868,334.576148,2676.60919
450,line_97_c10,156,1135,2870,336.307294,2690.45835
450,line_97_c10,157,1136,2872,338.4011,2707.2088
450,line_97_c10,158,1137,2874,340.26924,2722.15392
450,line_97_c10,159,1138,2876,342.180671,2737.44537
450,line_97_c10,160,1139,2878,343.794634,2750.35707
450,line_97_c10,161,1140,2880,345.637469,2765.09975
450,line_97_c10,162,1141,2882,347.575609,2780.60487
450,line_97_c10,163,1142,2884,349.348025,2794.7842
450,line_97_c10,164,1143,2886,351.003936,2808.03148
450,line_97_c10,165,1144,2888,352.855448,2822.84358
450,line_97_c10,166,1145,2890,354.618283,2836.94627
450,line_97_c10,167,1146,2892,356.371058,2850.96846
450,line_97_c10,168,1147,2894,357.925649,2863.40519
450,line_97_c10,169,1148,2896,359.599862,2876.79889
450,line_97_c10,170,1149,2898,361.2595,2890.076
450,line_97_c10,171,1150,2900,362.812415,2902.49932
450,line_97_c10,172,1151,2902,364.604101,2916.83281
450,line_97_c10,173,1152,2904,366.132453,2929.05962
450,line_97_c10,174,1153,2906,367.773709,2942.18967
450,line_97_c10,175,1154,2908,369.305944,2954.44755
450,line_97_c10,176,1155,2910,370.738563,2965.9085
450,line_97_c10,177,1156,2912,372.145439,2977.16351
450,line_97_c10,178,1157,2914,373.610807,2988.88646
450,line_97_c10,179,1158,2916,375.214344,3001.71475
450,line_97_c10,180,1159,2918,376.594867,3012.75894
450,line_97_c10,181,1160,2920,377.962528,3023.70023
450,line_97_c10,182,1161,2922,379.242466,3033.93973
450,line_97_c10,183,1162,2924,380.611303,3044.89042
450,line_97_c10,184,1163,2926,381.839039,3054.71231
450,line_97_c10,185,1164,2928,383.180593,3065.44474
450,line_97_c10,186,1165,2930,384.386523,3075.09218
450,line_97_c10,187,1166,2932,385.673661,3085.38929
450,line_97_c10,188,1167,2934,386.962791,3095.70233
450,line_97_c10,189,1168,2936,388.062238,3104.49791
450,line_97_c10,190,1169,2938,389.134065,3113.07252
450,line_97_c10,191,1170,2940,390.409104,3123.27283
450,line_97_c10,192,1171,2942,391.5371,3132.2968
450,line_97_c10,193,1172,2944,392.627983,3141.02386
450,line_97_c10,194,1173,2946,393.665049,3149.3204
450,line_97_c10,195,1174,2948,394.709326,3157.67461
450,line_97_c10,196,1175,2950,395.766969,3166.13575
450,line_97_c10,197,1176,2952,396.679157,3173.43325
450,line_97_c10,198,1177,2954,397.726946,3181.81557
450,line_97_c10,199,1178,2956,398.649629,3189.19703
450,line_97_c10,200,1179,2958,399.434059,3195.47247
450,line_97_c10,201,1180,2960,400.413549,3203.30839
450,line_97_c10,202,1181,2962,401.298606,3210.38885
450,line_97_c10,203,1182,2964,402.17947,3217.43576
450,line_97_c10,204,1183,2966,403.04879,3224.39032
450,line_97_c10,205,1184,2968,403.75492,3230.03936
450,line_97_c10,206,1185,2970,404.617015,3236.93612
450,line_97_c10,207,1186,2972,405.337516,3242.70013
450,line_97_c10,208,1187,2974,406.083974,3248.6718
450,line_97_c10,209,1188,2976,406.876548,3255.01239
450,line_97_c10,210,1189,2978,407.495716,3259.96572
450,line_97_c10,211,1190,2980,408.077605,3264.62084
450,line_97_c10,212,1191,2982,408.634638,3269.0771
450,line_97_c10,213,1192,2984,409.264917,3274.11934
450,line_97_c10,214,1193,2986,409.711911,3277.69529
450,line_97_c10,215,1194,2988,410.564786,3284.51829
450,line_97_c10,216,1195,2990,410.989214,3287.91371
450,line_97_c10,217,1196,2992,411.678326,3293.42661
450,line_97_c10,218,1197,2994,412.161816,3297.29453
450,line_97_c10,219,1198,2996,412.584022,3300.67218
450,line_97_c10,220,1199,2998,413.217693,3305.74155
450,line_97_c10,221,1200,3000,413.549818,3308.39854
450,line_97_c10,222,1201,3002,414.215905,3313.72724
450,line_97_c10,223,1202,3004,414.604944,3316.83955
450,line_97_c10,224,1203,3006,414.930061,3319.44049
450,line_97_c10,225,1204,3008,415.492073,3323.93658
450,line_97_c10,226,1205,3010,415.761254,3326.09004
450,line_97_c10,227,1206,3012,416.157924,3329.26339
450,line_97_c10,228,1207,3014,416.723558,3333.78846
450,line_97_c10,229,1208,3016,416.824051,3334.59241
450,line_97_c10,230,1209,3018,417.470914,3339.76731
450,line_97_c10,231,1210,3020,417.403594,3339.22875
450,line_97_c10,232,1211,3022,418.152281,3345.21825
450,line_97_c10,233,1212,3024,418.279668,3346.23734
450,line_97_c10,234,1213,3026,418.615169,3348.92135
450,line_97_c10,235,1214,3028,419.00055,3352.0044
450,line_97_c10,236,1215,3030,419.334727,3354.67782
450,line_97_c10,237,1216,3032,419.459209,3355.67368
450,line_97_c10,238,1217,3034,419.673447,3357.38758
450,line_97_c10,239,1218,3036,420.143738,3361.1499
450,line_97_c10,240,1219,3038,420.276474,3362.21179
450,line_97_c10,241,1220,3040,420.559618,3364.47694
450,line_97_c10,242,1221,3042,420.685742,3365.48594
450,line_97_c10,243,1222,3044,421.293663,3370.3493
450,line_97_c10,244,1223,3046,421.330558,3370.64446
450,line_97_c10,245,1224,3048,421.534557,3372.27645
450,line_97_c10,246,1225,3050,421.822239,3374.57792
450,line_97_c10,247,1226,3052,422.156986,3377.25589
450,line_97_c10,248,1227,3054,422.176486,3377.41189
450,line_97_c10,249,1228,3056,422.572471,3380.57977
450,line_97_c10,250,1229,3058,422.762241,3382.09793
450,line_97_c10,251,1230,3060,423.139559,3385.11647
450,line_97_c10,252,1231,3062,423.270757,3386.16605
450,line_97_c10,253,1232,3064,423.606095,3388.84876
450,line_97_c10,254,1233,3066,423.718295,3389.74636
450,line_97_c10,255,1234,3068,424.246892,3393.97513
450,line_97_c10,256,1235,3070,424.207791,3393.66233
450,line_97_c10,257,1236,3072,424.450917,3395.60734
450,line_97_c10,258,1237,3074,424.711582,3397.69266
450,line_97_c10,259,1238,3076,424.958029,3399.66423
450,line_97_c10,260,1239,3078,425.373712,3402.9897
450,line_97_c10,261,1240,3080,425.470292,3403.76234
450,line_97_c10,262,1241,3082,425.768862,3406.1509
450,line_97_c10,263,1242,3084,426.376421,3411.01137
450,line_97_c10,264,1243,3086,426.30638,3410.45104
450,line_97_c10,265,1244,3088,426.77686,3414.21488
450,line_97_c10,266,1245,3090,427.043489,3416.34791
450,line_97_c10,267,1246,3092,427.340164,3418.72131
450,line_97_c10,268,1247,3094,427.659732,3421.27786
450,line_97_c10,269,1248,3096,427.759452,3422.07562
450,line_97_c10,270,1249,3098,428.100326,3424.80261
450,line_97_c10,271,1250,3100,428.589079,3428.71263
450,line_97_c10,272,1251,3102,428.664033,3429.31226
450,line_97_c10,273,1252,3104,429.261362,3434.0909
450,line_97_c10,274,1253,3106,429.406303,3435.25042
450,line_97_c10,275,1254,3108,429.968007,3439.74405
450,line_97_c10,276,1255,3110,430.317632,3442.54106
450,line_97_c10,277,1256,3112,430.508724,3444.06979
450,line_97_c10,278,1257,3114,431.238957,3449.91166
450,line_97_c10,279,1258,3116,431.243116,3449.94493
450,line_97_c10,280,1259,3118,431.475724,3451.8058
450,line_97_c10,281,1260,3120,432.423982,3459.39185
450,line_97_c10,282,1261,3122,432.876663,3463.0133
450,line_97_c10,283,1262,3124,433.281442,3466.25153
450,line_97_c10,284,1263,3126,433.490391,3467.92313
450,line_97_c10,285,1264,3128,433.921362,3471.3709
450,line_97_c10,286,1265,3130,434.18423,3473.47384
450,line_97_c10,287,1266,3132,434.687469,3477.49975
450,line_97_c10,288,1267,3134,435.122702,3480.98162
450,line_97_c10,289,1268,3136,435.40137,3483.21096
450,line_97_c10,290,1269,3138,436.268548,3490.14838
450,line_97_c10,291,1270,3140,436.981504,3495.85203
450,line_97_c10,292,1271,3142,437.28202,3498.25616
450,line_97_c10,293,1272,3144,438.008913,3504.0713
450,line_97_c10,294,1273,3146,438.533882,3508.27106
450,line_97_c10,295,1274,3148,438.866602,3510.93282
450,line_97_c10,296,1275,3150,439.149395,3513.19516
450,line_97_c10,297,1276,3152,440.073807,3520.59046
450,line_97_c10,298,1277,3154,440.445549,3523.5644
450,line_97_c10,299,1278,3156,440.670698,3525.36559
450,line_97_c10,300,1279,3158,441.616766,3532.93412
450,line_97_c10,301,1280,3160,442.047611,3536.38088
450,line_97_c10,302,1281,3162,442.781505,3542.25204
450,line_97_c10,303,1282,3164,443.431984,3547.45587
450,line_97_c10,304,1283,3166,444.248467,3553.98774
450,line_97_c10,305,1284,3168,444.471139,3555.76912
450,line_97_c10,306,1285,3170,445.470939,3563.76751
450,line_97_c10,307,1286,3172,445.972165,3567.77732
450,line_97_c10,308,1287,3174,446.426899,3571.41519
450,line_97_c10,309,1288,3176,447.285786,3578.28629
450,line_97_c10,310,1289,3178,448.193838,3585.5507
450,line_97_c10,311,1290,3180,448.538509,3588.30807
450,line_97_c10,312,1291,3182,449.263467,3594.10773
450,line_97_c10,313,1292,3184,450.019936,3600.15949
450,line_97_c10,314,1293,3186,450.585688,3604.6855
450,line_97_c10,315,1294,3188,451.388334,3611.10667
450,line_97_c10,316,1295,3190,452.06584,3616.52672
450,line_97_c10,317,1296,3192,452.972787,3623.7823
450,line_97_c10,318,1297,3194,453.752454,3630.01963
450,line_97_c10,319,1298,3196,454.493834,3635.95067
450,line_97_c10,320,1299,3198,455.49902,3643.99216
450,line_97_c10,321,1300,3200,455.806252,3646.45002
450,line_97_c10,322,1301,3202,457.049473,3656.39578
450,line_97_c10,323,1302,3204,457.618506,3660.94805
450,line_97_c10,324,1303,3206,458.491619,3667.93295
450,line_97_c10,325,1304,3208,459.307793,3674.46234
450,line_97_c10,326,1305,3210,460.133935,3681.07148
450,line_97_c10,327,1306,3212,460.911039,3687.28831
450,line_97_c10,328,1307,3214,461.820105,3694.56084
450,line_97_c10,329,1308,3216,462.594393,3700.75514
450,line_97_c10,330,1309,3218,463.380696,3707.04557
450,line_97_c10,331,1310,3220,464.610396,3716.88316
450,line_97_c10,332,1311,3222,465.191887,3721.5351
450,line_97_c10,333,1312,3224,466.28005,3730.2404
450,line_97_c10,334,1313,3226,466.821863,3734.5749
450,line_97_c10,335,1314,3228,467.971393,3743.77114
450,line_97_c10,336,1315,3230,468.653822,3749.23057
450,line_97_c10,337,1316,3232,469.760166,3758.08132
450,line_97_c10,338,1317,3234,470.633042,3765.06434
450,line_97_c10,339,1318,3236,471.889442,3775.11553
450,line_97_c10,340,1319,3238,472.744876,3781.95901
450,line_97_c10,341,1320,3240,473.670128,3789.36103
450,line_97_c10,342,1321,3242,474.865635,3798.92508
450,line_97_c10,343,1322,3244,475.766084,3806.12867
450,line_97_c10,344,1323,3246,476.985273,3815.88219
450,line_97_c10,345,1324,3248,478.111189,3824.88951
450,line_97_c10,346,1325,3250,479.057433,3832.45946
450,line_97_c10,347,1326,3252,479.913485,3839.30788
450,line_97_c10,348,1327,3254,481.00053,3848.00424
450,line_97_c10,349,1328,3256,482.061207,3856.48966
450,line_97_c10,350,1329,3258,483.221578,3865.77262
450,line_97_c10,351,1330,3260,484.166961,3873.33569
450,line_97_c10,352,1331,3262,485.462919,3883.70335
450,line_97_c10,353,1332,3264,486.628313,3893.0265
450,line_97_c10,354,1333,3266,487.828659,3902.62927
450,line_97_c10,355,1334,3268,488.751348,3910.01078
450,line_97_c10,356,1335,3270,489.854432,3918.83545
450,line_97_c10,357,1336,3272,490.891849,3927.13479
450,line_97_c10,358,1337,3274,492.171165,3937.36932
450,line_97_c10,359,1338,3276,493.359952,3946.87962
450,line_97_c10,360,1339,3278,494.447466,3955.57972
450,line_97_c10,361,1340,3280,495.662603,3965.30082
450,line_97_c10,362,1341,3282,496.873086,3974.98469
450,line_97_c10,363,1342,3284,498.063941,3984.51153
450,line_97_c10,364,1343,3286,499.270635,3994.16508
450,line_97_c10,365,1344,3288,500.63231,4005.05848
450,line_97_c10,366,1345,3290,501.835852,4014.68681
450,line_97_c10,367,1346,3292,502.938442,4023.50754
450,line_97_c10,368,1347,3294,504.311084,4034.48867
450,line_97_c10,369,1348,3296,505.515331,4044.12265
450,line_97_c10,370,1349,3298,506.745549,4053.9644
450,line_97_c10,371,1350,3300,507.95832,4063.66656
450,line_97_c10,372,1351,3302,509.18966,4073.51728
450,line_97_c10,373,1352,3304,510.678967,4085.43174
450,line_97_c10,374,1353,3306,511.795105,4094.36084
450,line_97_c10,375,1354,3308,513.131605,4105.05284
450,line_97_c10,376,1355,3310,514.518542,4116.14834
450,line_97_c10,377,1356,3312,515.847022,4126.77618
450,line_97_c10,378,1357,3314,517.051654,4136.41323
450,line_97_c10,379,1358,3316,518.388911,4147.11129
450,line_97_c10,380,1359,3318,519.762583,4158.10066
450,line_97_c10,381,1360,3320,521.120508,4168.96406
450,line_97_c10,382,1361,3322,522.449417,4179.59533
450,line_97_c10,383,1362,3324,523.754425,4190.0354
450,line_97_c10,384,1363,3326,525.093757,4200.75006
450,line_97_c10,385,1364,3328,526.327727,4210.62181
450,line_97_c10,386,1365,3330,527.703681,4221.62945
450,line_97_c10,387,1366,3332,529.03087,4232.24696
450,line_97_c10,388,1367,3334,530.43668,4243.49344
450,line_97_c10,389,1368,3336,531.691453,4253.53163
450,line_97_c10,390,1369,3338,533.162717,4265.30173
450,line_97_c10,391,1370,3340,534.44522,4275.56176
450,line_97_c10,392,1371,3342,535.880946,4287.04757
450,line_97_c10,393,1372,3344,537.253339,4298.02671
450,line_97_c10,394,1373,3346,538.498293,4307.98634
450,line_97_c10,395,1374,3348,539.783965,4318.27172
450,line_97_c10,396,1375,3350,541.235994,4329.88795
450,line_97_c10,397,1376,3352,542.590975,4340.7278
450,line_97_c10,398,1377,3354,543.945394,4351.56315
450,line_97_c10,399,1378,3356,545.293928,4362.35142
450,line_97_c10,400,1379,3358,546.804832,4374.43866
450,line_97_c10,401,1380,3360,548.059917,4384.47933
450,line_97_c10,402,1381,3362,549.55204,4396.41632
450,line_97_c10,403,1382,3364,550.989085,4407.91268
450,line_97_c10,404,1383,3366,552.317996,4418.54397
450,line_97_c10,405,1384,3368,553.60308,4428.82464
450,line_97_c10,406,1385,3370,555.047457,4440.37966
450,line_97_c10,407,1386,3372,556.424651,4451.39721
450,line_97_c10,408,1387,3374,557.71897,4461.75176
450,line_97_c10,409,1388,3376,558.912885,4471.30308
450,line_97_c10,410,1389,3378,560.344293,4482.75434
450,line_97_c10,411,1390,3380,561.669341,4493.35473
450,line_97_c10,412,1391,3382,562.973704,4503.78963
450,line_97_c10,413,1392,3384,564.447932,4515.58345
450,line_97_c10,414,1393,3386,565.740411,4525.92329
450,line_97_c10,415,1394,3388,567.018286,4536.14628
450,line_97_c10,416,1395,3390,568.467562,4547.7405
450,line_97_c10,417,1396,3392,569.662112,4557.2969
450,line_97_c10,418,1397,3394,571.067689,4568.54151
450,line_97_c10,419,1398,3396,572.43185,4579.4548
450,line_97_c10,420,1399,3398,573.733949,4589.8716
450,line_97_c10,421,1400,3400,574.936005,4599.48804
450,line_97_c10,422,1401,3402,576.307088,4610.4567
450,line_97_c10,423,1402,3404,577.541316,4620.33053
450,line_97_c10,424,1403,3406,578.800092,4630.40074
450,line_97_c10,425,1404,3408,579.983268,4639.86615
450,line_97_c10,426,1405,3410,581.170678,4649.36542
450,line_97_c10,427,1406,3412,582.484815,4659.87852
450,line_97_c10,428,1407,3414,583.784356,4670.27485
450,line_97_c10,429,1408,3416,584.903374,4679.22699
450,line_97_c10,430,1409,3418,586.094507,4688.75606
450,line_97_c10,431,1410,3420,587.382719,4699.06175
450,line_97_c10,432,1411,3422,588.684783,4709.47827
450,line_97_c10,433,1412,3424,589.751433,4718.01147
450,line_97_c10,434,1413,3426,591.043981,4728.35184
450,line_97_c10,435,1414,3428,592.119108,4736.95286
450,line_97_c10,436,1415,3430,593.316019,4746.52815
450,line_97_c10,437,1416,3432,594.46234,4755.69872
450,line_97_c10,438,1417,3434,595.711584,4765.69268
450,line_97_c10,439,1418,3436,596.804175,4774.4334
450,line_97_c10,440,1419,3438,597.898641,4783.18913
450,line_97_c10,441,1420,3440,599.021604,4792.17283
450,line_97_c10,442,1421,3442,600.075554,4800.60443
450,line_97_c10,443,1422,3444,601.078769,4808.63015
450,line_97_c10,444,1423,3446,602.170958,4817.36767
450,line_97_c10,445,1424,3448,603.178193,4825.42554
450,line_97_c10,446,1425,3450,604.168411,4833.34729
450,line_97_c10,447,1426,3452,605.304657,4842.43726
450,line_97_c10,448,1427,3454,606.331977,4850.65581
450,line_97_c10,449,1428,3456,607.242852,4857.94282
450,line_97_c10,450,1429,3458,608.262072,4866.09658
450,line_97_c10,451,1430,3460,609.291978,4874.33582
450,line_97_c10,452,1431,3462,610.190045,4881.52036
450,line_97_c10,453,1432,3464,611.072431,4888.57945
450,line_97_c10,454,1433,3466,612.071996,4896.57597
450,line_97_c10,455,1434,3468,613.027316,4904.21853
450,line_97_c10,456,1435,3470,613.888625,4911.109
450,line_97_c10,457,1436,3472,614.815705,4918.52564
450,line_97_c10,458,1437,3474,615.717511,4925.74009
450,line_97_c10,459,1438,3476,616.618585,4932.94868
450,line_97_c10,460,1439,3478,617.403858,4939.23086
450,line_97_c10,461,1440,3480,618.209857,4945.67886
450,line_97_c10,462,1441,3482,618.910757,4951.28606
450,line_97_c10,463,1442,3484,619.723061,4957.78448
450,line_97_c10,464,1443,3486,620.569889,4964.55911
450,line_97_c10,465,1444,3488,621.343649,4970.74919
450,line_97_c10,466,1445,3490,622.014432,4976.11545
450,line_97_c10,467,1446,3492,622.850541,4982.80433
450,line_97_c10,468,1447,3494,623.535211,4988.28169
450,line_97_c10,469,1448,3496,624.093519,4992.74816
450,line_97_c10,470,1449,3498,624.867299,4998.93839
450,line_97_c10,471,1450,3500,625.563669,5004.50935
450,line_97_c10,472,1451,3502,626.145285,5009.16228
450,line_97_c10,473,1452,3504,626.745698,5013.96558
450,line_97_c10,474,1453,3506,627.387528,5019.10023
450,line_97_c10,475,1454,3508,627.92801,5023.42408
450,line_97_c10,476,1455,3510,628.511856,5028.09485
450,line_97_c10,477,1456,3512,629.094479,5032.75583
450,line_97_c10,478,1457,3514,629.714537,5037.7163
450,line_97_c10,479,1458,3516,630.233437,5041.8675
450,line_97_c10,480,1459,3518,630.630172,5045.04137
450,line_97_c10,481,1460,3520,631.094147,5048.75317
450,line_97_c10,482,1461,3522,631.701529,5053.61223
450,line_97_c10,483,1462,3524,632.167187,5057.3375
450,line_97_c10,484,1463,3526,632.451346,5059.61077
450,line_97_c10,485,1464,3528,632.977969,5063.82375
450,line_97_c10,486,1465,3530,633.447781,5067.58225
450,line_97_c10,487,1466,3532,633.647968,5069.18374
450,line_97_c10,488,1467,3534,634.098601,5072.78881
450,line_97_c10,489,1468,3536,634.352635,5074.82108
450,line_97_c10,490,1469,3538,634.693995,5077.55196
450,line_97_c10,491,1470,3540,634.981932,5079.85545
450,line_97_c10,492,1471,3542,635.625082,5085.00065
450,line_97_c10,493,1472,3544,636.321993,5090.57594
450,line_97_c10,494,1473,3546,637.291877,5098.33502
450,line_97_c10,495,1474,3548,638.311047,5106.48838
450,line_97_c10,496,1475,3550,639.370615,5114.96492
450,line_97_c10,497,1476,3552,640.356001,5122.84801
450,line_97_c10,498,1477,3554,641.749222,5133.99377
450,line_97_c10,499,1478,3556,643.040401,5144.32321
450,line_97_c10,500,1479,3558,644.412101,5155.29681
450,line_97_c10,501,1480,3560,645.63867,5165.10936
450,line_97_c10,502,1481,3562,647.048461,5176.38768
500,line_0_c4,64,421,1442,424.741886,3397.93509
500,line_0_c4,65,422,1444,424.53686,3396.29488
500,line_0_c4,66,423,1446,424.313061,3394.50449
500,line_0_c4,67,424,1448,424.120286,3392.96229
500,line_0_c4,68,425,1450,423.914617,3391.31693
500,line_0_c4,69,426,1452,423.710956,3389.68765
500,line_0_c4,70,427,1454,423.529604,3388.23683
500,line_0_c4,71,428,1456,423.345295,3386.76236
500,line_0_c4,72,429,1458,423.171441,3385.37153
500,line_0_c4,73,430,1460,422.929777,3383.43822
500,line_0_c4,74,431,1462,422.735647,3381.88517
500,line_0_c4,75,432,1464,422.659954,3381.27963
500,line_0_c4,76,433,1466,422.709462,3381.67569
500,line_0_c4,77,434,1468,422.813408,3382.50726
500,line_0_c4,78,435,1470,422.926265,3383.41012
500,line_0_c4,79,436,1472,423.048104,3384.38483
500,line_0_c4,80,437,1474,423.178997,3385.43197
500,line_0_c4,81,438,1476,423.319021,3386.55217
500,line_0_c4,82,439,1478,423.468257,3387.74605
500,line_0_c4,83,440,1480,423.626786,3389.01429
500,line_0_c4,84,441,1482,423.794695,3390.35756
500,line_0_c4,85,442,1484,423.972071,3391.77657
500,line_0_c4,86,443,1486,424.159003,3393.27202
500,line_0_c4,87,444,1488,424.355581,3394.84465
500,line_0_c4,88,445,1490,424.561898,3396.49518
500,line_0_c4,89,446,1492,424.778046,3398.22436
500,line_0_c4,90,447,1494,425.004117,3400.03294
500,line_0_c4,91,448,1496,425.240206,3401.92165
500,line_0_c4,92,449,1498,425.486403,3403.89123
500,line_0_c4,93,450,1500,425.742801,3405.94241
500,line_0_c4,94,451,1502,426.009488,3408.07591
500,line_0_c4,95,452,1504,426.286554,3410.29243
500,line_0_c4,96,453,1506,426.574084,3412.59267
500,line_0_c4,97,454,1508,426.872162,3414.9773
500,line_0_c4,98,455,1510,427.180868,3417.44695
500,line_0_c4,99,456,1512,427.50028,3420.00224
500,line_0_c4,100,457,1514,427.83047,3422.64376
500,line_0_c4,101,458,1516,428.171509,3425.37207
500,line_0_c4,102,459,1518,428.523461,3428.18769
500,line_0_c4,103,460,1520,428.886386,3431.09109
500,line_0_c4,104,461,1522,429.26034,3434.08272
500,line_0_c4,105,462,1524,429.645373,3437.16298
500,line_0_c4,106,463,1526,430.041527,3440.33222
500,line_0_c4,107,464,1528,430.448843,3443.59074
500,line_0_c4,108,465,1530,430.86735,3446.9388
500,line_0_c4,109,466,1532,431.297075,3450.3766
500,line_0_c4,110,467,1534,431.738036,3453.90429
500,line_0_c4,111,468,1536,432.190244,3457.52195
500,line_0_c4,112,469,1538,432.653703,3461.22962
500,line_0_c4,113,470,1540,433.128411,3465.02729
500,line_0_c4,114,471,1542,433.614357,3468.91486
500,line_0_c4,115,472,1544,434.111523,3472.89218
500,line_0_c4,116,473,1546,434.619882,3476.95905
500,line_0_c4,117,474,1548,435.139401,3481.11521
500,line_0_c4,118,475,1550,435.670038,3485.3603
500,line_0_c4,119,476,1552,436.211743,3489.69394
500,line_0_c4,120,477,1554,436.764458,3494.11566
500,line_0_c4,121,478,1556,437.328116,3498.62493
500,line_0_c4,122,479,1558,437.902644,3503.22115
500,line_0_c4,123,480,1560,438.487958,3507.90366
500,line_0_c4,124,481,1562,439.083968,3512.67175
500,line_0_c4,125,482,1564,439.690576,3517.52461
500,line_0_c4,126,483,1566,440.307675,3522.4614
500,line_0_c4,127,484,1568,440.935149,3527.48119
500,line_0_c4,128,485,1570,441.572877,3532.58302
500,line_0_c4,129,486,1572,442.220729,3537.76583
500,line_0_c4,130,487,1574,442.878567,3543.02854
500,line_0_c4,131,488,1576,443.546246,3548.36997
500,line_0_c4,132,489,1578,444.223614,3553.78891
500,line_0_c4,133,490,1580,444.910511,3559.28409
500,line_0_c4,134,491,1582,445.606771,3564.85417
500,line_0_c4,135,492,1584,446.312222,3570.49778
500,line_0_c4,136,493,1586,447.026684,3576.21348
500,line_0_c4,137,494,1588,447.749973,3581.99979
500,line_0_c4,138,495,1590,448.481897,3587.85518
500,line_0_c4,139,496,1592,449.22226,3593.77808
500,line_0_c4,140,497,1594,449.970859,3599.76687
500,line_0_c4,141,498,1596,450.727488,3605.8199
500,line_0_c4,142,499,1598,451.491934,3611.93547
500,line_0_c4,143,500,1600,452.263982,3618.11186
500,line_0_c4,144,501,1602,453.04341,3624.34728
500,line_0_c4,145,502,1604,453.829994,3630.63995
500,line_0_c4,146,503,1606,454.623506,3636.98805
500,line_0_c4,147,504,1608,455.423713,3643.3897
500,line_0_c4,148,505,1610,456.230381,3649.84305
500,line_0_c4,149,506,1612,457.043272,3656.34618
500,line_0_c4,150,507,1614,457.862147,3662.89718
500,line_0_c4,151,508,1616,458.686762,3669.4941
500,line_0_c4,152,509,1618,459.516874,3676.13499
500,line_0_c4,153,510,1620,460.352235,3682.81788
500,line_0_c4,154,511,1622,461.1926,3689.5408
500,line_0_c4,155,512,1624,462.037718,3696.30174
500,line_0_c4,156,513,1626,462.887341,3703.09873
500,line_0_c4,157,514,1628,463.741218,3709.92975
500,line_0_c4,158,515,1630,464.599099,3716.7928
500,line_0_c4,159,516,1632,465.460734,3723.68587
500,line_0_c4,160,517,1634,466.325872,3730.60697
500,line_0_c4,161,518,1636,467.194262,3737.5541
500,line_0_c4,162,519,1638,468.065657,3744.52525
500,line_0_c4,163,520,1640,468.939806,3751.51845
500,line_0_c4,164,521,1642,469.816464,3758.53171
500,line_0_c4,165,522,1644,470.695383,3765.56306
500,line_0_c4,166,523,1646,471.576318,3772.61054
500,line_0_c4,167,524,1648,472.459027,3779.67222
500,line_0_c4,168,525,1650,473.343268,3786.74615
500,line_0_c4,169,526,1652,474.228802,3793.83041
500,line_0_c4,170,527,1654,475.115391,3800.92312
500,line_0_c4,171,528,1656,476.002799,3808.02239
500,line_0_c4,172,529,1658,476.890795,3815.12636
500,line_0_c4,173,530,1660,477.779148,3822.23318
500,line_0_c4,174,531,1662,478.667629,3829.34103
500,line_0_c4,175,532,1664,479.556015,3836.44812
500,line_0_c4,176,533,1666,480.444082,3843.55266
500,line_0_c4,177,534,1668,481.331613,3850.6529
500,line_0_c4,178,535,1670,482.21839,3857.74712
500,line_0_c4,179,536,1672,483.104201,3864.83361
500,line_0_c4,180,537,1674,483.988836,3871.91069
500,line_0_c4,181,538,1676,484.87209,3878.97672
500,line_0_c4,182,539,1678,485.753758,3886.03006
500,line_0_c4,183,540,1680,486.633642,3893.06913
500,line_0_c4,184,541,1682,487.511545,3900.09236
500,line_0_c4,185,542,1684,488.387276,3907.09821
500,line_0_c4,186,543,1686,489.260645,3914.08516
500,line_0_c4,187,544,1688,490.131467,3921.05173
500,line_0_c4,188,545,1690,490.99956,3927.99648
500,line_0_c4,189,546,1692,491.864748,3934.91799
500,line_0_c4,190,547,1694,492.726857,3941.81486
500,line_0_c4,191,548,1696,493.585716,3948.68573
500,line_0_c4,192,549,1698,494.441159,3955.52927
500,line_0_c4,193,550,1700,495.293025,3962.3442
500,line_0_c4,194,551,1702,496.141155,3969.12924
500,line_0_c4,195,552,1704,496.985396,3975.88316
500,line_0_c4,196,553,1706,497.825596,3982.60477
500,line_0_c4,197,554,1708,498.661611,3989.29289
500,line_0_c4,198,555,1710,499.493298,3995.94638
500,line_0_c4,199,556,1712,500.320518,4002.56414
500,line_0_c4,200,557,1714,501.143137,4009.1451
500,line_0_c4,201,558,1716,501.961026,4015.68821
500,line_0_c4,202,559,1718,502.774058,4022.19246
500,line_0_c4,203,560,1720,503.582109,4028.65688
500,line_0_c4,204,561,1722,504.385064,4035.08051
500,line_0_c4,205,562,1724,505.182806,4041.46245
500,line_0_c4,206,563,1726,505.975227,4047.80181
500,line_0_c4,207,564,1728,506.762218,4054.09775
500,line_0_c4,208,565,1730,507.54368,4060.34944
500,line_0_c4,209,566,1732,508.319512,4066.5561
500,line_0_c4,210,567,1734,509.089621,4072.71697
500,line_0_c4,211,568,1736,509.853915,4078.83132
500,line_0_c4,212,569,1738,510.612308,4084.89847
500,line_0_c4,213,570,1740,511.364718,4090.91774
500,line_0_c4,214,571,1742,512.111064,4096.88851
500,line_0_c4,215,572,1744,512.851272,4102.81018
500,line_0_c4,216,573,1746,513.585269,4108.68215
500,line_0_c4,217,574,1748,514.312988,4114.50391
500,line_0_c4,218,575,1750,515.034364,4120.27491
500,line_0_c4,219,576,1752,515.749337,4125.99469
500,line_0_c4,220,577,1754,516.457847,4131.66278
500,line_0_c4,221,578,1756,517.159843,4137.27874
500,line_0_c4,222,579,1758,517.855272,4142.84218
500,line_0_c4,223,580,1760,518.544089,4148.35271
500,line_0_c4,224,581,1762,519.226247,4153.80998
500,line_0_c4,225,582,1764,519.901708,4159.21366
500,line_0_c4,226,583,1766,520.570431,4164.56345
500,line_0_c4,227,584,1768,521.232383,4169.85906
500,line_0_c4,228,585,1770,521.887531,4175.10024
500,line_0_c4,229,586,1772,522.535844,4180.28675
500,line_0_c4,230,587,1774,523.177297,4185.41837
500,line_0_c4,231,588,1776,523.811863,4190.49491
500,line_0_c4,232,589,1778,524.439522,4195.51618
500,line_0_c4,233,590,1780,525.060254,4200.48203
500,line_0_c4,234,591,1782,525.674039,4205.39232
500,line_0_c4,235,592,1784,526.280864,4210.24691
500,line_0_c4,236,593,1786,526.880713,4215.0457
500,line_0_c4,237,594,1788,527.473574,4219.78859
500,line_0_c4,238,595,1790,528.059438,4224.4755
500,line_0_c4,239,596,1792,528.638294,4229.10635
500,line_0_c4,240,597,1794,529.210135,4233.68108
500,line_0_c4,241,598,1796,529.774954,4238.19963
500,line_0_c4,242,599,1798,530.332746,4242.66197
500,line_0_c4,243,600,1800,530.883505,4247.06804
500,line_0_c4,244,601,1802,531.427228,4251.41783
500,line_0_c4,245,602,1804,531.963912,4255.7113
500,line_0_c4,246,603,1806,532.493554,4259.94843
500,line_0_c4,247,604,1808,533.016151,4264.12921
500,line_0_c4,248,605,1810,533.531702,4268.25362
500,line_0_c4,249,606,1812,534.040204,4272.32163
500,line_0_c4,250,607,1814,534.541655,4276.33324
500,line_0_c4,251,608,1816,535.036053,4280.28842
500,line_0_c4,252,609,1818,535.523394,4284.18715
500,line_0_c4,253,610,1820,536.003677,4288.02941
500,line_0_c4,254,611,1822,536.476896,4291.81516
500,line_0_c4,255,612,1824,536.943047,4295.54438
500,line_0_c4,256,613,1826,537.402126,4299.21701
500,line_0_c4,257,614,1828,537.854126,4302.83301
500,line_0_c4,258,615,1830,538.299041,4306.39233
500,line_0_c4,259,616,1832,538.736862,4309.89489
500,line_0_c4,260,617,1834,539.167579,4313.34064
500,line_0_c4,261,618,1836,539.591184,4316.72947
500,line_0_c4,262,619,1838,540.007664,4320.06131
500,line_0_c4,263,620,1840,540.417005,4323.33604
500,line_0_c4,264,621,1842,540.819193,4326.55355
500,line_0_c4,265,622,1844,541.214213,4329.7137
500,line_0_c4,266,623,1846,541.602047,4332.81638
500,line_0_c4,267,624,1848,541.982676,4335.86141
500,line_0_c4,268,625,1850,542.356082,4338.84865
500,line_0_c4,269,626,1852,542.722241,4341.77793
500,line_0_c4,270,627,1854,543.081132,4344.64905
500,line_0_c4,271,628,1856,543.432729,4347.46183
500,line_0_c4,272,629,1858,543.777008,4350.21606
500,line_0_c4,273,630,1860,544.11394,4352.91152
500,line_0_c4,274,631,1862,544.443497,4355.54797
500,line_0_c4,275,632,1864,544.765649,4358.12519
500,line_0_c4,276,633,1866,545.080364,4360.64291
500,line_0_c4,277,634,1868,545.387611,4363.10089
500,line_0_c4,278,635,1870,545.687355,4365.49884
500,line_0_c4,279,636,1872,545.979562,4367.8365
500,line_0_c4,280,637,1874,546.264197,4370.11357
500,line_0_c4,281,638,1876,546.541222,4372.32978
500,line_0_c4,282,639,1878,546.810601,4374.48481
500,line_0_c4,283,640,1880,547.072296,4376.57836
500,line_0_c4,284,641,1882,547.326267,4378.61014
500,line_0_c4,285,642,1884,547.572478,4380.57982
500,line_0_c4,286,643,1886,547.810886,4382.48709
500,line_0_c4,287,644,1888,548.041454,4384.33163
500,line_0_c4,288,645,1890,548.264141,4386.11313
500,line_0_c4,289,646,1892,548.478908,4387.83126
500,line_0_c4,290,647,1894,548.685714,4389.48571
500,line_0_c4,291,648,1896,548.884519,4391.07616
500,line_0_c4,292,649,1898,549.075285,4392.60228
500,line_0_c4,293,650,1900,549.257973,4394.06378
500,line_0_c4,294,651,1902,549.432543,4395.46034
500,line_0_c4,295,652,1904,549.598959,4396.79167
500,line_0_c4,296,653,1906,549.757184,4398.05747
500,line_0_c4,297,654,1908,549.907182,4399.25745
500,line_0_c4,298,655,1910,550.048918,4400.39134
500,line_0_c4,299,656,1912,550.182358,4401.45886
500,line_0_c4,300,657,1914,550.30747,4402.45976
500,line_0_c4,301,658,1916,550.424223,4403.39379
500,line_0_c4,302,659,1918,550.532589,4404.26071
500,line_0_c4,303,660,1920,550.632191,4405.05753
500,line_0_c4,304,661,1922,550.69269,4405.54152
500,line_0_c4,305,662,1924,550.754343,4406.03474
500,line_0_c4,306,663,1926,550.777422,4406.21938
500,line_0_c4,307,664,1928,550.797134,4406.37708
500,line_0_c4,308,665,1930,550.823568,4406.58854
500,line_0_c4,309,666,1932,550.849659,4406.79727
500,line_0_c4,310,667,1934,550.878084,4407.02467
500,line_0_c4,311,668,1936,550.908409,4407.26727
500,line_0_c4,312,669,1938,550.942172,4407.53737
500,line_0_c4,313,670,1940,550.976601,4407.81281
500,line_0_c4,314,671,1942,551.012876,4408.10301
500,line_0_c4,315,672,1944,551.05188,4408.41504
500,line_0_c4,316,673,1946,551.083541,4408.66833
500,line_0_c4,317,674,1948,551.119111,4408.95289
500,line_0_c7,47,563,1726,418.071265,3344.57012
500,line_0_c7,48,564,1728,418.132199,3345.05759
500,line_0_c7,49,565,1730,418.215698,3345.72558
500,line_0_c7,50,566,1732,418.310213,3346.4817
500,line_0_c7,51,567,1734,418.393931,3347.15145
500,line_0_c7,52,568,1736,418.495151,3347.96121
500,line_0_c7,53,569,1738,418.581037,3348.6483
500,line_0_c7,54,570,1740,418.695205,3349.56164
500,line_0_c7,55,571,1742,418.802883,3350.42306
500,line_0_c7,56,572,1744,418.927995,3351.42396
500,line_0_c7,57,573,1746,419.063818,3352.51054
500,line_0_c7,58,574,1748,419.219325,3353.7546
500,line_0_c7,59,575,1750,419.383883,3355.07106
500,line_0_c7,60,576,1752,419.561414,3356.49131
500,line_0_c7,61,577,1754,419.751932,3358.01545
500,line_0_c7,62,578,1756,419.955449,3359.64359
500,line_0_c7,63,579,1758,420.17198,3361.37584
500,line_0_c7,64,580,1760,420.401538,3363.2123
500,line_0_c7,65,581,1762,420.644134,3365.15307
500,line_0_c7,66,582,1764,420.899783,3367.19826
500,line_0_c7,67,583,1766,421.168495,3369.34796
500,line_0_c7,68,584,1768,421.450282,3371.60225
500,line_0_c7,69,585,1770,421.745153,3373.96123
500,line_0_c7,70,586,1772,422.053118,3376.42495
500,line_0_c7,71,587,1774,422.374185,3378.99348
500,line_0_c7,72,588,1776,422.708358,3381.66687
500,line_0_c7,73,589,1778,423.055643,3384.44515
500,line_0_c7,74,590,1780,423.416042,3387.32833
500,line_0_c7,75,591,1782,423.789554,3390.31643
500,line_0_c7,76,592,1784,424.176178,3393.40942
500,line_0_c7,77,593,1786,424.575908,3396.60726
500,line_0_c7,78,594,1788,424.988736,3399.90989
500,line_0_c7,79,595,1790,425.414652,3403.31722
500,line_0_c7,80,596,1792,425.853642,3406.82913
500,line_0_c7,81,597,1794,426.305686,3410.44549
500,line_0_c7,82,598,1796,426.770765,3414.16612
500,line_0_c7,83,599,1798,427.248851,3417.99081
500,line_0_c7,84,600,1800,427.739915,3421.91932
500,line_0_c7,85,601,1802,428.243922,3425.95138
500,line_0_c7,86,602,1804,428.760832,3430.08665
500,line_0_c7,87,603,1806,429.2906,3434.3248
500,line_0_c7,88,604,1808,429.833176,3438.66541
500,line_0_c7,89,605,1810,430.388505,3443.10804
500,line_0_c7,90,606,1812,430.956525,3447.6522
500,line_0_c7,91,607,1814,431.537169,3452.29735
500,line_0_c7,92,608,1816,432.130364,3457.04291
500,line_0_c7,93,609,1818,432.73603,3461.88824
500,line_0_c7,94,610,1820,433.354081,3466.83265
500,line_0_c7,95,611,1822,433.984425,3471.8754
500,line_0_c7,96,612,1824,434.626962,3477.0157
500,line_0_c7,97,613,1826,435.281586,3482.25269
500,line_0_c7,98,614,1828,435.948183,3487.58546
500,line_0_c7,99,615,1830,436.626631,3493.01305
500,line_0_c7,100,616,1832,437.316801,3498.53441
500,line_0_c7,101,617,1834,438.018558,3504.14847
500,line_0_c7,102,618,1836,438.731757,3509.85405
500,line_0_c7,103,619,1838,439.456244,3515.64995
500,line_0_c7,104,620,1840,440.191861,3521.53489
500,line_0_c7,105,621,1842,440.938438,3527.5075
500,line_0_c7,106,622,1844,441.695798,3533.56639
500,line_0_c7,107,623,1846,442.463758,3539.71006
500,line_0_c7,108,624,1848,443.242124,3545.937
500,line_0_c7,109,625,1850,444.030696,3552.24557
500,line_0_c7,110,626,1852,444.829264,3558.63411
500,line_0_c7,111,627,1854,445.637612,3565.10089
500,line_0_c7,112,628,1856,446.455514,3571.64411
500,line_0_c7,113,629,1858,447.282736,3578.26189
500,line_0_c7,114,630,1860,448.119039,3584.95231
500,line_0_c7,115,631,1862,448.964172,3591.71338
500,line_0_c7,116,632,1864,449.81788,3598.54304
500,line_0_c7,117,633,1866,450.679899,3605.43919
500,line_0_c7,118,634,1868,451.549957,3612.39966
500,line_0_c7,119,635,1870,452.427775,3619.4222
500,line_0_c7,120,636,1872,453.313067,3626.50454
500,line_0_c7,121,637,1874,454.205541,3633.64433
500,line_0_c7,122,638,1876,455.104896,3640.83917
500,line_0_c7,123,639,1878,456.010827,3648.08661
500,line_0_c7,124,640,1880,456.923019,3655.38415
500,line_0_c7,125,641,1882,457.841154,3662.72923
500,line_0_c7,126,642,1884,458.764907,3670.11926
500,line_0_c7,127,643,1886,459.693947,3677.55158
500,line_0_c7,128,644,1888,460.627938,3685.0235
500,line_0_c7,129,645,1890,461.566538,3692.53231
500,line_0_c7,130,646,1892,462.509402,3700.07522
500,line_0_c7,131,647,1894,463.456178,3707.64943
500,line_0_c7,132,648,1896,464.406512,3715.2521
500,line_0_c7,133,649,1898,465.360044,3722.88036
500,line_0_c7,134,650,1900,466.316413,3730.53131
500,line_0_c7,135,651,1902,467.275253,3738.20202
500,line_0_c7,136,652,1904,468.236195,3745.88956
500,line_0_c7,137,653,1906,469.198868,3753.59094
500,line_0_c7,138,654,1908,470.162899,3761.30319
500,line_0_c7,139,655,1910,471.127913,3769.02331
500,line_0_c7,140,656,1912,472.093534,3776.74827
500,line_0_c7,141,657,1914,473.059383,3784.47506
500,line_0_c7,142,658,1916,474.025082,3792.20065
500,line_0_c7,143,659,1918,474.990251,3799.92201
500,line_0_c7,144,660,1920,475.954512,3807.6361
500,line_0_c7,145,661,1922,476.917486,3815.33989
500,line_0_c7,146,662,1924,477.878793,3823.03034
500,line_0_c7,147,663,1926,478.838056,3830.70445
500,line_0_c7,148,664,1928,479.794899,3838.35919
500,line_0_c7,149,665,1930,480.748947,3845.99158
500,line_0_c7,150,666,1932,481.699829,3853.59863
500,line_0_c7,151,667,1934,482.647172,3861.17738
500,line_0_c7,152,668,1936,483.590611,3868.72489
500,line_0_c7,153,669,1938,484.52978,3876.23824
500,line_0_c7,154,670,1940,485.464318,3883.71454
500,line_0_c7,155,671,1942,486.393867,3891.15094
500,line_0_c7,156,672,1944,487.318074,3898.54459
500,line_0_c7,157,673,1946,488.236589,3905.89272
500,line_0_c7,158,674,1948,489.149067,3913.19254
500,line_0_c7,159,675,1950,490.055168,3920.44134
500,line_0_c7,160,676,1952,490.954556,3927.63644
500,line_0_c7,161,677,1954,491.8469,3934.7752
500,line_0_c7,162,678,1956,492.731876,3941.85501
500,line_0_c7,163,679,1958,493.609164,3948.87331
500,line_0_c7,164,680,1960,494.47845,3955.8276
500,line_0_c7,165,681,1962,495.339427,3962.71542
500,line_0_c7,166,682,1964,496.191793,3969.53434
500,line_0_c7,167,683,1966,497.035251,3976.28201
500,line_0_c7,168,684,1968,497.869514,3982.95611
500,line_0_c7,169,685,1970,498.694299,3989.55439
500,line_0_c7,170,686,1972,499.509331,3996.07465
500,line_0_c7,171,687,1974,500.31434,4002.51472
500,line_0_c7,172,688,1976,501.109066,4008.87253
500,line_0_c7,173,689,1978,501.893253,4015.14603
500,line_0_c7,174,690,1980,502.666655,4021.33324
500,line_0_c7,175,691,1982,503.42903,4027.43224
500,line_0_c7,176,692,1984,504.180146,4033.44117
500,line_0_c7,177,693,1986,504.919777,4039.35821
500,line_0_c7,178,694,1988,505.647703,4045.18162
500,line_0_c7,179,695,1990,506.363713,4050.9097
500,line_0_c7,180,696,1992,507.067602,4056.54082
500,line_0_c7,181,697,1994,507.759174,4062.0734
500,line_0_c7,182,698,1996,508.438239,4067.50591
500,line_0_c7,183,699,1998,509.104612,4072.8369
500,line_0_c7,184,700,2000,509.758119,4078.06495
500,line_0_c7,185,701,2002,510.398591,4083.18873
500,line_0_c7,186,702,2004,511.025866,4088.20693
500,line_0_c7,187,703,2006,511.639788,4093.11831
500,line_0_c7,188,704,2008,512.24021,4097.92168
500,line_0_c7,189,705,2010,512.826988,4102.61591
500,line_0_c7,190,706,2012,513.399989,4107.19991
500,line_0_c7,191,707,2014,513.959082,4111.67266
500,line_0_c7,192,708,2016,514.504146,4116.03317
500,line_0_c7,193,709,2018,515.035062,4120.2805
500,line_0_c7,194,710,2020,515.551722,4124.41377
500,line_0_c7,195,711,2022,516.054018,4128.43215
500,line_0_c7,196,712,2024,516.541853,4132.33483
500,line_0_c7,197,713,2026,517.015133,4136.12106
500,line_0_c7,198,714,2028,517.473768,4139.79014
500,line_0_c7,199,715,2030,517.917676,4143.34141
500,line_0_c7,200,716,2032,518.346777,4146.77422
500,line_0_c7,201,717,2034,518.760999,4150.08799
500,line_0_c7,202,718,2036,519.160272,4153.28218
500,line_0_c7,203,719,2038,519.544532,4156.35626
500,line_0_c7,204,720,2040,519.913719,4159.30975
500,line_0_c7,205,721,2042,520.267777,4162.14221
500,line_0_c7,206,722,2044,520.606653,4164.85323
500,line_0_c7,207,723,2046,520.930301,4167.44241
500,line_0_c7,208,724,2048,521.238675,4169.9094
500,line_0_c7,209,725,2050,521.531734,4172.25388
500,line_0_c7,210,726,2052,521.809441,4174.47553
500,line_0_c7,211,727,2054,522.071762,4176.57409
500,line_0_c7,212,728,2056,522.318664,4178.54931
500,line_0_c7,213,729,2058,522.55012,4180.40096
500,line_0_c7,214,730,2060,522.767666,4182.14133
500,line_0_c7,215,731,2062,522.99172,4183.93376
500,line_0_c7,216,732,2064,523.179047,4185.43237
500,line_0_c7,217,733,2066,523.38775,4187.102
500,line_0_c7,218,734,2068,523.541326,4188.33061
500,line_0_c7,219,735,2070,523.735777,4189.88622
500,line_0_c7,220,736,2072,523.912926,4191.30341
500,line_0_c7,221,737,2074,524.094321,4192.75457
500,line_0_c7,222,738,2076,524.273657,4194.18925
500,line_0_c7,223,739,2078,524.426215,4195.40972
500,line_0_c7,224,740,2080,524.571804,4196.57443
500,line_77_c14,47,858,2316,215.361461,1722.89169
500,line_77_c14,48,859,2318,215.374444,1722.99555
500,line_77_c14,49,860,2320,215.384835,1723.07868
500,line_77_c14,50,861,2322,215.39494,1723.15952
500,line_77_c14,51,862,2324,215.420268,1723.36214
500,line_77_c14,52,863,2326,215.435077,1723.48062
500,line_77_c14,53,864,2328,215.469675,1723.7574
500,line_77_c14,54,865,2330,215.491118,1723.92895
500,line_77_c14,55,866,2332,215.530414,1724.24331
500,line_77_c14,56,867,2334,215.564641,1724.51713
500,line_77_c14,57,868,2336,215.603267,1724.82613
500,line_77_c14,58,869,2338,215.648921,1725.19136
500,line_77_c14,59,870,2340,215.707696,1725.66157
500,line_77_c14,60,871,2342,215.770535,1726.16428
500,line_77_c14,61,872,2344,215.853966,1726.83173
500,line_77_c14,62,873,2346,215.944534,1727.55627
500,line_77_c14,63,874,2348,216.042249,1728.33799
500,line_77_c14,64,875,2350,216.147121,1729.17696
500,line_77_c14,65,876,2352,216.259162,1730.0733
500,line_77_c14,66,877,2354,216.378386,1731.02709
500,line_77_c14,67,878,2356,216.504804,1732.03844
500,line_77_c14,68,879,2358,216.638432,1733.10746
500,line_77_c14,69,880,2360,216.779283,1734.23427
500,line_77_c14,70,881,2362,216.927373,1735.41899
500,line_77_c14,71,882,2364,217.082718,1736.66174
500,line_77_c14,72,883,2366,217.245333,1737.96266
500,line_77_c14,73,884,2368,217.415235,1739.32188
500,line_77_c14,74,885,2370,217.592442,1740.73954
500,line_77_c14,75,886,2372,217.776971,1742.21577
500,line_77_c14,76,887,2374,217.968839,1743.75071
500,line_77_c14,77,888,2376,218.168065,1745.34452
500,line_77_c14,78,889,2378,218.374668,1746.99734
500,line_77_c14,79,890,2380,218.588663,1748.70931
500,line_77_c14,80,891,2382,218.810071,1750.48057
500,line_77_c14,81,892,2384,219.03891,1752.31128
500,line_77_c14,82,893,2386,219.275199,1754.20159
500,line_77_c14,83,894,2388,219.518957,1756.15165
500,line_77_c14,84,895,2390,219.770202,1758.16161
500,line_77_c14,85,896,2392,220.028953,1760.23162
500,line_77_c14,86,897,2394,220.295229,1762.36183
500,line_77_c14,87,898,2396,220.569048,1764.55239
500,line_77_c14,88,899,2398,220.850429,1766.80343
500,line_77_c14,89,900,2400,221.139389,1769.11511
500,line_77_c14,90,901,2402,221.435945,1771.48756
500,line_77_c14,91,902,2404,221.740114,1773.92091
500,line_77_c14,92,903,2406,222.051913,1776.4153
500,line_77_c14,93,904,2408,222.371357,1778.97085
500,line_77_c14,94,905,2410,222.69846,1781.58768
500,line_77_c14,95,906,2412,223.033236,1784.26589
500,line_77_c14,96,907,2414,223.375699,1787.00559
500,line_77_c14,97,908,2416,223.725861,1789.80689
500,line_77_c14,98,909,2418,224.083734,1792.66987
500,line_77_c14,99,910,2420,224.449328,1795.59462
500,line_77_c14,100,911,2422,224.822649,1798.5812
500,line_77_c14,101,912,2424,225.203708,1801.62966
500,line_77_c14,102,913,2426,225.592508,1804.74007
500,line_77_c14,103,914,2428,225.989053,1807.91242
500,line_77_c14,104,915,2430,226.393344,1811.14675
500,line_77_c14,105,916,2432,226.805379,1814.44303
500,line_77_c14,106,917,2434,227.225157,1817.80126
500,line_77_c14,107,918,2436,227.652673,1821.22138
500,line_77_c14,108,919,2438,228.087918,1824.70335
500,line_77_c14,109,920,2440,228.530884,1828.24707
500,line_77_c14,110,921,2442,228.981555,1831.85244
500,line_77_c14,111,922,2444,229.439917,1835.51933
500,line_77_c14,112,923,2446,229.905949,1839.24759
500,line_77_c14,113,924,2448,230.37963,1843.03704
500,line_77_c14,114,925,2450,230.860933,1846.88747
500,line_77_c14,115,926,2452,231.349829,1850.79864
500,line_77_c14,116,927,2454,231.846285,1854.77028
500,line_77_c14,117,928,2456,232.350262,1858.8021
500,line_77_c14,118,929,2458,232.861721,1862.89377
500,line_77_c14,119,930,2460,233.380616,1867.04493
500,line_77_c14,120,931,2462,233.906898,1871.25519
500,line_77_c14,121,932,2464,234.440513,1875.52411
500,line_77_c14,122,933,2466,234.981404,1879.85124
500,line_77_c14,123,934,2468,235.529508,1884.23607
500,line_77_c14,124,935,2470,236.084759,1888.67807
500,line_77_c14,125,936,2472,236.647083,1893.17666
500,line_77_c14,126,937,2474,237.216405,1897.73124
500,line_77_c14,127,938,2476,237.792645,1902.34116
500,line_77_c14,128,939,2478,238.375713,1907.0057
500,line_77_c14,129,940,2480,238.965519,1911.72415
500,line_77_c14,130,941,2482,239.561965,1916.49572
500,line_77_c14,131,942,2484,240.164949,1921.31959
500,line_77_c14,132,943,2486,240.774365,1926.19492
500,line_77_c14,133,944,2488,241.390101,1931.12081
500,line_77_c14,134,945,2490,242.01204,1936.09632
500,line_77_c14,135,946,2492,242.64006,1941.12048
500,line_77_c14,136,947,2494,243.274033,1946.19226
500,line_77_c14,137,948,2496,243.913827,1951.31062
500,line_77_c14,138,949,2498,244.559304,1956.47443
500,line_77_c14,139,950,2500,245.210321,1961.68257
500,line_77_c14,140,951,2502,245.866732,1966.93385
500,line_77_c14,141,952,2504,246.528383,1972.22706
500,line_77_c14,142,953,2506,247.195117,1977.56093
500,line_77_c14,143,954,2508,247.866771,1982.93417
500,line_77_c14,144,955,2510,248.543181,1988.34544
500,line_77_c14,145,956,2512,249.224173,1993.79338
500,line_77_c14,146,957,2514,249.909574,1999.27659
500,line_77_c14,147,958,2516,250.599206,2004.79365
500,line_77_c14,148,959,2518,251.292884,2010.34307
500,line_77_c14,149,960,2520,251.990421,2015.92337
500,line_77_c14,150,961,2522,252.691627,2021.53301
500,line_77_c14,151,962,2524,253.396306,2027.17045
500,line_77_c14,152,963,2526,254.104263,2032.8341
500,line_77_c14,153,964,2528,254.815295,2038.52236
500,line_77_c14,154,965,2530,255.529201,2044.23361
500,line_77_c14,155,966,2532,256.245775,2049.9662
500,line_77_c14,156,967,2534,256.964811,2055.71849
500,line_77_c14,157,968,2536,257.686099,2061.48879
500,line_77_c14,158,969,2538,258.409429,2067.27544
500,line_77_c14,159,970,2540,259.134592,2073.07673
500,line_77_c14,160,971,2542,259.861374,2078.891
500,line_77_c14,161,972,2544,260.589566,2084.71653
500,line_77_c14,162,973,2546,261.318955,2090.55164
500,line_77_c14,163,974,2548,262.04933,2096.39464
500,line_77_c14,164,975,2550,262.780482,2102.24386
500,line_77_c14,165,976,2552,263.512203,2108.09762
500,line_77_c14,166,977,2554,264.244285,2113.95428
500,line_77_c14,167,978,2556,264.976524,2119.8122
500,line_77_c14,168,979,2558,265.708719,2125.66975
500,line_77_c14,169,980,2560,266.440669,2131.52535
500,line_77_c14,170,981,2562,267.17218,2137.37744
500,line_77_c14,171,982,2564,267.903059,2143.22447
500,line_77_c14,172,983,2566,268.633121,2149.06496
500,line_77_c14,173,984,2568,269.362181,2154.89745
500,line_77_c14,174,985,2570,270.090064,2160.72051
500,line_77_c14,175,986,2572,270.816596,2166.53277
500,line_77_c14,176,987,2574,271.541612,2172.3329
500,line_77_c14,177,988,2576,272.264952,2178.11962
500,line_77_c14,178,989,2578,272.986464,2183.89171
500,line_77_c14,179,990,2580,273.706,2189.648
500,line_77_c14,180,991,2582,274.423423,2195.38738
500,line_77_c14,181,992,2584,275.138601,2201.10881
500,line_77_c14,182,993,2586,275.851413,2206.8113
500,line_77_c14,183,994,2588,276.561743,2212.49395
500,line_77_c14,184,995,2590,277.269488,2218.1559
500,line_77_c14,185,996,2592,277.974549,2223.79639
500,line_77_c14,186,997,2594,278.676842,2229.41473
500,line_77_c14,187,998,2596,279.376288,2235.0103
500,line_77_c14,188,999,2598,280.072822,2240.58257
500,line_77_c14,189,1000,2600,280.766386,2246.13109
500,line_77_c14,190,1001,2602,281.456934,2251.65547
500,line_77_c14,191,1002,2604,282.144431,2257.15545
500,line_77_c14,192,1003,2606,282.828852,2262.63082
500,line_77_c14,193,1004,2608,283.510185,2268.08148
500,line_77_c14,194,1005,2610,284.188428,2273.50742
500,line_77_c14,195,1006,2612,284.863589,2278.90871
500,line_77_c14,196,1007,2614,285.535691,2284.28553
500,line_77_c14,197,1008,2616,286.204766,2289.63813
500,line_77_c14,198,1009,2618,286.870858,2294.96686
500,line_77_c14,199,1010,2620,287.534024,2300.27219
500,line_77_c14,200,1011,2622,288.194333,2305.55466
500,line_77_c14,201,1012,2624,288.851863,2310.8149
500,line_77_c14,202,1013,2626,289.506706,2316.05365
500,line_77_c14,203,1014,2628,290.158966,2321.27173
500,line_77_c14,204,1015,2630,290.808758,2326.47006
500,line_77_c14,205,1016,2632,291.456207,2331.64966
500,line_77_c14,206,1017,2634,292.101452,2336.81162
500,line_77_c14,207,1018,2636,292.744641,2341.95713
500,line_77_c14,208,1019,2638,293.385934,2347.08747
500,line_77_c14,209,1020,2640,294.025501,2352.20401
500,line_77_c14,210,1021,2642,294.663523,2357.30818
500,line_77_c14,211,1022,2644,295.300191,2362.40153
500,line_77_c14,212,1023,2646,295.935707,2367.48565
500,line_77_c14,213,1024,2648,296.570279,2372.56223
500,line_77_c14,214,1025,2650,297.204128,2377.63303
500,line_77_c14,215,1026,2652,297.837482,2382.69986
500,line_77_c14,216,1027,2654,298.470577,2387.76462
500,line_77_c14,217,1028,2656,299.103657,2392.82926
500,line_77_c14,218,1029,2658,299.736975,2397.8958
500,line_77_c14,219,1030,2660,300.370787,2402.96629
500,line_77_c14,220,1031,2662,301.005359,2408.04287
500,line_77_c14,221,1032,2664,301.640961,2413.12769
500,line_77_c14,222,1033,2666,302.277869,2418.22295
500,line_77_c14,223,1034,2668,302.916362,2423.3309
500,line_77_c14,224,1035,2670,303.556726,2428.45381
500,line_77_c14,225,1036,2672,304.199248,2433.59398
500,line_77_c14,226,1037,2674,304.844217,2438.75374
500,line_77_c14,227,1038,2676,305.491926,2443.93541
500,line_77_c14,228,1039,2678,306.14267,2449.14136
500,line_77_c14,229,1040,2680,306.796741,2454.37393
500,line_77_c14,230,1041,2682,307.454434,2459.63547
500,line_77_c14,231,1042,2684,308.116043,2464.92835
500,line_77_c14,232,1043,2686,308.781861,2470.25488
500,line_77_c14,233,1044,2688,309.452175,2475.6174
500,line_77_c14,234,1045,2690,310.127275,2481.0182
500,line_77_c14,235,1046,2692,310.807442,2486.45954
500,line_77_c14,236,1047,2694,311.492956,2491.94365
500,line_77_c14,237,1048,2696,312.184091,2497.47273
500,line_77_c14,238,1049,2698,312.881114,2503.04891
500,line_77_c14,239,1050,2700,313.584286,2508.67429
500,line_77_c14,240,1051,2702,314.293862,2514.3509
500,line_77_c14,241,1052,2704,315.010088,2520.08071
500,line_77_c14,242,1053,2706,315.733201,2525.86561
500,line_77_c14,243,1054,2708,316.463428,2531.70743
500,line_77_c14,244,1055,2710,317.200988,2537.60791
500,line_77_c14,245,1056,2712,317.946088,2543.56871
500,line_77_c14,246,1057,2714,318.698924,2549.59139
500,line_77_c14,247,1058,2716,319.459679,2555.67743
500,line_77_c14,248,1059,2718,320.228524,2561.82819
500,line_77_c14,249,1060,2720,321.005618,2568.04495
500,line_77_c14,250,1061,2722,321.791106,2574.32885
500,line_77_c14,251,1062,2724,322.585118,2580.68094
500,line_77_c14,252,1063,2726,323.387769,2587.10215
500,line_77_c14,253,1064,2728,324.19916,2593.59328
500,line_77_c14,254,1065,2730,325.019377,2600.15502
500,line_77_c14,255,1066,2732,325.848489,2606.78791
500,line_77_c14,256,1067,2734,326.686548,2613.49239
500,line_77_c14,257,1068,2736,327.533592,2620.26873
500,line_77_c14,258,1069,2738,328.38964,2627.11712
500,line_77_c14,259,1070,2740,329.254694,2634.03755
500,line_77_c14,260,1071,2742,330.128741,2641.02993
500,line_77_c14,261,1072,2744,331.011749,2648.09399
500,line_77_c14,262,1073,2746,331.903668,2655.22934
500,line_77_c14,263,1074,2748,332.804431,2662.43545
500,line_77_c14,264,1075,2750,333.713954,2669.71163
500,line_77_c14,265,1076,2752,334.632136,2677.05708
500,line_77_c14,266,1077,2754,335.558855,2684.47084
500,line_77_c14,267,1078,2756,336.493977,2691.95181
500,line_77_c14,268,1079,2758,337.437346,2699.49877
500,line_77_c14,269,1080,2760,338.388792,2707.11033
500,line_77_c14,270,1081,2762,339.348126,2714.78501
500,line_77_c14,271,1082,2764,340.315145,2722.52116
500,line_77_c14,272,1083,2766,341.289627,2730.31702
500,line_77_c14,273,1084,2768,342.271337,2738.17069
500,line_77_c14,274,1085,2770,343.260022,2746.08017
500,line_77_c14,275,1086,2772,344.255415,2754.04332
500,line_77_c14,276,1087,2774,345.257236,2762.05789
500,line_77_c14,277,1088,2776,346.265189,2770.12151
500,line_77_c14,278,1089,2778,347.278966,2778.23173
500,line_77_c14,279,1090,2780,348.298246,2786.38597
500,line_77_c14,280,1091,2782,349.322694,2794.58155
500,line_77_c14,281,1092,2784,350.351963,2802.81571
500,line_77_c14,282,1093,2786,351.385698,2811.08558
500,line_77_c14,283,1094,2788,352.423528,2819.38823
500,line_77_c14,284,1095,2790,353.465078,2827.72063
500,line_77_c14,285,1096,2792,354.509961,2836.07969
500,line_77_c14,286,1097,2794,355.557783,2844.46226
500,line_77_c14,287,1098,2796,356.60814,2852.86512
500,line_77_c14,288,1099,2798,357.660625,2861.285
500,line_77_c14,289,1100,2800,358.714821,2869.71857
500,line_77_c14,290,1101,2802,359.770309,2878.16247
500,line_77_c14,291,1102,2804,360.826665,2886.61332
500,line_77_c14,292,1103,2806,361.883461,2895.06769
500,line_77_c14,293,1104,2808,362.940266,2903.52213
500,line_77_c14,294,1105,2810,363.996646,2911.97317
500,line_77_c14,295,1106,2812,365.052168,2920.41734
500,line_77_c14,296,1107,2814,366.106395,2928.85116
500,line_77_c14,297,1108,2816,367.158892,2937.27114
500,line_77_c14,298,1109,2818,368.209227,2945.67382
500,line_77_c14,299,1110,2820,369.25697,2954.05576
500,line_77_c14,300,1111,2822,370.30169,2962.41352
500,line_77_c14,301,1112,2824,371.342964,2970.74371
500,line_77_c14,302,1113,2826,372.38037,2979.04296
500,line_77_c14,303,1114,2828,373.41349,2987.30792
500,line_77_c14,304,1115,2830,374.441913,2995.5353
500,line_77_c14,305,1116,2832,375.465232,3003.72185
500,line_77_c14,306,1117,2834,376.483047,3011.86438
500,line_77_c14,307,1118,2836,377.494966,3019.95973
500,line_77_c14,308,1119,2838,378.500604,3028.00483
500,line_77_c14,309,1120,2840,379.499581,3035.99665
500,line_77_c14,310,1121,2842,380.49153,3043.93224
500,line_77_c14,311,1122,2844,381.476091,3051.80873
500,line_77_c14,312,1123,2846,382.452913,3059.6233
500,line_77_c14,313,1124,2848,383.421655,3067.37324
500,line_77_c14,314,1125,2850,384.381986,3075.05589
500,line_77_c14,315,1126,2852,385.333586,3082.66869
500,line_77_c14,316,1127,2854,386.276147,3090.20918
500,line_77_c14,317,1128,2856,387.20937,3097.67496
500,line_77_c14,318,1129,2858,388.132968,3105.06375
500,line_77_c14,319,1130,2860,389.046666,3112.37333
500,line_77_c14,320,1131,2862,389.950199,3119.6016
500,line_77_c14,321,1132,2864,390.843317,3126.74654
500,line_77_c14,322,1133,2866,391.725778,3133.80623
500,line_77_c14,323,1134,2868,392.597356,3140.77885
500,line_77_c14,324,1135,2870,393.457834,3147.66267
500,line_77_c14,325,1136,2872,394.307008,3154.45607
500,line_77_c14,326,1137,2874,395.144688,3161.1575
500,line_77_c14,327,1138,2876,395.970693,3167.76554
500,line_77_c14,328,1139,2878,396.784856,3174.27885
500,line_77_c14,329,1140,2880,397.587021,3180.69617
500,line_77_c14,330,1141,2882,398.377044,3187.01635
500,line_77_c14,331,1142,2884,399.154793,3193.23834
500,line_77_c14,332,1143,2886,399.920145,3199.36116
500,line_77_c14,333,1144,2888,400.672992,3205.38393
500,line_77_c14,334,1145,2890,401.413232,3211.30586
500,line_77_c14,335,1146,2892,402.140779,3217.12623
500,line_77_c14,336,1147,2894,402.855553,3222.84442
500,line_77_c14,337,1148,2896,403.557487,3228.4599
500,line_77_c14,338,1149,2898,404.246523,3233.97218
500,line_77_c14,339,1150,2900,404.922611,3239.38089
500,line_77_c14,340,1151,2902,405.585712,3244.6857
500,line_77_c14,341,1152,2904,406.235797,3249.88637
500,line_77_c14,342,1153,2906,406.872841,3254.98273
500,line_77_c14,343,1154,2908,407.496833,3259.97466
500,line_77_c14,344,1155,2910,408.107764,3264.86211
500,line_77_c14,345,1156,2912,408.705638,3269.6451
500,line_77_c14,346,1157,2914,409.290462,3274.3237
500,line_77_c14,347,1158,2916,409.862253,3278.89802
500,line_77_c14,348,1159,2918,410.421031,3283.36825
500,line_77_c14,349,1160,2920,410.966825,3287.7346
500,line_77_c14,350,1161,2922,411.499668,3291.99735
500,line_77_c14,351,1162,2924,412.019599,3296.15679
500,line_77_c14,352,1163,2926,412.526662,3300.21329
500,line_77_c14,353,1164,2928,413.020904,3304.16723
500,line_77_c14,354,1165,2930,413.502378,3308.01902
500,line_77_c14,355,1166,2932,413.971138,3311.76911
500,line_77_c14,356,1167,2934,414.427246,3315.41797
500,line_77_c14,357,1168,2936,414.870764,3318.96611
500,line_77_c14,358,1169,2938,415.301757,3322.41405
500,line_77_c14,359,1170,2940,415.720294,3325.76235
500,line_77_c14,360,1171,2942,416.126444,3329.01155
500,line_77_c14,361,1172,2944,416.520281,3332.16225
500,line_77_c14,362,1173,2946,416.901877,3335.21501
500,line_77_c14,363,1174,2948,417.271305,3338.17044
500,line_77_c14,364,1175,2950,417.628643,3341.02915
500,line_77_c14,365,1176,2952,417.973967,3343.79174
500,line_77_c14,366,1177,2954,418.307352,3346.45882
500,line_77_c14,367,1178,2956,418.628875,3349.031
500,line_77_c14,368,1179,2958,418.938612,3351.50889
500,line_77_c14,369,1180,2960,419.236639,3353.89311
500,line_77_c14,370,1181,2962,419.523032,3356.18425
500,line_77_c14,371,1182,2964,419.797866,3358.38293
500,line_77_c14,372,1183,2966,420.061213,3360.4897
500,line_77_c14,373,1184,2968,420.313146,3362.50516
500,line_77_c14,374,1185,2970,420.553736,3364.42989
500,line_77_c14,375,1186,2972,420.783051,3366.26441
500,line_77_c14,376,1187,2974,421.00116,3368.00928
500,line_77_c14,377,1188,2976,421.208127,3369.66502
500,line_77_c14,378,1189,2978,421.404018,3371.23214
500,line_77_c14,379,1190,2980,421.588891,3372.71113
500,line_77_c14,380,1191,2982,421.762807,3374.10246
500,line_77_c14,381,1192,2984,421.925818,3375.40654
500,line_77_c14,382,1193,2986,422.077977,3376.62382
500,line_77_c14,383,1194,2988,422.219336,3377.75469
500,line_77_c14,384,1195,2990,422.36306,3378.90448
500,line_77_c14,385,1196,2992,422.489943,3379.91955
500,line_77_c14,386,1197,2994,422.635016,3381.08013
500,line_77_c14,387,1198,2996,422.739014,3381.91211
500,line_77_c14,388,1199,2998,422.870394,3382.96315
500,line_77_c14,389,1200,3000,423.006266,3384.05013
500,line_77_c14,390,1201,3002,423.137089,3385.09671
500,line_77_c14,391,1202,3004,423.263793,3386.11034
500,line_77_c14,392,1203,3006,423.373077,3386.98462
500,line_77_c14,393,1204,3008,423.511358,3388.09086
500,line_77_c14,394,1205,3010,423.616098,3388.92879
500,line_89_c6,15,563,1726,354.068804,2832.55044
500,line_89_c6,16,564,1728,354.085968,2832.68775
500,line_89_c6,17,565,1730,354.107276,2832.85821
500,line_89_c6,18,566,1732,354.126974,2833.01579
500,line_89_c6,19,567,1734,354.155004,2833.24003
500,line_89_c6,20,568,1736,354.176892,2833.41513
500,line_89_c6,21,569,1738,354.206415,2833.65132
500,line_89_c6,22,570,1740,354.237796,2833.90237
500,line_89_c6,23,571,1742,354.269296,2834.15437
500,line_89_c6,24,572,1744,354.305,2834.44
500,line_89_c6,25,573,1746,354.341422,2834.73138
500,line_89_c6,26,574,1748,354.381104,2835.04883
500,line_89_c6,27,575,1750,354.421542,2835.37234
500,line_89_c6,28,576,1752,354.465116,2835.72093
500,line_89_c6,29,577,1754,354.511859,2836.09487
500,line_89_c6,30,578,1756,354.561808,2836.49446
500,line_89_c6,31,579,1758,354.615,2836.92
500,line_89_c6,32,580,1760,354.671476,2837.37181
500,line_89_c6,33,581,1762,354.731277,2837.85022
500,line_89_c6,34,582,1764,354.794445,2838.35556
500,line_89_c6,35,583,1766,354.861024,2838.88819
500,line_89_c6,36,584,1768,354.931058,2839.44846
500,line_89_c6,37,585,1770,355.004593,2840.03674
500,line_89_c6,38,586,1772,355.081674,2840.65339
500,line_89_c6,39,587,1774,355.16235,2841.2988
500,line_89_c6,40,588,1776,355.246667,2841.97334
500,line_89_c6,41,589,1778,355.334675,2842.6774
500,line_89_c6,42,590,1780,355.42642,2843.41136
500,line_89_c6,43,591,1782,355.52195,2844.1756
500,line_89_c6,44,592,1784,355.621314,2844.97051
500,line_89_c6,45,593,1786,355.724559,2845.79647
500,line_89_c6,46,594,1788,355.831733,2846.65386
500,line_89_c6,47,595,1790,355.942881,2847.54305
500,line_89_c6,48,596,1792,356.058049,2848.46439
500,line_89_c6,49,597,1794,356.17728,2849.41824
500,line_89_c6,50,598,1796,356.300615,2850.40492
500,line_89_c6,51,599,1798,356.428096,2851.42477
500,line_89_c6,52,600,1800,356.559761,2852.47809
500,line_89_c6,53,601,1802,356.695648,2853.56519
500,line_89_c6,54,602,1804,356.835792,2854.68633
500,line_89_c6,55,603,1806,356.980224,2855.84179
500,line_89_c6,56,604,1808,357.128976,2857.03181
500,line_89_c6,57,605,1810,357.282077,2858.25662
500,line_89_c6,58,606,1812,357.439552,2859.51641
500,line_89_c6,59,607,1814,357.601423,2860.81139
500,line_89_c6,60,608,1816,357.767712,2862.1417
500,line_89_c6,61,609,1818,357.938436,2863.50749
500,line_89_c6,62,610,1820,358.113608,2864.90887
500,line_89_c6,63,611,1822,358.293241,2866.34593
500,line_89_c6,64,612,1824,358.477342,2867.81874
500,line_89_c6,65,613,1826,358.665916,2869.32733
500,line_89_c6,66,614,1828,358.858964,2870.87171
500,line_89_c6,67,615,1830,359.056484,2872.45187
500,line_89_c6,68,616,1832,359.25847,2874.06776
500,line_89_c6,69,617,1834,359.464914,2875.71931
500,line_89_c6,70,618,1836,359.675801,2877.40641
500,line_89_c6,71,619,1838,359.891116,2879.12893
500,line_89_c6,72,620,1840,360.110838,2880.88671
500,line_89_c6,73,621,1842,360.334944,2882.67955
500,line_89_c6,74,622,1844,360.563405,2884.50724
500,line_89_c6,75,623,1846,360.796192,2886.36953
500,line_89_c6,76,624,1848,361.033268,2888.26615
500,line_89_c6,77,625,1850,361.274597,2890.19678
500,line_89_c6,78,626,1852,361.520136,2892.16109
500,line_89_c6,79,627,1854,361.769841,2894.15873
500,line_89_c6,80,628,1856,362.023662,2896.1893
500,line_89_c6,81,629,1858,362.281549,2898.25239
500,line_89_c6,82,630,1860,362.543447,2900.34758
500,line_89_c6,83,631,1862,362.809298,2902.47438
500,line_89_c6,84,632,1864,363.079041,2904.63233
500,line_89_c6,85,633,1866,363.352614,2906.82091
500,line_89_c6,86,634,1868,363.62995,2909.0396
500,line_89_c6,87,635,1870,363.910982,2911.28785
500,line_89_c6,88,636,1872,364.195639,2913.56511
500,line_89_c6,89,637,1874,364.483849,2915.87079
500,line_89_c6,90,638,1876,364.775537,2918.2043
500,line_89_c6,91,639,1878,365.070628,2920.56503
500,line_89_c6,92,640,1880,365.369046,2922.95236
500,line_89_c6,93,641,1882,365.67071,2925.36568
500,line_89_c6,94,642,1884,365.975544,2927.80435
500,line_89_c6,95,643,1886,366.283466,2930.26773
500,line_89_c6,96,644,1888,366.594398,2932.75518
500,line_89_c6,97,645,1890,366.908258,2935.26607
500,line_89_c6,98,646,1892,367.224969,2937.79975
500,line_89_c6,99,647,1894,367.544449,2940.35559
500,line_89_c6,100,648,1896,367.86662,2942.93296
500,line_89_c6,101,649,1898,368.191405,2945.53124
500,line_89_c6,102,650,1900,368.518727,2948.14981
500,line_89_c6,103,651,1902,368.848511,2950.78809
500,line_89_c6,104,652,1904,369.180684,2953.44547
500,line_89_c6,105,653,1906,369.515175,2956.1214
500,line_89_c6,106,654,1908,369.851915,2958.81532
500,line_89_c6,107,655,1910,370.190838,2961.5267
500,line_89_c6,108,656,1912,370.53188,2964.25504
500,line_89_c6,109,657,1914,370.874981,2966.99985
500,line_89_c6,110,658,1916,371.220083,2969.76066
500,line_89_c6,111,659,1918,371.567133,2972.53706
500,line_89_c6,112,660,1920,371.916081,2975.32865
500,line_89_c6,113,661,1922,372.266881,2978.13505
500,line_89_c6,114,662,1924,372.619491,2980.95593
500,line_89_c6,115,663,1926,372.973873,2983.79099
500,line_89_c6,116,664,1928,373.329996,2986.63997
500,line_89_c6,117,665,1930,373.68783,2989.50264
500,line_89_c6,118,666,1932,374.047351,2992.37881
500,line_89_c6,119,667,1934,374.408542,2995.26834
500,line_89_c6,120,668,1936,374.771389,2998.17112
500,line_89_c6,121,669,1938,375.135884,3001.08707
500,line_89_c6,122,670,1940,375.502024,3004.01619
500,line_89_c6,123,671,1942,375.869811,3006.95848
500,line_89_c6,124,672,1944,376.239252,3009.91402
500,line_89_c6,125,673,1946,376.610361,3012.88289
500,line_89_c6,126,674,1948,376.983157,3015.86526
500,line_89_c6,127,675,1950,377.357663,3018.86131
500,line_89_c6,128,676,1952,377.733909,3021.87127
500,line_89_c6,129,677,1954,378.111929,3024.89543
500,line_89_c6,130,678,1956,378.491764,3027.93411
500,line_89_c6,131,679,1958,378.873457,3030.98766
500,line_89_c6,132,680,1960,379.257061,3034.05649
500,line_89_c6,133,681,1962,379.642629,3037.14103
500,line_89_c6,134,682,1964,380.030222,3040.24178
500,line_89_c6,135,683,1966,380.419905,3043.35924
500,line_89_c6,136,684,1968,380.811747,3046.49398
500,line_89_c6,137,685,1970,381.205822,3049.64657
500,line_89_c6,138,686,1972,381.602206,3052.81765
500,line_89_c6,139,687,1974,382.000983,3056.00786
500,line_89_c6,140,688,1976,382.402236,3059.21789
500,line_89_c6,141,689,1978,382.806055,3062.44844
500,line_89_c6,142,690,1980,383.212532,3065.70026
500,line_89_c6,143,691,1982,383.621761,3068.97409
500,line_89_c6,144,692,1984,384.033839,3072.27071
500,line_89_c6,145,693,1986,384.448866,3075.59093
500,line_89_c6,146,694,1988,384.866944,3078.93555
500,line_89_c6,147,695,1990,385.288175,3082.3054
500,line_89_c6,148,696,1992,385.712664,3085.70131
500,line_89_c6,149,697,1994,386.140517,3089.12413
500,line_89_c6,150,698,1996,386.571839,3092.57471
500,line_89_c6,151,699,1998,387.006738,3096.0539
500,line_89_c6,152,700,2000,387.445319,3099.56255
500,line_89_c6,153,701,2002,387.887689,3103.10151
500,line_89_c6,154,702,2004,388.333952,3106.67162
500,line_89_c6,155,703,2006,388.784215,3110.27372
500,line_89_c6,156,704,2008,389.238578,3113.90863
500,line_89_c6,157,705,2010,389.697144,3117.57715
500,line_89_c6,158,706,2012,390.160012,3121.28009
500,line_89_c6,159,707,2014,390.627278,3125.01822
500,line_89_c6,160,708,2016,391.099036,3128.79229
500,line_89_c6,161,709,2018,391.575378,3132.60303
500,line_89_c6,162,710,2020,392.056391,3136.45113
500,line_89_c6,163,711,2022,392.542159,3140.33727
500,line_89_c6,164,712,2024,393.032762,3144.2621
500,line_89_c6,165,713,2026,393.528277,3148.22621
500,line_89_c6,166,714,2028,394.028774,3152.23019
500,line_89_c6,167,715,2030,394.53432,3156.27456
500,line_89_c6,168,716,2032,395.044977,3160.35982
500,line_89_c6,169,717,2034,395.560802,3164.48642
500,line_89_c6,170,718,2036,396.081847,3168.65477
500,line_89_c6,171,719,2038,396.608156,3172.86525
500,line_89_c6,172,720,2040,397.139771,3177.11816
500,line_89_c6,173,721,2042,397.676725,3181.4138
500,line_89_c6,174,722,2044,398.219047,3185.75237
500,line_89_c6,175,723,2046,398.766759,3190.13407
500,line_89_c6,176,724,2048,399.319878,3194.55902
500,line_89_c6,177,725,2050,399.878413,3199.0273
500,line_89_c6,178,726,2052,400.442368,3203.53895
500,line_89_c6,179,727,2054,401.011741,3208.09393
500,line_89_c6,180,728,2056,401.586523,3212.69219
500,line_89_c6,181,729,2058,402.166699,3217.33359
500,line_89_c6,182,730,2060,402.752247,3222.01798
500,line_89_c6,183,731,2062,403.34314,3226.74512
500,line_89_c6,184,732,2064,403.939344,3231.51475
500,line_89_c6,185,733,2066,404.540819,3236.32656
500,line_89_c6,186,734,2068,405.14752,3241.18016
500,line_89_c6,187,735,2070,405.759395,3246.07516
500,line_89_c6,188,736,2072,406.376387,3251.0111
500,line_89_c6,189,737,2074,406.998433,3255.98746
500,line_89_c6,190,738,2076,407.625464,3261.00371
500,line_89_c6,191,739,2078,408.257408,3266.05926
500,line_89_c6,192,740,2080,408.894186,3271.15349
500,line_89_c6,193,741,2082,409.535714,3276.28571
500,line_89_c6,194,742,2084,410.181906,3281.45525
500,line_89_c6,195,743,2086,410.832669,3286.66135
500,line_89_c6,196,744,2088,411.487906,3291.90325
500,line_89_c6,197,745,2090,412.14752,3297.18016
500,line_89_c6,198,746,2092,412.811405,3302.49124
500,line_89_c6,199,747,2094,413.479455,3307.83564
500,line_89_c6,200,748,2096,414.151562,3313.21249
500,line_89_c6,201,749,2098,414.827612,3318.6209
500,line_89_c6,202,750,2100,415.507492,3324.05994
500,line_89_c6,203,751,2102,416.191084,3329.52868
500,line_89_c6,204,752,2104,416.878271,3335.02617
500,line_89_c6,205,753,2106,417.568932,3340.55146
500,line_89_c6,206,754,2108,418.262947,3346.10358
500,line_89_c6,207,755,2110,418.960194,3351.68155
500,line_89_c6,208,756,2112,419.66055,3357.2844
500,line_89_c6,209,757,2114,420.363892,3362.91113
500,line_89_c6,210,758,2116,421.070098,3368.56078
500,line_89_c6,211,759,2118,421.779046,3374.23237
500,line_89_c6,212,760,2120,422.490614,3379.92491
500,line_89_c6,213,761,2122,423.204682,3385.63746
500,line_89_c6,214,762,2124,423.92113,3391.36904
500,line_89_c6,215,763,2126,424.639839,3397.11871
500,line_89_c6,216,764,2128,425.360694,3402.88555
500,line_89_c6,217,765,2130,426.083579,3408.66864
500,line_89_c6,218,766,2132,426.808383,3414.46707
500,line_89_c6,219,767,2134,427.534995,3420.27996
500,line_89_c6,220,768,2136,428.263308,3426.10646
500,line_89_c6,221,769,2138,428.993216,3431.94573
500,line_89_c6,222,770,2140,429.724619,3437.79695
500,line_89_c6,223,771,2142,430.457417,3443.65933
500,line_89_c6,224,772,2144,431.191515,3449.53212
500,line_89_c6,225,773,2146,431.926822,3455.41457
500,line_89_c6,226,774,2148,432.663248,3461.30599
500,line_89_c6,227,775,2150,433.40071,3467.20568
500,line_89_c6,228,776,2152,434.139126,3473.11301
500,line_89_c6,229,777,2154,434.878418,3479.02735
500,line_89_c6,230,778,2156,435.618514,3484.94811
500,line_89_c6,231,779,2158,436.359344,3490.87475
500,line_89_c6,232,780,2160,437.100843,3496.80674
500,line_89_c6,233,781,2162,437.842948,3502.74359
500,line_89_c6,234,782,2164,438.585604,3508.68483
500,line_89_c6,235,783,2166,439.328755,3514.63004
500,line_89_c6,236,784,2168,440.072354,3520.57883
500,line_89_c6,237,785,2170,440.816353,3526.53083
500,line_89_c6,238,786,2172,441.560713,3532.4857
500,line_89_c6,239,787,2174,442.305394,3538.44315
500,line_89_c6,240,788,2176,443.050362,3544.4029
500,line_89_c6,241,789,2178,443.795588,3550.36471
500,line_89_c6,242,790,2180,444.541045,3556.32836
500,line_89_c6,243,791,2182,445.286709,3562.29367
500,line_89_c6,244,792,2184,446.032559,3568.26047
500,line_89_c6,245,793,2186,446.77858,3574.22864
500,line_89_c6,246,794,2188,447.524756,3580.19805
500,line_89_c6,247,795,2190,448.271077,3586.16862
500,line_89_c6,248,796,2192,449.017534,3592.14027
500,line_89_c6,249,797,2194,449.764122,3598.11298
500,line_89_c6,250,798,2196,450.510837,3604.0867
500,line_89_c6,251,799,2198,451.257678,3610.06143
500,line_89_c6,252,800,2200,452.004646,3616.03716
500,line_89_c6,253,801,2202,452.751742,3622.01394
500,line_89_c6,254,802,2204,453.498972,3627.99177
500,line_89_c6,255,803,2206,454.24634,3633.97072
500,line_89_c6,256,804,2208,454.993855,3639.95084
500,line_89_c6,257,805,2210,455.741523,3645.93219
500,line_89_c6,258,806,2212,456.489355,3651.91484
500,line_89_c6,259,807,2214,457.237358,3657.89887
500,line_89_c6,260,808,2216,457.985544,3663.88436
500,line_89_c6,261,809,2218,458.733924,3669.87139
500,line_89_c6,262,810,2220,459.482506,3675.86005
500,line_89_c6,263,811,2222,460.231302,3681.85042
500,line_89_c6,264,812,2224,460.980322,3687.84258
500,line_89_c6,265,813,2226,461.729575,3693.8366
500,line_89_c6,266,814,2228,462.47907,3699.83256
500,line_89_c6,267,815,2230,463.228816,3705.83052
500,line_89_c6,268,816,2232,463.978817,3711.83054
500,line_89_c6,269,817,2234,464.729081,3717.83265
500,line_89_c6,270,818,2236,465.479611,3723.83689
500,line_89_c6,271,819,2238,466.230411,3729.84328
500,line_89_c6,272,820,2240,466.981479,3735.85184
500,line_89_c6,273,821,2242,467.732817,3741.86254
500,line_89_c6,274,822,2244,468.48442,3747.87536
500,line_89_c6,275,823,2246,469.236285,3753.89028
500,line_89_c6,276,824,2248,469.988402,3759.90722
500,line_89_c6,277,825,2250,470.740763,3765.92611
500,line_89_c6,278,826,2252,471.493357,3771.94685
500,line_89_c6,279,827,2254,472.246167,3777.96934
500,line_89_c6,280,828,2256,472.999178,3783.99342
500,line_89_c6,281,829,2258,473.752369,3790.01895
500,line_89_c6,282,830,2260,474.505718,3796.04574
500,line_89_c6,283,831,2262,475.259198,3802.07359
500,line_89_c6,284,832,2264,476.012783,3808.10227
500,line_89_c6,285,833,2266,476.766441,3814.13153
500,line_89_c6,286,834,2268,477.520137,3820.1611
500,line_89_c6,287,835,2270,478.273835,3826.19068
500,line_89_c6,288,836,2272,479.027494,3832.21995
500,line_89_c6,289,837,2274,479.781072,3838.24857
500,line_89_c6,290,838,2276,480.534522,3844.27617
500,line_89_c6,291,839,2278,481.287794,3850.30235
500,line_89_c6,292,840,2280,482.040837,3856.3267
500,line_89_c6,293,841,2282,482.793596,3862.34877
500,line_89_c6,294,842,2284,483.546012,3868.36809
500,line_89_c6,295,843,2286,484.298024,3874.38419
500,line_89_c6,296,844,2288,485.049568,3880.39655
500,line_89_c6,297,845,2290,485.800579,3886.40463
500,line_89_c6,298,846,2292,486.550986,3892.40789
500,line_89_c6,299,847,2294,487.300717,3898.40573
500,line_89_c6,300,848,2296,488.049698,3904.39758
500,line_89_c6,301,849,2298,488.79785,3910.3828
500,line_89_c6,302,850,2300,489.545097,3916.36077
500,line_89_c6,303,851,2302,490.291356,3922.33084
500,line_89_c6,304,852,2304,491.036543,3928.29234
500,line_89_c6,305,853,2306,491.780569,3934.24455
500,line_89_c6,306,854,2308,492.523347,3940.18677
500,line_89_c6,307,855,2310,493.264783,3946.11827
500,line_89_c6,308,856,2312,494.004785,3952.03828
500,line_89_c6,309,857,2314,494.743255,3957.94604
500,line_89_c6,310,858,2316,495.480096,3963.84077
500,line_89_c6,311,859,2318,496.215207,3969.72166
500,line_89_c6,312,860,2320,496.948487,3975.5879
500,line_89_c6,313,861,2322,497.679834,3981.43867
500,line_89_c6,314,862,2324,498.409142,3987.27313
500,line_89_c6,315,863,2326,499.136306,3993.09045
500,line_89_c6,316,864,2328,499.861219,3998.88975
500,line_89_c6,317,865,2330,500.583773,4004.67018
500,line_89_c6,318,866,2332,501.303858,4010.43086
500,line_89_c6,319,867,2334,502.021362,4016.1709
500,line_89_c6,320,868,2336,502.736176,4021.88941
500,line_89_c6,321,869,2338,503.448188,4027.5855
500,line_89_c6,322,870,2340,504.157285,4033.25828
500,line_89_c6,323,871,2342,504.863353,4038.90683
500,line_89_c6,324,872,2344,505.566281,4044.53025
500,line_89_c6,325,873,2346,506.265954,4050.12764
500,line_89_c6,326,874,2348,506.962261,4055.69809
500,line_89_c6,327,875,2350,507.655088,4061.24071
500,line_89_c6,328,876,2352,508.344324,4066.75459
500,line_89_c6,329,877,2354,509.029854,4072.23883
500,line_89_c6,330,878,2356,509.711567,4077.69254
500,line_89_c6,331,879,2358,510.389351,4083.11481
500,line_89_c6,332,880,2360,511.063094,4088.50475
500,line_89_c6,333,881,2362,511.732685,4093.86148
500,line_89_c6,334,882,2364,512.398013,4099.18411
500,line_89_c6,335,883,2366,513.058969,4104.47175
500,line_89_c6,336,884,2368,513.715444,4109.72355
500,line_89_c6,337,885,2370,514.36733,4114.93864
500,line_89_c6,338,886,2372,515.014521,4120.11616
500,line_89_c6,339,887,2374,515.65691,4125.25528
500,line_89_c6,340,888,2376,516.294394,4130.35515
500,line_89_c6,341,889,2378,516.92687,4135.41496
500,line_89_c6,342,890,2380,517.554237,4140.43389
500,line_89_c6,343,891,2382,518.176393,4145.41115
500,line_89_c6,344,892,2384,518.793242,4150.34594
500,line_89_c6,345,893,2386,519.404687,4155.2375
500,line_89_c6,346,894,2388,520.010633,4160.08507
500,line_89_c6,347,895,2390,520.610988,4164.88791
500,line_89_c6,348,896,2392,521.205661,4169.64529
500,line_89_c6,349,897,2394,521.794563,4174.35651
500,line_89_c6,350,898,2396,522.377608,4179.02087
500,line_89_c6,351,899,2398,522.954712,4183.6377
500,line_89_c6,352,900,2400,523.525793,4188.20634
500,line_89_c6,353,901,2402,524.090771,4192.72617
500,line_89_c6,354,902,2404,524.64957,4197.19656
500,line_89_c6,355,903,2406,525.202114,4201.61692
500,line_89_c6,356,904,2408,525.748334,4205.98667
500,line_89_c6,357,905,2410,526.288159,4210.30527
500,line_89_c6,358,906,2412,526.821523,4214.57219
500,line_89_c6,359,907,2414,527.348363,4218.78691
500,line_89_c6,360,908,2416,527.868618,4222.94895
500,line_89_c6,361,909,2418,528.38223,4227.05784
500,line_89_c6,362,910,2420,528.889145,4231.11316
500,line_89_c6,363,911,2422,529.389311,4235.11449
500,line_89_c6,364,912,2424,529.882679,4239.06143
500,line_89_c6,365,913,2426,530.369204,4242.95363
500,line_89_c6,366,914,2428,530.848843,4246.79074
500,line_89_c6,367,915,2430,531.321557,4250.57246
500,line_89_c6,368,916,2432,531.787311,4254.29849
500,line_89_c6,369,917,2434,532.246072,4257.96857
500,line_89_c6,370,918,2436,532.697809,4261.58247
500,line_89_c6,371,919,2438,533.142498,4265.13998
500,line_89_c6,372,920,2440,533.580115,4268.64092
500,line_89_c6,373,921,2442,534.010641,4272.08512
500,line_89_c6,374,922,2444,534.434059,4275.47247
500,line_89_c6,375,923,2446,534.850357,4278.80285
500,line_89_c6,376,924,2448,535.259525,4282.0762
500,line_89_c6,377,925,2450,535.661558,4285.29246
500,line_89_c6,378,926,2452,536.056452,4288.45161
500,line_89_c6,379,927,2454,536.444207,4291.55366
500,line_89_c6,380,928,2456,536.824829,4294.59863
500,line_89_c6,381,929,2458,537.198323,4297.58658
500,line_89_c6,382,930,2460,537.564699,4300.51759
500,line_89_c6,383,931,2462,537.923971,4303.39177
500,line_89_c6,384,932,2464,538.276156,4306.20925
500,line_89_c6,385,933,2466,538.621273,4308.97019
500,line_89_c6,386,934,2468,538.959345,4311.67476
500,line_89_c6,387,935,2470,539.290397,4314.32318
500,line_89_c6,388,936,2472,539.614459,4316.91567
500,line_89_c6,389,937,2474,539.931561,4319.45249
500,line_89_c6,390,938,2476,540.241738,4321.93391
500,line_89_c6,391,939,2478,540.545028,4324.36023
500,line_89_c6,392,940,2480,540.841471,4326.73177
500,line_89_c6,393,941,2482,541.131108,4329.04886
500,line_89_c6,394,942,2484,541.413985,4331.31188
500,line_89_c6,395,943,2486,541.690151,4333.5212
500,line_89_c6,396,944,2488,541.959654,4335.67723
500,line_89_c6,397,945,2490,542.222546,4337.78037
500,line_89_c6,398,946,2492,542.478884,4339.83107
500,line_89_c6,399,947,2494,542.728722,4341.82978
500,line_89_c6,400,948,2496,542.972121,4343.77696
500,line_89_c6,401,949,2498,543.209139,4345.67311
500,line_89_c6,402,950,2500,543.43984,4347.51872
500,line_89_c6,403,951,2502,543.664287,4349.3143
500,line_89_c6,404,952,2504,543.882546,4351.06037
500,line_89_c6,405,953,2506,544.094684,4352.75748
500,line_89_c6,406,954,2508,544.30077,4354.40616
500,line_89_c6,407,955,2510,544.500871,4356.00697
500,line_89_c6,408,956,2512,544.695059,4357.56048
500,line_89_c6,409,957,2514,544.883406,4359.06725
500,line_89_c6,410,958,2516,545.065984,4360.52787
500,line_89_c6,411,959,2518,545.242864,4361.94291
500,line_89_c6,412,960,2520,545.414122,4363.31298
500,line_89_c6,413,961,2522,545.579831,4364.63864
500,line_89_c6,414,962,2524,545.740064,4365.92051
500,line_89_c6,415,963,2526,545.894897,4367.15917
500,line_89_c6,416,964,2528,546.044403,4368.35522
500,line_89_c6,417,965,2530,546.188657,4369.50926
500,line_89_c6,418,966,2532,546.327733,4370.62186
500,line_89_c6,419,967,2534,546.461704,4371.69363
500,line_89_c6,420,968,2536,546.590643,4372.72515
500,line_89_c6,421,969,2538,546.714623,4373.71699
500,line_89_c6,422,970,2540,546.833716,4374.66973
500,line_89_c6,423,971,2542,546.947991,4375.58393
500,line_89_c6,424,972,2544,547.057519,4376.46015
500,line_89_c6,425,973,2546,547.162368,4377.29894
500,line_89_c6,426,974,2548,547.262604,4378.10084
500,line_89_c6,427,975,2550,547.358295,4378.86636
500,line_89_c6,428,976,2552,547.449504,4379.59603
500,line_89_c6,429,977,2554,547.536293,4380.29035
500,line_89_c6,430,978,2556,547.618724,4380.9498
500,line_89_c6,431,979,2558,547.696856,4381.57485
500,line_89_c6,432,980,2560,547.770744,4382.16595
500,line_89_c6,433,981,2562,547.840445,4382.72356
500,line_89_c6,434,982,2564,547.90601,4383.24808
500,line_89_c6,435,983,2566,547.967491,4383.73993
500,line_89_c6,436,984,2568,548.024934,4384.19948
500,line_89_c6,437,985,2570,548.078387,4384.62709
500,line_89_c6,438,986,2572,548.12789,4385.02312
500,line_89_c6,439,987,2574,548.179306,4385.43445
500,line_89_c6,440,988,2576,548.221468,4385.77174
500,line_89_c6,441,989,2578,548.287267,4386.29814
500,line_89_c6,442,990,2580,548.344727,4386.75782
500,line_89_c6,443,991,2582,548.388076,4387.10461
500,line_89_c6,444,992,2584,548.445401,4387.56321
500,line_89_c6,445,993,2586,548.496358,4387.97087
500,line_89_c6,446,994,2588,548.549656,4388.39725
500,line_89_c6,447,995,2590,548.594998,4388.75998
500,line_89_c6,448,996,2592,548.640942,4389.12753
500,line_89_c6,449,997,2594,548.674828,4389.39863
500,line_89_c6,450,998,2596,548.7126,4389.7008
500,line_89_c6,451,999,2598,548.74693,4389.97544
500,line_89_c6,452,1000,2600,548.774191,4390.19353
500,line_89_c6,453,1001,2602,548.800775,4390.4062
500,line_89_c6,454,1002,2604,548.830213,4390.64171
500,line_89_c24,29,1157,2914,138.562914,1108.50331
500,line_89_c24,30,1158,2916,138.566086,1108.52869
500,line_89_c24,31,1159,2918,138.571298,1108.57039
500,line_89_c24,32,1160,2920,138.573285,1108.58628
500,line_89_c24,33,1161,2922,138.576776,1108.61421
500,line_89_c24,34,1162,2924,138.580495,1108.64396
500,line_89_c24,35,1163,2926,138.585004,1108.68003
500,line_89_c24,36,1164,2928,138.591258,1108.73006
500,line_89_c24,37,1165,2930,138.599523,1108.79619
500,line_89_c24,38,1166,2932,138.608068,1108.86454
500,line_89_c24,39,1167,2934,138.619262,1108.9541
500,line_89_c24,40,1168,2936,138.635192,1109.08154
500,line_89_c24,41,1169,2938,138.661283,1109.29026
500,line_89_c24,42,1170,2940,138.689986,1109.51989
500,line_89_c24,43,1171,2942,138.721362,1109.77089
500,line_89_c24,44,1172,2944,138.755477,1110.04381
500,line_89_c24,45,1173,2946,138.792401,1110.33921
500,line_89_c24,46,1174,2948,138.832211,1110.65769
500,line_89_c24,47,1175,2950,138.874986,1110.99989
500,line_89_c24,48,1176,2952,138.920812,1111.36649
500,line_89_c24,49,1177,2954,138.969777,1111.75822
500,line_89_c24,50,1178,2956,139.021977,1112.17581
500,line_89_c24,51,1179,2958,139.07751,1112.62008
500,line_89_c24,52,1180,2960,139.13648,1113.09184
500,line_89_c24,53,1181,2962,139.198995,1113.59196
500,line_89_c24,54,1182,2964,139.265167,1114.12134
500,line_89_c24,55,1183,2966,139.335112,1114.6809
500,line_89_c24,56,1184,2968,139.40895,1115.2716
500,line_89_c24,57,1185,2970,139.486807,1115.89446
500,line_89_c24,58,1186,2972,139.568809,1116.55048
500,line_89_c24,59,1187,2974,139.65509,1117.24072
500,line_89_c24,60,1188,2976,139.745785,1117.96628
500,line_89_c24,61,1189,2978,139.841033,1118.72827
500,line_89_c24,62,1190,2980,139.940978,1119.52782
500,line_89_c24,63,1191,2982,140.045765,1120.36612
500,line_89_c24,64,1192,2984,140.155543,1121.24435
500,line_89_c24,65,1193,2986,140.270465,1122.16372
500,line_89_c24,66,1194,2988,140.390686,1123.12549
500,line_89_c24,67,1195,2990,140.516364,1124.13091
500,line_89_c24,68,1196,2992,140.647659,1125.18127
500,line_89_c24,69,1197,2994,140.784735,1126.27788
500,line_89_c24,70,1198,2996,140.927756,1127.42205
500,line_89_c24,71,1199,2998,141.076891,1128.61513
500,line_89_c24,72,1200,3000,141.232309,1129.85847
500,line_89_c24,73,1201,3002,141.394182,1131.15345
500,line_89_c24,74,1202,3004,141.562682,1132.50146
500,line_89_c24,75,1203,3006,141.737986,1133.90389
500,line_89_c24,76,1204,3008,141.920269,1135.36215
500,line_89_c24,77,1205,3010,142.10971,1136.87768
500,line_89_c24,78,1206,3012,142.306487,1138.4519
500,line_89_c24,79,1207,3014,142.510782,1140.08625
500,line_89_c24,80,1208,3016,142.722774,1141.78219
500,line_89_c24,81,1209,3018,142.942646,1143.54117
500,line_89_c24,82,1210,3020,143.17058,1145.36464
500,line_89_c24,83,1211,3022,143.40676,1147.25408
500,line_89_c24,84,1212,3024,143.651367,1149.21094
500,line_89_c24,85,1213,3026,143.904586,1151.23669
500,line_89_c24,86,1214,3028,144.166597,1153.33278
500,line_89_c24,87,1215,3030,144.437582,1155.50065
500,line_89_c24,88,1216,3032,144.71772,1157.74176
500,line_89_c24,89,1217,3034,145.007192,1160.05754
500,line_89_c24,90,1218,3036,145.306176,1162.44941
500,line_89_c24,91,1219,3038,145.614851,1164.91881
500,line_89_c24,92,1220,3040,145.933391,1167.46713
500,line_89_c24,93,1221,3042,146.261974,1170.09579
500,line_89_c24,94,1222,3044,146.600772,1172.80617
500,line_89_c24,95,1223,3046,146.949957,1175.59966
500,line_89_c24,96,1224,3048,147.309703,1178.47762
500,line_89_c24,97,1225,3050,147.680177,1181.44142
500,line_89_c24,98,1226,3052,148.061549,1184.49239
500,line_89_c24,99,1227,3054,148.453985,1187.63188
500,line_89_c24,100,1228,3056,148.857651,1190.86121
500,line_89_c24,101,1229,3058,149.27271,1194.18168
500,line_89_c24,102,1230,3060,149.699322,1197.59458
500,line_89_c24,103,1231,3062,150.137648,1201.10119
500,line_89_c24,104,1232,3064,150.587845,1204.70276
500,line_89_c24,105,1233,3066,151.050069,1208.40055
500,line_89_c24,106,1234,3068,151.524472,1212.19578
500,line_89_c24,107,1235,3070,152.011207,1216.08965
500,line_89_c24,108,1236,3072,152.510422,1220.08337
500,line_89_c24,109,1237,3074,153.022265,1224.17812
500,line_89_c24,110,1238,3076,153.546881,1228.37505
500,line_89_c24,111,1239,3078,154.084415,1232.67532
500,line_89_c24,112,1240,3080,154.635008,1237.08006
500,line_89_c24,113,1241,3082,155.198799,1241.59039
500,line_89_c24,114,1242,3084,155.775928,1246.20743
500,line_89_c24,115,1243,3086,156.366531,1250.93225
500,line_89_c24,116,1244,3088,156.970741,1255.76593
500,line_89_c24,117,1245,3090,157.588692,1260.70954
500,line_89_c24,118,1246,3092,158.220515,1265.76412
500,line_89_c24,119,1247,3094,158.866339,1270.93071
500,line_89_c24,120,1248,3096,159.526291,1276.21033
500,line_89_c24,121,1249,3098,160.200499,1281.60399
500,line_89_c24,122,1250,3100,160.889086,1287.11269
500,line_89_c24,123,1251,3102,161.592176,1292.73741
500,line_89_c24,124,1252,3104,162.309891,1298.47913
500,line_89_c24,125,1253,3106,163.042352,1304.33881
500,line_89_c24,126,1254,3108,163.789677,1310.31742
500,line_89_c24,127,1255,3110,164.551986,1316.41589
500,line_89_c24,128,1256,3112,165.329396,1322.63517
500,line_89_c24,129,1257,3114,166.122022,1328.97618
500,line_89_c24,130,1258,3116,166.929982,1335.43985
500,line_89_c24,131,1259,3118,167.753387,1342.0271
500,line_89_c24,132,1260,3120,168.592353,1348.73882
500,line_89_c24,133,1261,3122,169.446991,1355.57593
500,line_89_c24,134,1262,3124,170.317413,1362.5393
500,line_89_c24,135,1263,3126,171.20373,1369.62984
500,line_89_c24,136,1264,3128,172.106053,1376.84842
500,line_89_c24,137,1265,3130,173.02449,1384.19592
500,line_89_c24,138,1266,3132,173.959152,1391.67321
500,line_89_c24,139,1267,3134,174.910145,1399.28116
500,line_89_c24,140,1268,3136,175.877577,1407.02062
500,line_89_c24,141,1269,3138,176.861555,1414.89244
500,line_89_c24,142,1270,3140,177.862183,1422.89746
500,line_89_c24,143,1271,3142,178.879567,1431.03653
500,line_89_c24,144,1272,3144,179.913809,1439.31047
500,line_89_c24,145,1273,3146,180.965013,1447.7201
500,line_89_c24,146,1274,3148,182.033278,1456.26623
500,line_89_c24,147,1275,3150,183.118705,1464.94964
500,line_89_c24,148,1276,3152,184.22139,1473.77112
500,line_89_c24,149,1277,3154,185.34143,1482.73144
500,line_89_c24,150,1278,3156,186.478919,1491.83136
500,line_89_c24,151,1279,3158,187.633951,1501.07161
500,line_89_c24,152,1280,3160,188.806614,1510.45291
500,line_89_c24,153,1281,3162,189.996998,1519.97598
500,line_89_c24,154,1282,3164,191.205187,1529.6415
500,line_89_c24,155,1283,3166,192.431265,1539.45012
500,line_89_c24,156,1284,3168,193.675311,1549.40249
500,line_89_c24,157,1285,3170,194.937402,1559.49921
500,line_89_c24,158,1286,3172,196.217611,1569.74089
500,line_89_c24,159,1287,3174,197.516009,1580.12807
500,line_89_c24,160,1288,3176,198.832662,1590.66129
500,line_89_c24,161,1289,3178,200.167631,1601.34104
500,line_89_c24,162,1290,3180,201.520974,1612.16779
500,line_89_c24,163,1291,3182,202.892745,1623.14196
500,line_89_c24,164,1292,3184,204.282994,1634.26395
500,line_89_c24,165,1293,3186,205.691763,1645.53411
500,line_89_c24,166,1294,3188,207.119092,1656.95274
500,line_89_c24,167,1295,3190,208.565015,1668.52012
500,line_89_c24,168,1296,3192,210.029558,1680.23647
500,line_89_c24,169,1297,3194,211.512746,1692.10196
500,line_89_c24,170,1298,3196,213.014592,1704.11674
500,line_89_c24,171,1299,3198,214.535109,1716.28087
500,line_89_c24,172,1300,3200,216.074298,1728.59438
500,line_89_c24,173,1301,3202,217.632157,1741.05725
500,line_89_c24,174,1302,3204,219.208675,1753.6694
500,line_89_c24,175,1303,3206,220.803837,1766.4307
500,line_89_c24,176,1304,3208,222.417617,1779.34093
500,line_89_c24,177,1305,3210,224.049984,1792.39987
500,line_89_c24,178,1306,3212,225.700897,1805.60718
500,line_89_c24,179,1307,3214,227.370312,1818.96249
500,line_89_c24,180,1308,3216,229.058171,1832.46537
500,line_89_c24,181,1309,3218,230.764412,1846.1153
500,line_89_c24,182,1310,3220,232.488964,1859.91171
500,line_89_c24,183,1311,3222,234.231748,1873.85398
500,line_89_c24,184,1312,3224,235.992674,1887.94139
500,line_89_c24,185,1313,3226,237.771647,1902.17318
500,line_89_c24,186,1314,3228,239.568562,1916.54849
500,line_89_c24,187,1315,3230,241.383305,1931.06644
500,line_89_c24,188,1316,3232,243.215753,1945.72602
500,line_89_c24,189,1317,3234,245.065776,1960.52621
500,line_89_c24,190,1318,3236,246.933234,1975.46587
500,line_89_c24,191,1319,3238,248.817979,1990.54383
500,line_89_c24,192,1320,3240,250.719853,2005.75883
500,line_89_c24,193,1321,3242,252.638692,2021.10953
500,line_89_c24,194,1322,3244,254.57432,2036.59456
500,line_89_c24,195,1323,3246,256.526555,2052.21244
500,line_89_c24,196,1324,3248,258.495206,2067.96165
500,line_89_c24,197,1325,3250,260.480072,2083.84058
500,line_89_c24,198,1326,3252,262.480946,2099.84757
500,line_89_c24,199,1327,3254,264.497611,2115.98089
500,line_89_c24,200,1328,3256,266.529842,2132.23873
500,line_89_c24,201,1329,3258,268.577405,2148.61924
500,line_89_c24,202,1330,3260,270.640061,2165.12048
500,line_89_c24,203,1331,3262,272.717559,2181.74047
500,line_89_c24,204,1332,3264,274.809644,2198.47715
500,line_89_c24,205,1333,3266,276.916051,2215.32841
500,line_89_c24,206,1334,3268,279.036508,2232.29207
500,line_89_c24,207,1335,3270,281.170737,2249.3659
500,line_89_c24,208,1336,3272,283.318451,2266.5476
500,line_89_c24,209,1337,3274,285.479356,2283.83485
500,line_89_c24,210,1338,3276,287.653154,2301.22523
500,line_89_c24,211,1339,3278,289.839536,2318.71629
500,line_89_c24,212,1340,3280,292.038191,2336.30553
500,line_89_c24,213,1341,3282,294.248799,2353.99039
500,line_89_c24,214,1342,3284,296.471035,2371.76828
500,line_89_c24,215,1343,3286,298.704567,2389.63653
500,line_89_c24,216,1344,3288,300.949058,2407.59247
500,line_89_c24,217,1345,3290,303.204167,2425.63334
500,line_89_c24,218,1346,3292,305.469546,2443.75637
500,line_89_c24,219,1347,3294,307.744842,2461.95874
500,line_89_c24,220,1348,3296,310.029698,2480.23759
500,line_89_c24,221,1349,3298,312.323753,2498.59002
500,line_89_c24,222,1350,3300,314.626639,2517.01311
500,line_89_c24,223,1351,3302,316.937987,2535.5039
500,line_89_c24,224,1352,3304,319.257422,2554.05937
500,line_89_c24,225,1353,3306,321.584565,2572.67652
500,line_89_c24,226,1354,3308,323.919035,2591.35228
500,line_89_c24,227,1355,3310,326.260447,2610.08358
500,line_89_c24,228,1356,3312,328.608413,2628.8673
500,line_89_c24,229,1357,3314,330.96254,2647.70032
500,line_89_c24,230,1358,3316,333.322437,2666.5795
500,line_89_c24,231,1359,3318,335.687706,2685.50165
500,line_89_c24,232,1360,3320,338.057949,2704.46359
500,line_89_c24,233,1361,3322,340.432765,2723.46212
500,line_89_c24,234,1362,3324,342.811753,2742.49402
500,line_89_c24,235,1363,3326,345.194508,2761.55607
500,line_89_c24,236,1364,3328,347.580626,2780.64501
500,line_89_c24,237,1365,3330,349.9697,2799.7576
500,line_89_c24,238,1366,3332,352.361324,2818.89059
500,line_89_c24,239,1367,3334,354.755089,2838.04071
500,line_89_c24,240,1368,3336,357.150588,2857.20471
500,line_89_c24,241,1369,3338,359.547413,2876.37931
500,line_89_c24,242,1370,3340,361.945156,2895.56125
500,line_89_c24,243,1371,3342,364.343409,2914.74727
500,line_89_c24,244,1372,3344,366.741764,2933.93411
500,line_89_c24,245,1373,3346,369.139817,2953.11853
500,line_89_c24,246,1374,3348,371.537161,2972.29729
500,line_89_c24,247,1375,3350,373.933393,2991.46714
500,line_89_c24,248,1376,3352,376.32811,3010.62488
500,line_89_c24,249,1377,3354,378.720913,3029.7673
500,line_89_c24,250,1378,3356,381.111403,3048.89122
500,line_89_c24,251,1379,3358,383.499184,3067.99348
500,line_89_c24,252,1380,3360,385.883864,3087.07091
500,line_89_c24,253,1381,3362,388.265051,3106.12041
500,line_89_c24,254,1382,3364,390.64236,3125.13888
500,line_89_c24,255,1383,3366,393.015406,3144.12325
500,line_89_c24,256,1384,3368,395.383811,3163.07049
500,line_89_c24,257,1385,3370,397.747198,3181.97758
500,line_89_c24,258,1386,3372,400.105197,3200.84157
500,line_89_c24,259,1387,3374,402.457441,3219.65953
500,line_89_c24,260,1388,3376,404.803569,3238.42855
500,line_89_c24,261,1389,3378,407.143225,3257.1458
500,line_89_c24,262,1390,3380,409.476058,3275.80846
500,line_89_c24,263,1391,3382,411.801723,3294.41379
500,line_89_c24,264,1392,3384,414.119883,3312.95907
500,line_89_c24,265,1393,3386,416.430205,3331.44164
500,line_89_c24,266,1394,3388,418.732363,3349.85891
500,line_89_c24,267,1395,3390,421.02604,3368.20832
500,line_89_c24,268,1396,3392,423.310924,3386.48739
500,line_89_c24,269,1397,3394,425.586712,3404.69369
500,line_89_c24,270,1398,3396,427.853108,3422.82486
500,line_89_c24,271,1399,3398,430.109824,3440.87859
500,line_89_c24,272,1400,3400,432.356582,3458.85265
500,line_89_c24,273,1401,3402,434.59311,3476.74488
500,line_89_c24,274,1402,3404,436.819147,3494.55317
500,line_89_c24,275,1403,3406,439.034439,3512.27551
500,line_89_c24,276,1404,3408,441.238743,3529.90994
500,line_89_c24,277,1405,3410,443.431824,3547.45459
500,line_89_c24,278,1406,3412,445.613458,3564.90766
500,line_89_c24,279,1407,3414,447.78343,3582.26744
500,line_89_c24,280,1408,3416,449.941534,3599.53227
500,line_89_c24,281,1409,3418,452.087577,3616.70062
500,line_89_c24,282,1410,3420,454.221373,3633.77099
500,line_89_c24,283,1411,3422,456.342749,3650.74199
500,line_89_c24,284,1412,3424,458.45154,3667.61232
500,line_89_c24,285,1413,3426,460.547593,3684.38074
500,line_89_c24,286,1414,3428,462.630767,3701.04613
500,line_89_c24,287,1415,3430,464.700929,3717.60743
500,line_89_c24,288,1416,3432,466.757958,3734.06366
500,line_89_c24,289,1417,3434,468.801745,3750.41396
500,line_89_c24,290,1418,3436,470.83219,3766.65752
500,line_89_c24,291,1419,3438,472.849206,3782.79364
500,line_89_c24,292,1420,3440,474.852714,3798.82171
500,line_89_c24,293,1421,3442,476.842649,3814.74119
500,line_89_c24,294,1422,3444,478.818956,3830.55164
500,line_89_c24,295,1423,3446,480.781589,3846.25271
500,line_89_c24,296,1424,3448,482.730515,3861.84412
500,line_89_c24,297,1425,3450,484.66571,3877.32568
500,line_89_c24,298,1426,3452,486.587162,3892.69729
500,line_89_c24,299,1427,3454,488.494868,3907.95894
500,line_89_c24,300,1428,3456,490.388836,3923.11069
500,line_89_c24,301,1429,3458,492.269084,3938.15267
500,line_89_c24,302,1430,3460,494.135637,3953.0851
500,line_89_c24,303,1431,3462,495.988531,3967.90825
500,line_89_c24,304,1432,3464,497.827811,3982.62249
500,line_89_c24,305,1433,3466,499.653528,3997.22822
500,line_89_c24,306,1434,3468,501.465743,4011.72594
500,line_89_c24,307,1435,3470,503.264525,4026.1162
500,line_89_c24,308,1436,3472,505.049949,4040.3996
500,line_89_c24,309,1437,3474,506.822101,4054.57681
500,line_89_c24,310,1438,3476,508.58107,4068.64856
500,line_89_c24,311,1439,3478,510.326954,4082.61563
500,line_89_c24,312,1440,3480,512.059858,4096.47886
500,line_89_c24,313,1441,3482,513.779892,4110.23914
500,line_89_c24,314,1442,3484,515.487172,4123.89738
500,line_89_c24,315,1443,3486,517.181819,4137.45456
500,line_89_c24,316,1444,3488,518.863962,4150.91169
500,line_89_c24,317,1445,3490,520.53373,4164.26984
500,line_89_c24,318,1446,3492,522.19126,4177.53008
500,line_89_c24,319,1447,3494,523.83669,4190.69352
500,line_89_c24,320,1448,3496,525.470162,4203.7613
500,line_89_c24,321,1449,3498,527.091822,4216.73458
500,line_89_c24,322,1450,3500,528.701819,4229.61455
500,line_89_c24,323,1451,3502,530.300301,4242.4024
500,line_89_c24,324,1452,3504,531.887419,4255.09935
500,line_89_c24,325,1453,3506,533.463327,4267.70662
500,line_89_c24,326,1454,3508,535.028177,4280.22542
500,line_89_c24,327,1455,3510,536.582122,4292.65698
500,line_89_c24,328,1456,3512,538.125315,4305.00252
500,line_89_c24,329,1457,3514,539.657908,4317.26327
500,line_89_c24,330,1458,3516,541.180053,4329.44042
500,line_89_c24,331,1459,3518,542.691899,4341.53519
500,line_89_c24,332,1460,3520,544.193593,4353.54874
500,line_89_c24,333,1461,3522,545.685281,4365.48225
500,line_89_c24,334,1462,3524,547.167106,4377.33685
500,line_89_c24,335,1463,3526,548.639207,4389.11365
500,line_89_c24,336,1464,3528,550.10172,4400.81376
500,line_89_c24,337,1465,3530,551.554778,4412.43822
500,line_89_c24,338,1466,3532,552.998508,4423.98807
500,line_89_c24,339,1467,3534,554.433036,4435.46428
500,line_89_c24,340,1468,3536,555.858478,4446.86783
500,line_89_c24,341,1469,3538,557.27495,4458.1996
500,line_89_c24,342,1470,3540,558.682559,4469.46047
500,line_89_c24,343,1471,3542,560.081408,4480.65126
500,line_89_c24,344,1472,3544,561.471594,4491.77275
500,line_89_c24,345,1473,3546,562.853208,4502.82567
500,line_89_c24,346,1474,3548,564.226336,4513.81069
500,line_89_c24,347,1475,3550,565.591054,4524.72844
500,line_89_c24,348,1476,3552,566.947436,4535.57949
500,line_89_c24,349,1477,3554,568.295545,4546.36436
500,line_89_c24,350,1478,3556,569.635441,4557.08352
500,line_89_c24,351,1479,3558,570.967173,4567.73738
500,line_89_c24,352,1480,3560,572.290785,4578.32628
500,line_89_c24,353,1481,3562,573.606316,4588.85053
500,line_89_c24,354,1482,3564,574.913793,4599.31034
500,line_89_c24,355,1483,3566,576.213238,4609.70591
500,line_89_c24,356,1484,3568,577.504668,4620.03734
500,line_89_c24,357,1485,3570,578.788088,4630.30471
500,line_89_c24,358,1486,3572,580.063499,4640.50799
500,line_89_c24,359,1487,3574,581.330893,4650.64714
500,line_89_c24,360,1488,3576,582.590254,4660.72203
500,line_89_c24,361,1489,3578,583.841561,4670.73249
500,line_89_c24,362,1490,3580,585.084785,4680.67828
500,line_89_c24,363,1491,3582,586.319889,4690.55911
500,line_89_c24,364,1492,3584,587.546829,4700.37463
500,line_89_c24,365,1493,3586,588.765556,4710.12445
500,line_89_c24,366,1494,3588,589.976012,4719.8081
500,line_89_c24,367,1495,3590,591.178134,4729.42508
500,line_89_c24,368,1496,3592,592.371854,4738.97483
500,line_89_c24,369,1497,3594,593.557094,4748.45675
500,line_89_c24,370,1498,3596,594.733773,4757.87018
500,line_89_c24,371,1499,3598,595.901804,4767.21444
500,line_89_c24,372,1500,3600,597.061095,4776.48876
500,line_89_c24,373,1501,3602,598.211548,4785.69238
500,line_89_c24,374,1502,3604,599.35306,4794.82448
500,line_89_c24,375,1503,3606,600.485524,4803.88419
500,line_89_c24,376,1504,3608,601.608829,4812.87063
500,line_89_c24,377,1505,3610,602.72286,4821.78288
500,line_89_c24,378,1506,3612,603.827498,4830.61999
500,line_89_c24,379,1507,3614,604.922623,4839.38098
500,line_89_c24,380,1508,3616,606.008109,4848.06487
500,line_89_c24,381,1509,3618,607.083829,4856.67063
500,line_89_c24,382,1510,3620,608.149655,4865.19724
500,line_89_c24,383,1511,3622,609.205454,4873.64363
500,line_89_c24,384,1512,3624,610.251094,4882.00875
500,line_89_c24,385,1513,3626,611.286443,4890.29154
500,line_89_c24,386,1514,3628,612.311365,4898.49092
500,line_89_c24,387,1515,3630,613.325727,4906.60582
500,line_89_c24,388,1516,3632,614.329394,4914.63515
500,line_89_c24,389,1517,3634,615.322233,4922.57786
500,line_89_c24,390,1518,3636,616.30411,4930.43288
500,line_89_c24,391,1519,3638,617.274895,4938.19916
500,line_89_c24,392,1520,3640,618.234456,4945.87564
500,line_89_c24,393,1521,3642,619.182665,4953.46132
500,line_89_c24,394,1522,3644,620.119396,4960.95517
500,line_89_c24,395,1523,3646,621.044527,4968.35622
500,line_89_c24,396,1524,3648,621.957936,4975.66349
500,line_89_c24,397,1525,3650,622.859507,4982.87606
500,line_89_c24,398,1526,3652,623.749126,4989.99301
500,line_89_c24,399,1527,3654,624.626683,4997.01347
500,line_89_c24,400,1528,3656,625.492074,5003.93659
500,line_89_c24,401,1529,3658,626.345197,5010.76158
500,line_89_c24,402,1530,3660,627.185958,5017.48766
500,line_89_c24,403,1531,3662,628.014265,5024.11412
500,line_89_c24,404,1532,3664,628.830033,5030.64026
500,line_89_c24,405,1533,3666,629.633182,5037.06546
500,line_89_c24,406,1534,3668,630.423639,5043.38911
500,line_89_c24,407,1535,3670,631.201334,5049.61067
500,line_89_c24,408,1536,3672,631.966208,5055.72966
500,line_89_c24,409,1537,3674,632.718204,5061.74563
500,line_89_c24,410,1538,3676,633.457274,5067.65819
500,line_89_c24,411,1539,3678,634.183377,5073.46701
500,line_89_c24,412,1540,3680,634.896478,5079.17182
500,line_89_c24,413,1541,3682,635.596549,5084.77239
500,line_89_c24,414,1542,3684,636.283571,5090.26857
500,line_89_c24,415,1543,3686,636.95753,5095.66024
500,line_89_c24,416,1544,3688,637.618421,5100.94737
500,line_89_c24,417,1545,3690,638.266246,5106.12997
500,line_89_c24,418,1546,3692,638.901014,5111.20812
500,line_89_c24,419,1547,3694,639.522743,5116.18195
500,line_89_c24,420,1548,3696,640.131457,5121.05166
500,line_89_c24,421,1549,3698,640.727188,5125.8175
500,line_89_c24,422,1550,3700,641.309975,5130.4798
500,line_89_c24,423,1551,3702,641.879866,5135.03893
500,line_89_c24,424,1552,3704,642.436914,5139.49532
500,line_89_c24,425,1553,3706,642.981182,5143.84946
500,line_89_c24,426,1554,3708,643.512739,5148.10191
500,line_89_c24,427,1555,3710,644.03166,5152.25328
500,line_89_c24,428,1556,3712,644.538028,5156.30422
500,line_89_c24,429,1557,3714,645.031933,5160.25547
500,line_89_c24,430,1558,3716,645.513472,5164.10778
500,line_89_c24,431,1559,3718,645.982748,5167.86198
500,line_89_c24,432,1560,3720,646.439869,5171.51895
500,line_89_c24,433,1561,3722,646.88495,5175.0796
500,line_89_c24,434,1562,3724,647.318112,5178.5449
500,line_89_c24,435,1563,3726,647.739482,5181.91585
500,line_89_c24,436,1564,3728,648.14919,5185.19352
500,line_89_c24,437,1565,3730,648.547376,5188.37901
500,line_89_c24,438,1566,3732,648.934181,5191.47345
500,line_89_c24,439,1567,3734,649.309752,5194.47801
500,line_89_c24,440,1568,3736,649.67424,5197.39392
500,line_89_c24,441,1569,3738,650.027802,5200.22242
500,line_89_c24,442,1570,3740,650.370597,5202.96478
500,line_89_c24,443,1571,3742,650.702789,5205.62232
500,line_89_c24,444,1572,3744,651.024545,5208.19636
500,line_89_c24,445,1573,3746,651.336034,5210.68827
500,line_89_c24,446,1574,3748,651.637428,5213.09943
500,line_89_c24,447,1575,3750,651.928904,5215.43123
500,line_89_c24,448,1576,3752,652.210637,5217.6851
500,line_89_c24,449,1577,3754,652.482806,5219.86245
500,line_89_c24,450,1578,3756,652.745592,5221.96474
500,line_89_c24,451,1579,3758,652.999177,5223.99341
500,line_89_c24,452,1580,3760,653.243742,5225.94993
500,line_89_c24,453,1581,3762,653.47947,5227.83576
500,line_89_c24,454,1582,3764,653.706546,5229.65237
500,line_89_c24,455,1583,3766,653.925151,5231.40121
500,line_89_c24,456,1584,3768,654.13547,5233.08376
500,line_89_c24,457,1585,3770,654.337682,5234.70146
500,line_89_c24,458,1586,3772,654.53197,5236.25576
500,line_89_c24,459,1587,3774,654.718514,5237.74811
500,line_89_c24,460,1588,3776,654.89749,5239.17992
500,line_89_c24,461,1589,3778,655.069077,5240.55262
500,line_89_c24,462,1590,3780,655.233448,5241.86759
500,line_89_c24,463,1591,3782,655.390776,5243.12621
500,line_89_c24,464,1592,3784,655.54123,5244.32984
500,line_89_c24,465,1593,3786,655.684976,5245.47981
500,line_89_c24,466,1594,3788,655.822179,5246.57743
500,line_89_c24,467,1595,3790,655.952999,5247.62399
500,line_89_c24,468,1596,3792,656.077594,5248.62075
500,line_89_c24,469,1597,3794,656.196118,5249.56895
500,line_89_c24,470,1598,3796,656.30872,5250.46976
500,line_89_c24,471,1599,3798,656.415546,5251.32437
500,line_89_c24,472,1600,3800,656.516736,5252.13389
500,line_89_c24,473,1601,3802,656.612428,5252.89942
500,line_89_c24,474,1602,3804,656.702753,5253.62202
500,line_89_c24,475,1603,3806,656.787839,5254.30271
500,line_89_c24,476,1604,3808,656.867807,5254.94246
500,line_89_c24,477,1605,3810,656.942775,5255.5422
500,line_89_c24,478,1606,3812,657.012854,5256.10283
500,line_89_c24,479,1607,3814,657.07908,5256.63264
500,line_89_c24,480,1608,3816,657.163845,5257.31076
500,line_89_c24,481,1609,3818,657.2064,5257.6512
500,line_89_c24,482,1610,3820,657.272613,5258.1809
500,line_89_c24,483,1611,3822,657.324367,5258.59494
500,line_89_c24,484,1612,3824,657.389078,5259.11263
500,line_89_c24,485,1613,3826,657.446799,5259.57439
500,line_89_c24,486,1614,3828,657.54432,5260.35456
500,line_89_c24,487,1615,3830,657.634886,5261.07909
500,line_89_c24,488,1616,3832,657.719962,5261.7597
500,line_89_c24,489,1617,3834,657.794583,5262.35667
500,line_94_c19,6,1340,3280,153.830901,1230.6472
500,line_94_c19,7,1341,3282,153.89349,1231.14792
500,line_94_c19,8,1342,3284,153.954513,1231.6361
500,line_94_c19,9,1343,3286,154.05877,1232.47016
500,line_94_c19,10,1344,3288,154.174012,1233.3921
500,line_94_c19,11,1345,3290,154.287963,1234.30371
500,line_94_c19,12,1346,3292,154.4276,1235.4208
500,line_94_c19,13,1347,3294,154.601716,1236.81373
500,line_94_c19,14,1348,3296,154.771126,1238.16901
500,line_94_c19,15,1349,3298,154.94112,1239.52896
500,line_94_c19,16,1350,3300,155.150627,1241.20502
500,line_94_c19,17,1351,3302,155.367072,1242.93658
500,line_94_c19,18,1352,3304,155.605267,1244.84213
500,line_94_c19,19,1353,3306,155.861214,1246.88971
500,line_94_c19,20,1354,3308,156.134998,1249.07998
500,line_94_c19,21,1355,3310,156.426694,1251.41356
500,line_94_c19,22,1356,3312,156.736396,1253.89117
500,line_94_c19,23,1357,3314,157.064163,1256.51331
500,line_94_c19,24,1358,3316,157.410089,1259.28071
500,line_94_c19,25,1359,3318,157.774255,1262.19404
500,line_94_c19,26,1360,3320,158.156757,1265.25406
500,line_94_c19,27,1361,3322,158.557684,1268.46147
500,line_94_c19,28,1362,3324,158.977134,1271.81707
500,line_94_c19,29,1363,3326,159.415198,1275.32159
500,line_94_c19,30,1364,3328,159.871965,1278.97572
500,line_94_c19,31,1365,3330,160.347537,1282.7803
500,line_94_c19,32,1366,3332,160.842005,1286.73604
500,line_94_c19,33,1367,3334,161.355473,1290.84378
500,line_94_c19,34,1368,3336,161.888028,1295.10422
500,line_94_c19,35,1369,3338,162.439783,1299.51826
500,line_94_c19,36,1370,3340,163.010833,1304.08666
500,line_94_c19,37,1371,3342,163.601258,1308.81007
500,line_94_c19,38,1372,3344,164.211163,1313.68931
500,line_94_c19,39,1373,3346,164.840639,1318.72511
500,line_94_c19,40,1374,3348,165.489777,1323.91822
500,line_94_c19,41,1375,3350,166.15866,1329.26928
500,line_94_c19,42,1376,3352,166.847375,1334.779
500,line_94_c19,43,1377,3354,167.555991,1340.44793
500,line_94_c19,44,1378,3356,168.284586,1346.27669
500,line_94_c19,45,1379,3358,169.033221,1352.26577
500,line_94_c19,46,1380,3360,169.801959,1358.41567
500,line_94_c19,47,1381,3362,170.590853,1364.72682
500,line_94_c19,48,1382,3364,171.399952,1371.19961
500,line_94_c19,49,1383,3366,172.229298,1377.83438
500,line_94_c19,50,1384,3368,173.078925,1384.6314
500,line_94_c19,51,1385,3370,173.948866,1391.59093
500,line_94_c19,52,1386,3372,174.839139,1398.71311
500,line_94_c19,53,1387,3374,175.74976,1405.99808
500,line_94_c19,54,1388,3376,176.680727,1413.44581
500,line_94_c19,55,1389,3378,177.632036,1421.05629
500,line_94_c19,56,1390,3380,178.603681,1428.82944
500,line_94_c19,57,1391,3382,179.595642,1436.76514
500,line_94_c19,58,1392,3384,180.607888,1444.8631
500,line_94_c19,59,1393,3386,181.640379,1453.12303
500,line_94_c19,60,1394,3388,182.693065,1461.54452
500,line_94_c19,61,1395,3390,183.765887,1470.1271
500,line_94_c19,62,1396,3392,184.858783,1478.87026
500,line_94_c19,63,1397,3394,185.971674,1487.77339
500,line_94_c19,64,1398,3396,187.104474,1496.83579
500,line_94_c19,65,1399,3398,188.257082,1506.05665
500,line_94_c19,66,1400,3400,189.429379,1515.43503
500,line_94_c19,67,1401,3402,190.621239,1524.96991
500,line_94_c19,68,1402,3404,191.832518,1534.66015
500,line_94_c19,69,1403,3406,193.063065,1544.50452
500,line_94_c19,70,1404,3408,194.312712,1554.5017
500,line_94_c19,71,1405,3410,195.581279,1564.65023
500,line_94_c19,72,1406,3412,196.86857,1574.94856
500,line_94_c19,73,1407,3414,198.17438,1585.39504
500,line_94_c19,74,1408,3416,199.498485,1595.98788
500,line_94_c19,75,1409,3418,200.84065,1606.7252
500,line_94_c19,76,1410,3420,202.200623,1617.60498
500,line_94_c19,77,1411,3422,203.578137,1628.6251
500,line_94_c19,78,1412,3424,204.972916,1639.78333
500,line_94_c19,79,1413,3426,206.384665,1651.07732
500,line_94_c19,80,1414,3428,207.813076,1662.50461
500,line_94_c19,81,1415,3430,209.257829,1674.06263
500,line_94_c19,82,1416,3432,210.718586,1685.74869
500,line_94_c19,83,1417,3434,212.194995,1697.55996
500,line_94_c19,84,1418,3436,213.686691,1709.49353
500,line_94_c19,85,1419,3438,215.193296,1721.54637
500,line_94_c19,86,1420,3440,216.714413,1733.7153
500,line_94_c19,87,1421,3442,218.249636,1745.99709
500,line_94_c19,88,1422,3444,219.798542,1758.38834
500,line_94_c19,89,1423,3446,221.360696,1770.88557
500,line_94_c19,90,1424,3448,222.935649,1783.48519
500,line_94_c19,91,1425,3450,224.522938,1796.1835
500,line_94_c19,92,1426,3452,226.122086,1808.97669
500,line_94_c19,93,1427,3454,227.732607,1821.86086
500,line_94_c19,94,1428,3456,229.353998,1834.83198
500,line_94_c19,95,1429,3458,230.985746,1847.88596
500,line_94_c19,96,1430,3460,232.627324,1861.0186
500,line_94_c19,97,1431,3462,234.278196,1874.22557
500,line_94_c19,98,1432,3464,235.937814,1887.50251
500,line_94_c19,99,1433,3466,237.605616,1900.84493
500,line_94_c19,100,1434,3468,239.281033,1914.24826
500,line_94_c19,101,1435,3470,240.963485,1927.70788
500,line_94_c19,102,1436,3472,242.652382,1941.21906
500,line_94_c19,103,1437,3474,244.347126,1954.777
500,line_94_c19,104,1438,3476,246.047107,1968.37686
500,line_94_c19,105,1439,3478,247.751712,1982.0137
500,line_94_c19,106,1440,3480,249.460316,1995.68253
500,line_94_c19,107,1441,3482,251.172289,2009.37831
500,line_94_c19,108,1442,3484,252.886993,2023.09594
500,line_94_c19,109,1443,3486,254.603786,2036.83029
500,line_94_c19,110,1444,3488,256.322019,2050.57615
500,line_94_c19,111,1445,3490,258.041039,2064.32831
500,line_94_c19,112,1446,3492,259.760189,2078.08151
500,line_94_c19,113,1447,3494,261.478807,2091.83046
500,line_94_c19,114,1448,3496,263.196232,2105.56985
500,line_94_c19,115,1449,3498,264.911795,2119.29436
500,line_94_c19,116,1450,3500,266.624831,2132.99864
500,line_94_c19,117,1451,3502,268.334669,2146.67736
500,line_94_c19,118,1452,3504,270.040643,2160.32514
500,line_94_c19,119,1453,3506,271.742083,2173.93666
500,line_94_c19,120,1454,3508,273.438323,2187.50658
500,line_94_c19,121,1455,3510,275.128696,2201.02957
500,line_94_c19,122,1456,3512,276.81254,2214.50032
500,line_94_c19,123,1457,3514,278.489196,2227.91356
500,line_94_c19,124,1458,3516,280.158006,2241.26405
500,line_94_c19,125,1459,3518,281.81832,2254.54656
500,line_94_c19,126,1460,3520,283.46949,2267.75592
500,line_94_c19,127,1461,3522,285.110876,2280.88701
500,line_94_c19,128,1462,3524,286.741842,2293.93474
500,line_94_c19,129,1463,3526,288.361761,2306.89409
500,line_94_c19,130,1464,3528,289.970013,2319.7601
500,line_94_c19,131,1465,3530,291.565985,2332.52788
500,line_94_c19,132,1466,3532,293.149075,2345.1926
500,line_94_c19,133,1467,3534,294.718688,2357.74951
500,line_94_c19,134,1468,3536,296.274242,2370.19393
500,line_94_c19,135,1469,3538,297.815162,2382.52129
500,line_94_c19,136,1470,3540,299.340886,2394.72709
500,line_94_c19,137,1471,3542,300.850863,2406.80691
500,line_94_c19,138,1472,3544,302.344556,2418.75645
500,line_94_c19,139,1473,3546,303.821438,2430.5715
500,line_94_c19,140,1474,3548,305.280998,2442.24798
500,line_94_c19,141,1475,3550,306.722736,2453.78188
500,line_94_c19,142,1476,3552,308.146168,2465.16934
500,line_94_c19,143,1477,3554,309.550825,2476.4066
500,line_94_c19,144,1478,3556,310.93625,2487.49
500,line_94_c19,145,1479,3558,312.302006,2498.41605
500,line_94_c19,146,1480,3560,313.647668,2509.18134
500,line_94_c19,147,1481,3562,314.972826,2519.78261
500,line_94_c19,148,1482,3564,316.27709,2530.21672
500,line_94_c19,149,1483,3566,317.560083,2540.48067
500,line_94_c19,150,1484,3568,318.821448,2550.57158
500,line_94_c19,151,1485,3570,320.06084,2560.48672
500,line_94_c19,152,1486,3572,321.277937,2570.2235
500,line_94_c19,153,1487,3574,322.47244,2579.77952
500,line_94_c19,154,1488,3576,323.64406,2589.15248
500,line_94_c19,155,1489,3578,324.79253,2598.34024
500,line_94_c19,156,1490,3580,325.917606,2607.34085
500,line_94_c19,157,1491,3582,327.019061,2616.15249
500,line_94_c19,158,1492,3584,328.096667,2624.77333
500,line_94_c19,159,1493,3586,329.150236,2633.20189
500,line_94_c19,160,1494,3588,330.179593,2641.43674
500,line_94_c19,161,1495,3590,331.18458,2649.47664
500,line_94_c19,162,1496,3592,332.165061,2657.32049
500,line_94_c19,163,1497,3594,333.120919,2664.96735
500,line_94_c19,164,1498,3596,334.052051,2672.41641
500,line_94_c19,165,1499,3598,334.958377,2679.66701
500,line_94_c19,166,1500,3600,335.83984,2686.71872
500,line_94_c19,167,1501,3602,336.696397,2693.57118
500,line_94_c19,168,1502,3604,337.528029,2700.22423
500,line_94_c19,169,1503,3606,338.334723,2706.67778
500,line_94_c19,170,1504,3608,339.116503,2712.93202
500,line_94_c19,171,1505,3610,339.873397,2718.98718
500,line_94_c19,172,1506,3612,340.605464,2724.84371
500,line_94_c19,173,1507,3614,341.312778,2730.50222
500,line_94_c19,174,1508,3616,341.995423,2735.96339
500,line_94_c19,175,1509,3618,342.653515,2741.22812
500,line_94_c19,176,1510,3620,343.287171,2746.29737
500,line_94_c19,177,1511,3622,343.89654,2751.17232
500,line_94_c19,178,1512,3624,344.481784,2755.85427
500,line_94_c19,179,1513,3626,345.043093,2760.34474
500,line_94_c19,180,1514,3628,345.580664,2764.64531
500,line_94_c19,181,1515,3630,346.094714,2768.75771
500,line_94_c19,182,1516,3632,346.585487,2772.68389
500,line_94_c19,183,1517,3634,347.053225,2776.4258
500,line_94_c19,184,1518,3636,347.498202,2779.98561
500,line_94_c19,185,1519,3638,347.920692,2783.36554
500,line_94_c19,186,1520,3640,348.321009,2786.56807
500,line_94_c19,187,1521,3642,348.699462,2789.59569
500,line_94_c19,188,1522,3644,349.056371,2792.45096
500,line_94_c19,189,1523,3646,349.39209,2795.13672
500,line_94_c19,190,1524,3648,349.706979,2797.65583
500,line_94_c19,191,1525,3650,350.001404,2800.01124
500,line_94_c19,192,1526,3652,350.275762,2802.2061
500,line_94_c19,193,1527,3654,350.530448,2804.24359
500,line_94_c19,194,1528,3656,350.765865,2806.12692
500,line_94_c19,195,1529,3658,350.98244,2807.85952
500,line_94_c19,196,1530,3660,351.180608,2809.44487
500,line_94_c19,197,1531,3662,351.360815,2810.88652
500,line_94_c19,198,1532,3664,351.52352,2812.18816
500,line_94_c19,199,1533,3666,351.669181,2813.35345
500,line_94_c19,200,1534,3668,351.798284,2814.38627
500,line_94_c19,201,1535,3670,351.911316,2815.29053
500,line_94_c19,202,1536,3672,352.00876,2816.07008
500,line_94_c19,203,1537,3674,352.091095,2816.72876
500,line_94_c19,204,1538,3676,352.158837,2817.27069
500,line_94_c19,205,1539,3678,352.212487,2817.6999
500,line_94_c19,206,1540,3680,352.252565,2818.02052
500,line_94_c19,207,1541,3682,352.279586,2818.23668
500,line_94_c19,208,1542,3684,352.29407,2818.35256
500,line_94_c19,209,1543,3686,352.29654,2818.37232
500,line_94_c19,210,1544,3688,352.287525,2818.3002
500,line_94_c19,211,1545,3690,352.26755,2818.1404
500,line_94_c19,212,1546,3692,352.237144,2817.89715
500,line_94_c19,213,1547,3694,352.196826,2817.57461
500,line_94_c19,214,1548,3696,352.147137,2817.1771
500,line_94_c19,215,1549,3698,352.088593,2816.70874
500,line_94_c19,216,1550,3700,352.021718,2816.17375
500,line_94_c19,217,1551,3702,351.947034,2815.57627
500,line_94_c19,218,1552,3704,351.865057,2814.92045
500,line_94_c19,219,1553,3706,351.776291,2814.21033
500,line_94_c19,220,1554,3708,351.681248,2813.44998
500,line_94_c19,221,1555,3710,351.580426,2812.64341
500,line_94_c19,222,1556,3712,351.474313,2811.79451
500,line_94_c19,223,1557,3714,351.363405,2810.90724
500,line_94_c19,224,1558,3716,351.248189,2809.98552
500,line_94_c19,225,1559,3718,351.129126,2809.03301
500,line_94_c19,226,1560,3720,351.006678,2808.05343
500,line_94_c19,227,1561,3722,350.881306,2807.05045
500,line_94_c19,228,1562,3724,350.753466,2806.02773
500,line_94_c19,229,1563,3726,350.623592,2804.98874
500,line_94_c19,230,1564,3728,350.492123,2803.93698
500,line_94_c19,231,1565,3730,350.35947,2802.87576
500,line_94_c19,232,1566,3732,350.226041,2801.80833
500,line_94_c19,233,1567,3734,350.09223,2800.73784
500,line_94_c19,234,1568,3736,349.958422,2799.66737
500,line_94_c19,235,1569,3738,349.824991,2798.59993
500,line_94_c19,236,1570,3740,349.692309,2797.53847
500,line_94_c19,237,1571,3742,349.560723,2796.48579
500,line_94_c19,238,1572,3744,349.430574,2795.44459
500,line_94_c19,239,1573,3746,349.302185,2794.41748
500,line_94_c19,240,1574,3748,349.175867,2793.40694
500,line_94_c19,241,1575,3750,349.051922,2792.41538
500,line_94_c19,242,1576,3752,348.930642,2791.44513
500,line_94_c19,243,1577,3754,348.812298,2790.49838
500,line_94_c19,244,1578,3756,348.697156,2789.57725
500,line_94_c19,245,1579,3758,348.585468,2788.68375
500,line_94_c19,246,1580,3760,348.477466,2787.81973
500,line_94_c19,247,1581,3762,348.373369,2786.98695
500,line_94_c19,248,1582,3764,348.273393,2786.18715
500,line_94_c19,249,1583,3766,348.177733,2785.42187
500,line_94_c19,250,1584,3768,348.086573,2784.69259
500,line_94_c19,251,1585,3770,348.000082,2784.00066
500,line_94_c19,252,1586,3772,347.918425,2783.3474
500,line_94_c19,253,1587,3774,347.841751,2782.73401
500,line_94_c19,254,1588,3776,347.770196,2782.16157
500,line_94_c19,255,1589,3778,347.703877,2781.63102
500,line_94_c19,256,1590,3780,347.502726,2780.02181
500,line_94_c19,257,1591,3782,347.298789,2778.39031
500,line_94_c19,258,1592,3784,347.181867,2777.45494
500,line_94_c19,259,1593,3786,347.015103,2776.12082
500,line_94_c19,260,1594,3788,346.988259,2775.90607
500,line_94_c19,261,1595,3790,346.926592,2775.41274
500,line_94_c19,262,1596,3792,346.960071,2775.68057
500,line_94_c19,263,1597,3794,346.960403,2775.68322
500,line_94_c19,264,1598,3796,346.842411,2774.73929
500,line_94_c19,265,1599,3798,346.775165,2774.20132
500,line_94_c19,266,1600,3800,346.705057,2773.64045
500,line_94_c19,267,1601,3802,346.648792,2773.19034
500,line_97_c10,5,984,2568,155.958179,1247.66543
500,line_97_c10,6,985,2570,155.960219,1247.68175
500,line_97_c10,7,986,2572,155.964044,1247.71235
500,line_97_c10,8,987,2574,155.97323,1247.78584
500,line_97_c10,9,988,2576,155.992227,1247.93782
500,line_97_c10,10,989,2578,156.013408,1248.10726
500,line_97_c10,11,990,2580,156.0404,1248.3232
500,line_97_c10,12,991,2582,156.07489,1248.59912
500,line_97_c10,13,992,2584,156.113058,1248.90446
500,line_97_c10,14,993,2586,156.159881,1249.27904
500,line_97_c10,15,994,2588,156.213699,1249.70959
500,line_97_c10,16,995,2590,156.275868,1250.20694
500,line_97_c10,17,996,2592,156.35021,1250.80168
500,line_97_c10,18,997,2594,156.430165,1251.44132
500,line_97_c10,19,998,2596,156.515809,1252.12647
500,line_97_c10,20,999,2598,156.607219,1252.85775
500,line_97_c10,21,1000,2600,156.704478,1253.63582
500,line_97_c10,22,1001,2602,156.807673,1254.46138
500,line_97_c10,23,1002,2604,156.916895,1255.33516
500,line_97_c10,24,1003,2606,157.032238,1256.2579
500,line_97_c10,25,1004,2608,157.153799,1257.23039
500,line_97_c10,26,1005,2610,157.281679,1258.25343
500,line_97_c10,27,1006,2612,157.415984,1259.32787
500,line_97_c10,28,1007,2614,157.556818,1260.45455
500,line_97_c10,29,1008,2616,157.704294,1261.63435
500,line_97_c10,30,1009,2618,157.858522,1262.86818
500,line_97_c10,31,1010,2620,158.01962,1264.15696
500,line_97_c10,32,1011,2622,158.187703,1265.50163
500,line_97_c10,33,1012,2624,158.362893,1266.90315
500,line_97_c10,34,1013,2626,158.545311,1268.36249
500,line_97_c10,35,1014,2628,158.735079,1269.88063
500,line_97_c10,36,1015,2630,158.932322,1271.45858
500,line_97_c10,37,1016,2632,159.137166,1273.09732
500,line_97_c10,38,1017,2634,159.349736,1274.79789
500,line_97_c10,39,1018,2636,159.570162,1276.5613
500,line_97_c10,40,1019,2638,159.798573,1278.38858
500,line_97_c10,41,1020,2640,160.035096,1280.28076
500,line_97_c10,42,1021,2642,160.279861,1282.23888
500,line_97_c10,43,1022,2644,160.532997,1284.26397
500,line_97_c10,44,1023,2646,160.794633,1286.35706
500,line_97_c10,45,1024,2648,161.064898,1288.51918
500,line_97_c10,46,1025,2650,161.343919,1290.75136
500,line_97_c10,47,1026,2652,161.631825,1293.0546
500,line_97_c10,48,1027,2654,161.928739,1295.42991
500,line_97_c10,49,1028,2656,162.234788,1297.8783
500,line_97_c10,50,1029,2658,162.550093,1300.40074
500,line_97_c10,51,1030,2660,162.874776,1302.9982
500,line_97_c10,52,1031,2662,163.208955,1305.67164
500,line_97_c10,53,1032,2664,163.552747,1308.42197
500,line_97_c10,54,1033,2666,163.906266,1311.25013
500,line_97_c10,55,1034,2668,164.269623,1314.15698
500,line_97_c10,56,1035,2670,164.642927,1317.14341
500,line_97_c10,57,1036,2672,165.026282,1320.21026
500,line_97_c10,58,1037,2674,165.419791,1323.35833
500,line_97_c10,59,1038,2676,165.823551,1326.58841
500,line_97_c10,60,1039,2678,166.237658,1329.90126
500,line_97_c10,61,1040,2680,166.662201,1333.29761
500,line_97_c10,62,1041,2682,167.097268,1336.77814
500,line_97_c10,63,1042,2684,167.542939,1340.34351
500,line_97_c10,64,1043,2686,167.999293,1343.99434
500,line_97_c10,65,1044,2688,168.466401,1347.73121
500,line_97_c10,66,1045,2690,168.944332,1351.55466
500,line_97_c10,67,1046,2692,169.433149,1355.46519
500,line_97_c10,68,1047,2694,169.932908,1359.46326
500,line_97_c10,69,1048,2696,170.443662,1363.54929
500,line_97_c10,70,1049,2698,170.965457,1367.72366
500,line_97_c10,71,1050,2700,171.498335,1371.98668
500,line_97_c10,72,1051,2702,172.042331,1376.33865
500,line_97_c10,73,1052,2704,172.597474,1380.77979
500,line_97_c10,74,1053,2706,173.163788,1385.31031
500,line_97_c10,75,1054,2708,173.74129,1389.93032
500,line_97_c10,76,1055,2710,174.329991,1394.63993
500,line_97_c10,77,1056,2712,174.929896,1399.43917
500,line_97_c10,78,1057,2714,175.541004,1404.32803
500,line_97_c10,79,1058,2716,176.163306,1409.30645
500,line_97_c10,80,1059,2718,176.796788,1414.3743
500,line_97_c10,81,1060,2720,177.441429,1419.53143
500,line_97_c10,82,1061,2722,178.097202,1424.77762
500,line_97_c10,83,1062,2724,178.764074,1430.11259
500,line_97_c10,84,1063,2726,179.442005,1435.53604
500,line_97_c10,85,1064,2728,180.130948,1441.04759
500,line_97_c10,86,1065,2730,180.830851,1446.64681
500,line_97_c10,87,1066,2732,181.541655,1452.33324
500,line_97_c10,88,1067,2734,182.263296,1458.10637
500,line_97_c10,89,1068,2736,182.995702,1463.96561
500,line_97_c10,90,1069,2738,183.738795,1469.91036
500,line_97_c10,91,1070,2740,184.492494,1475.93995
500,line_97_c10,92,1071,2742,185.256708,1482.05367
500,line_97_c10,93,1072,2744,186.031344,1488.25075
500,line_97_c10,94,1073,2746,186.816301,1494.53041
500,line_97_c10,95,1074,2748,187.611473,1500.89178
500,line_97_c10,96,1075,2750,188.41675,1507.334
500,line_97_c10,97,1076,2752,189.232014,1513.85611
500,line_97_c10,98,1077,2754,190.057145,1520.45716
500,line_97_c10,99,1078,2756,190.892018,1527.13614
500,line_97_c10,100,1079,2758,191.736502,1533.89202
500,line_97_c10,101,1080,2760,192.590464,1540.72371
500,line_97_c10,102,1081,2762,193.453765,1547.63012
500,line_97_c10,103,1082,2764,194.326264,1554.61011
500,line_97_c10,104,1083,2766,195.207816,1561.66253
500,line_97_c10,105,1084,2768,196.098273,1568.78618
500,line_97_c10,106,1085,2770,196.997485,1575.97988
500,line_97_c10,107,1086,2772,197.905297,1583.24238
500,line_97_c10,108,1087,2774,198.821555,1590.57244
500,line_97_c10,109,1088,2776,199.7461,1597.9688
500,line_97_c10,110,1089,2778,200.678773,1605.43019
500,line_97_c10,111,1090,2780,201.619415,1612.95532
500,line_97_c10,112,1091,2782,202.567863,1620.5429
500,line_97_c10,113,1092,2784,203.523956,1628.19165
500,line_97_c10,114,1093,2786,204.487533,1635.90026
500,line_97_c10,115,1094,2788,205.458432,1643.66745
500,line_97_c10,116,1095,2790,206.436491,1651.49192
500,line_97_c10,117,1096,2792,207.421548,1659.37239
500,line_97_c10,118,1097,2794,208.413444,1667.30755
500,line_97_c10,119,1098,2796,209.41202,1675.29616
500,line_97_c10,120,1099,2798,210.417119,1683.33695
500,line_97_c10,121,1100,2800,211.428585,1691.42868
500,line_97_c10,122,1101,2802,212.446265,1699.57012
500,line_97_c10,123,1102,2804,213.470011,1707.76009
500,line_97_c10,124,1103,2806,214.499674,1715.99739
500,line_97_c10,125,1104,2808,215.535111,1724.28089
500,line_97_c10,126,1105,2810,216.576183,1732.60946
500,line_97_c10,127,1106,2812,217.62275,1740.982
500,line_97_c10,128,1107,2814,218.674682,1749.39746
500,line_97_c10,129,1108,2816,219.73185,1757.8548
500,line_97_c10,130,1109,2818,220.794128,1766.35302
500,line_97_c10,131,1110,2820,221.861397,1774.89118
500,line_97_c10,132,1111,2822,222.933543,1783.46834
500,line_97_c10,133,1112,2824,224.010453,1792.08363
500,line_97_c10,134,1113,2826,225.092024,1800.73619
500,line_97_c10,135,1114,2828,226.178154,1809.42523
500,line_97_c10,136,1115,2830,227.268749,1818.14999
500,line_97_c10,137,1116,2832,228.363718,1826.90975
500,line_97_c10,138,1117,2834,229.462978,1835.70382
500,line_97_c10,139,1118,2836,230.566446,1844.53157
500,line_97_c10,140,1119,2838,231.674049,1853.39239
500,line_97_c10,141,1120,2840,232.785717,1862.28573
500,line_97_c10,142,1121,2842,233.901384,1871.21107
500,line_97_c10,143,1122,2844,235.020991,1880.16793
500,line_97_c10,144,1123,2846,236.144483,1889.15587
500,line_97_c10,145,1124,2848,237.271809,1898.17448
500,line_97_c10,146,1125,2850,238.402924,1907.22339
500,line_97_c10,147,1126,2852,239.537784,1916.30227
500,line_97_c10,148,1127,2854,240.676354,1925.41083
500,line_97_c10,149,1128,2856,241.818599,1934.54879
500,line_97_c10,150,1129,2858,242.96449,1943.71592
500,line_97_c10,151,1130,2860,244.114002,1952.91202
500,line_97_c10,152,1131,2862,245.267111,1962.13689
500,line_97_c10,153,1132,2864,246.423797,1971.39038
500,line_97_c10,154,1133,2866,247.584042,1980.67234
500,line_97_c10,155,1134,2868,248.74783,1989.98264
500,line_97_c10,156,1135,2870,249.915148,1999.32119
500,line_97_c10,157,1136,2872,251.085983,2008.68786
500,line_97_c10,158,1137,2874,252.260324,2018.08259
500,line_97_c10,159,1138,2876,253.438159,2027.50528
500,line_97_c10,160,1139,2878,254.619479,2036.95583
500,line_97_c10,161,1140,2880,255.80427,2046.43416
500,line_97_c10,162,1141,2882,256.99252,2055.94016
500,line_97_c10,163,1142,2884,258.184216,2065.47373
500,line_97_c10,164,1143,2886,259.379342,2075.03474
500,line_97_c10,165,1144,2888,260.577881,2084.62305
500,line_97_c10,166,1145,2890,261.779811,2094.23849
500,line_97_c10,167,1146,2892,262.98511,2103.88088
500,line_97_c10,168,1147,2894,264.193749,2113.54999
500,line_97_c10,169,1148,2896,265.405697,2123.24557
500,line_97_c10,170,1149,2898,266.620916,2132.96733
500,line_97_c10,171,1150,2900,267.839368,2142.71494
500,line_97_c10,172,1151,2902,269.061004,2152.48803
500,line_97_c10,173,1152,2904,270.285772,2162.28618
500,line_97_c10,174,1153,2906,271.513615,2172.10892
500,line_97_c10,175,1154,2908,272.744466,2181.95573
500,line_97_c10,176,1155,2910,273.978254,2191.82603
500,line_97_c10,177,1156,2912,275.214897,2201.71918
500,line_97_c10,178,1157,2914,276.45431,2211.63448
500,line_97_c10,179,1158,2916,277.696396,2221.57117
500,line_97_c10,180,1159,2918,278.941051,2231.5284
500,line_97_c10,181,1160,2920,280.188162,2241.5053
500,line_97_c10,182,1161,2922,281.437609,2251.50087
500,line_97_c10,183,1162,2924,282.68926,2261.51408
500,line_97_c10,184,1163,2926,283.942976,2271.54381
500,line_97_c10,185,1164,2928,285.198607,2281.58886
500,line_97_c10,186,1165,2930,286.455995,2291.64796
500,line_97_c10,187,1166,2932,287.714969,2301.71975
500,line_97_c10,188,1167,2934,288.975354,2311.80283
500,line_97_c10,189,1168,2936,290.236962,2321.89569
500,line_97_c10,190,1169,2938,291.499594,2331.99676
500,line_97_c10,191,1170,2940,292.763047,2342.10437
500,line_97_c10,192,1171,2942,294.027102,2352.21682
500,line_97_c10,193,1172,2944,295.291536,2362.33229
500,line_97_c10,194,1173,2946,296.556112,2372.4489
500,line_97_c10,195,1174,2948,297.820588,2382.56471
500,line_97_c10,196,1175,2950,299.08471,2392.67768
500,line_97_c10,197,1176,2952,300.348215,2402.78572
500,line_97_c10,198,1177,2954,301.610831,2412.88665
500,line_97_c10,199,1178,2956,302.87228,2422.97824
500,line_97_c10,200,1179,2958,304.132274,2433.05819
500,line_97_c10,201,1180,2960,305.390518,2443.12415
500,line_97_c10,202,1181,2962,306.64671,2453.17368
500,line_97_c10,203,1182,2964,307.90054,2463.20432
500,line_97_c10,204,1183,2966,309.151693,2473.21355
500,line_97_c10,205,1184,2968,310.399848,2483.19879
500,line_97_c10,206,1185,2970,311.644678,2493.15742
500,line_97_c10,207,1186,2972,312.885851,2503.0868
500,line_97_c10,208,1187,2974,314.123029,2512.98423
500,line_97_c10,209,1188,2976,315.355874,2522.84699
500,line_97_c10,210,1189,2978,316.58404,2532.67232
500,line_97_c10,211,1190,2980,317.807183,2542.45746
500,line_97_c10,212,1191,2982,319.024953,2552.19962
500,line_97_c10,213,1192,2984,320.237,2561.896
500,line_97_c10,214,1193,2986,321.442976,2571.54381
500,line_97_c10,215,1194,2988,322.64253,2581.14024
500,line_97_c10,216,1195,2990,323.835314,2590.68251
500,line_97_c10,217,1196,2992,325.02098,2600.16784
500,line_97_c10,218,1197,2994,326.199182,2609.59345
500,line_97_c10,219,1198,2996,327.369577,2618.95661
500,line_97_c10,220,1199,2998,328.531826,2628.25461
500,line_97_c10,221,1200,3000,329.685594,2637.48475
500,line_97_c10,222,1201,3002,330.830551,2646.64441
500,line_97_c10,223,1202,3004,331.966371,2655.73097
500,line_97_c10,224,1203,3006,333.092737,2664.74189
500,line_97_c10,225,1204,3008,334.209336,2673.67469
500,line_97_c10,226,1205,3010,335.315865,2682.52692
500,line_97_c10,227,1206,3012,336.412028,2691.29622
500,line_97_c10,228,1207,3014,337.497539,2699.98031
500,line_97_c10,229,1208,3016,338.572121,2708.57697
500,line_97_c10,230,1209,3018,339.635507,2717.08406
500,line_97_c10,231,1210,3020,340.687443,2725.49954
500,line_97_c10,232,1211,3022,341.727683,2733.82147
500,line_97_c10,233,1212,3024,342.755998,2742.04798
500,line_97_c10,234,1213,3026,343.772167,2750.17733
500,line_97_c10,235,1214,3028,344.775984,2758.20787
500,line_97_c10,236,1215,3030,345.767258,2766.13806
500,line_97_c10,237,1216,3032,346.74581,2773.96648
500,line_97_c10,238,1217,3034,347.711478,2781.69183
500,line_97_c10,239,1218,3036,348.664115,2789.31292
500,line_97_c10,240,1219,3038,349.603587,2796.8287
500,line_97_c10,241,1220,3040,350.52978,2804.23824
500,line_97_c10,242,1221,3042,351.442595,2811.54076
500,line_97_c10,243,1222,3044,352.341948,2818.73559
500,line_97_c10,244,1223,3046,353.227776,2825.82221
500,line_97_c10,245,1224,3048,354.10003,2832.80024
500,line_97_c10,246,1225,3050,354.958681,2839.66945
500,line_97_c10,247,1226,3052,355.803717,2846.42973
500,line_97_c10,248,1227,3054,356.635144,2853.08115
500,line_97_c10,249,1228,3056,357.452987,2859.62389
500,line_97_c10,250,1229,3058,358.257289,2866.05831
500,line_97_c10,251,1230,3060,359.048112,2872.3849
500,line_97_c10,252,1231,3062,359.825537,2878.6043
500,line_97_c10,253,1232,3064,360.589663,2884.7173
500,line_97_c10,254,1233,3066,361.340607,2890.72486
500,line_97_c10,255,1234,3068,362.078506,2896.62804
500,line_97_c10,256,1235,3070,362.803513,2902.4281
500,line_97_c10,257,1236,3072,363.515802,2908.12642
500,line_97_c10,258,1237,3074,364.215564,2913.72451
500,line_97_c10,259,1238,3076,364.903008,2919.22406
500,line_97_c10,260,1239,3078,365.57836,2924.62688
500,line_97_c10,261,1240,3080,366.241865,2929.93492
500,line_97_c10,262,1241,3082,366.893785,2935.15028
500,line_97_c10,263,1242,3084,367.534397,2940.27517
500,line_97_c10,264,1243,3086,368.163996,2945.31197
500,line_97_c10,265,1244,3088,368.782893,2950.26314
500,line_97_c10,266,1245,3090,369.391415,2955.13132
500,line_97_c10,267,1246,3092,369.989902,2959.91922
500,line_97_c10,268,1247,3094,370.578712,2964.6297
500,line_97_c10,269,1248,3096,371.158214,2969.26571
500,line_97_c10,270,1249,3098,371.728791,2973.83033
500,line_97_c10,271,1250,3100,372.29084,2978.32672
500,line_97_c10,272,1251,3102,372.84477,2982.75816
500,line_97_c10,273,1252,3104,373.391,2987.128
500,line_97_c10,274,1253,3106,373.929961,2991.43969
500,line_97_c10,275,1254,3108,374.462094,2995.69675
500,line_97_c10,276,1255,3110,374.987849,2999.90279
500,line_97_c10,277,1256,3112,375.507686,3004.06149
500,line_97_c10,278,1257,3114,376.02207,3008.17656
500,line_97_c10,279,1258,3116,376.531475,3012.2518
500,line_97_c10,280,1259,3118,377.036379,3016.29103
500,line_97_c10,281,1260,3120,377.537268,3020.29814
500,line_97_c10,282,1261,3122,378.034629,3024.27704
500,line_97_c10,283,1262,3124,378.528956,3028.23165
500,line_97_c10,284,1263,3126,379.020743,3032.16594
500,line_97_c10,285,1264,3128,379.510485,3036.08388
500,line_97_c10,286,1265,3130,379.998681,3039.98945
500,line_97_c10,287,1266,3132,380.485827,3043.88662
500,line_97_c10,288,1267,3134,380.972418,3047.77934
500,line_97_c10,289,1268,3136,381.458946,3051.67157
500,line_97_c10,290,1269,3138,381.945902,3055.56721
500,line_97_c10,291,1270,3140,382.43377,3059.47016
500,line_97_c10,292,1271,3142,382.923032,3063.38426
500,line_97_c10,293,1272,3144,383.414161,3067.31328
500,line_97_c10,294,1273,3146,383.907622,3071.26098
500,line_97_c10,295,1274,3148,384.403876,3075.23101
500,line_97_c10,296,1275,3150,384.903372,3079.22697
500,line_97_c10,297,1276,3152,385.406549,3083.25239
500,line_97_c10,298,1277,3154,385.913835,3087.31068
500,line_97_c10,299,1278,3156,386.425648,3091.40518
500,line_97_c10,300,1279,3158,386.94239,3095.53912
500,line_97_c10,301,1280,3160,387.464451,3099.71561
500,line_97_c10,302,1281,3162,387.992206,3103.93765
500,line_97_c10,303,1282,3164,388.526014,3108.20811
500,line_97_c10,304,1283,3166,389.066219,3112.52975
500,line_97_c10,305,1284,3168,389.613146,3116.90517
500,line_97_c10,306,1285,3170,390.167104,3121.33684
500,line_97_c10,307,1286,3172,390.728383,3125.82706
500,line_97_c10,308,1287,3174,391.297253,3130.37802
500,line_97_c10,309,1288,3176,391.873963,3134.99171
500,line_97_c10,310,1289,3178,392.458745,3139.66996
500,line_97_c10,311,1290,3180,393.051804,3144.41443
500,line_97_c10,312,1291,3182,393.653328,3149.22662
500,line_97_c10,313,1292,3184,394.263479,3154.10784
500,line_97_c10,314,1293,3186,394.882399,3159.05919
500,line_97_c10,315,1294,3188,395.510204,3164.08163
500,line_97_c10,316,1295,3190,396.146986,3169.17589
500,line_97_c10,317,1296,3192,396.792817,3174.34254
500,line_97_c10,318,1297,3194,397.44774,3179.58192
500,line_97_c10,319,1298,3196,398.111776,3184.89421
500,line_97_c10,320,1299,3198,398.784919,3190.27936
500,line_97_c10,321,1300,3200,399.467138,3195.7371
500,line_97_c10,322,1301,3202,400.158376,3201.267
500,line_97_c10,323,1302,3204,400.85855,3206.8684
500,line_97_c10,324,1303,3206,401.567552,3212.54041
500,line_97_c10,325,1304,3208,402.285247,3218.28198
500,line_97_c10,326,1305,3210,403.011476,3224.09181
500,line_97_c10,327,1306,3212,403.746054,3229.96843
500,line_97_c10,328,1307,3214,404.488769,3235.91015
500,line_97_c10,329,1308,3216,405.239384,3241.91508
500,line_97_c10,330,1309,3218,405.997639,3247.98111
500,line_97_c10,331,1310,3220,406.763249,3254.10599
500,line_97_c10,332,1311,3222,407.535903,3260.28722
500,line_97_c10,333,1312,3224,408.315268,3266.52214
500,line_97_c10,334,1313,3226,409.100984,3272.80787
500,line_97_c10,335,1314,3228,409.892671,3279.14137
500,line_97_c10,336,1315,3230,410.689926,3285.51941
500,line_97_c10,337,1316,3232,411.492324,3291.9386
500,line_97_c10,338,1317,3234,412.29942,3298.39536
500,line_97_c10,339,1318,3236,413.110748,3304.88598
500,line_97_c10,340,1319,3238,413.92582,3311.40656
500,line_97_c10,341,1320,3240,414.744131,3317.95305
500,line_97_c10,342,1321,3242,415.565155,3324.52124
500,line_97_c10,343,1322,3244,416.388351,3331.10681
500,line_97_c10,344,1323,3246,417.213161,3337.70529
500,line_97_c10,345,1324,3248,418.039011,3344.31209
500,line_97_c10,346,1325,3250,418.865313,3350.92251
500,line_97_c10,347,1326,3252,419.691467,3357.53173
500,line_97_c10,348,1327,3254,420.516856,3364.13485
500,line_97_c10,349,1328,3256,421.340855,3370.72684
500,line_97_c10,350,1329,3258,422.162826,3377.30261
500,line_97_c10,351,1330,3260,422.982123,3383.85698
500,line_97_c10,352,1331,3262,423.79809,3390.38472
500,line_97_c10,353,1332,3264,424.610065,3396.88052
500,line_97_c10,354,1333,3266,425.417381,3403.33905
500,line_97_c10,355,1334,3268,426.219365,3409.75492
500,line_97_c10,356,1335,3270,427.015338,3416.12271
500,line_97_c10,357,1336,3272,427.804624,3422.43699
500,line_97_c10,358,1337,3274,428.586539,3428.69231
500,line_97_c10,359,1338,3276,429.500472,3436.00378
500,line_97_c10,360,1339,3278,430.420142,3443.36114
500,line_97_c10,361,1340,3280,431.121366,3448.97093
500,line_97_c10,362,1341,3282,432.07426,3456.59408
500,line_97_c10,363,1342,3284,433.03089,3464.24712
500,line_97_c10,364,1343,3286,434.011876,3472.09501
500,line_97_c10,365,1344,3288,434.92328,3479.38624
500,line_97_c10,366,1345,3290,436.100477,3488.80382
500,line_97_c10,367,1346,3292,437.093654,3496.74924
500,line_97_c10,368,1347,3294,438.327171,3506.61737
500,line_97_c10,369,1348,3296,439.653532,3517.22826
